*design* DebussyLib (btIdent Verdi_O-2018.09-SP2)
Command arguments:
    +define+verilog
    -f arm926fpga.f
        +libext+.v
        +incdir+../ARM926EJS/ARM926EJS/verilog/MAIN_ARM926EJS
        +incdir+../ARM926EJS/ARM926EJS/verilog/ARM9EJS
        +incdir+../ARM926EJS/ARM926EJS/verilog/CP15
        +incdir+../ARM926EJS/ARM926EJS/verilog/ETM9
        +incdir+../ARM926EJS/ARM926EJS/verilog/tbenchfpga
        +incdir+../ARM926EJS/ARM926EJS/verilog/TestChip
        +incdir+../ARM926EJS/ARM926EJS/verilog/lmxcv3200_79a/arm926fpga1
        +incdir+../ARM926EJS/ARM926EJS/verilog/lmxcv3200_79a/fpga2
        +incdir+../ARM926EJS/ARM926EJS/verilog/lmxcv3200_79a
        +incdir+../ARM926EJS/ARM926EJS/verilog/lmxcv3200_79a/oscar
        +incdir+/home/synopsys/syn/O-2018.06-SP1/dw/dw01/src_ver
        +incdir+/home/synopsys/syn/O-2018.06-SP1/packages/gtech/src_ver
        ../ARM926EJS/ARM926EJS/verilog/a926dffs/a926dffnrx1.v
        ../ARM926EJS/ARM926EJS/verilog/a926dffs/a926dffrnx1.v
        ../ARM926EJS/ARM926EJS/verilog/a926dffs/a926dffrnx2.v
        ../ARM926EJS/ARM926EJS/verilog/a926dffs/a926dffrnx3.v
        ../ARM926EJS/ARM926EJS/verilog/a926dffs/a926dffrnx32.v
        ../ARM926EJS/ARM926EJS/verilog/a926dffs/a926dffrnx4.v
        ../ARM926EJS/ARM926EJS/verilog/a926dffs/a926dffrnx5.v
        ../ARM926EJS/ARM926EJS/verilog/a926dffs/a926dffrnx6.v
        ../ARM926EJS/ARM926EJS/verilog/a926dffs/a926dffrnx8.v
        ../ARM926EJS/ARM926EJS/verilog/a926dffs/a926dffrx1.v
        ../ARM926EJS/ARM926EJS/verilog/a926dffs/a926dffrx2.v
        ../ARM926EJS/ARM926EJS/verilog/a926dffs/a926dffrx3.v
        ../ARM926EJS/ARM926EJS/verilog/a926dffs/a926dffrx32.v
        ../ARM926EJS/ARM926EJS/verilog/a926dffs/a926dffrx4.v
        ../ARM926EJS/ARM926EJS/verilog/a926dffs/a926dffrx5.v
        ../ARM926EJS/ARM926EJS/verilog/a926dffs/a926dffrx8.v
        ../ARM926EJS/ARM926EJS/verilog/a926dffs/a926dffsnx1.v
        ../ARM926EJS/ARM926EJS/verilog/a926dffs/a926dffsnx32.v
        ../ARM926EJS/ARM926EJS/verilog/a926dffs/a926dffsx1.v
        ../ARM926EJS/ARM926EJS/verilog/a926dffs/a926dffsx32.v
        ../ARM926EJS/ARM926EJS/verilog/a926dffs/a926dffx1.v
        ../ARM926EJS/ARM926EJS/verilog/a926dffs/a926dffx11.v
        ../ARM926EJS/ARM926EJS/verilog/a926dffs/a926dffx12.v
        ../ARM926EJS/ARM926EJS/verilog/a926dffs/a926dffx2.v
        ../ARM926EJS/ARM926EJS/verilog/a926dffs/a926dffx20.v
        ../ARM926EJS/ARM926EJS/verilog/a926dffs/a926dffx22.v
        ../ARM926EJS/ARM926EJS/verilog/a926dffs/a926dffx3.v
        ../ARM926EJS/ARM926EJS/verilog/a926dffs/a926dffx32.v
        ../ARM926EJS/ARM926EJS/verilog/a926dffs/a926dffx4.v
        ../ARM926EJS/ARM926EJS/verilog/a926dffs/a926dffx5.v
        ../ARM926EJS/ARM926EJS/verilog/a926dffs/a926dffx6.v
        ../ARM926EJS/ARM926EJS/verilog/a926dffs/a926dffx9.v
        ../ARM926EJS/ARM926EJS/verilog/a926dffs/a926gdffrnx1.v
        ../ARM926EJS/ARM926EJS/verilog/a926dffs/a926gdffrnx10.v
        ../ARM926EJS/ARM926EJS/verilog/a926dffs/a926gdffrnx12.v
        ../ARM926EJS/ARM926EJS/verilog/a926dffs/a926gdffrnx15.v
        ../ARM926EJS/ARM926EJS/verilog/a926dffs/a926gdffrnx16.v
        ../ARM926EJS/ARM926EJS/verilog/a926dffs/a926gdffrnx18.v
        ../ARM926EJS/ARM926EJS/verilog/a926dffs/a926gdffrnx19.v
        ../ARM926EJS/ARM926EJS/verilog/a926dffs/a926gdffrnx2.v
        ../ARM926EJS/ARM926EJS/verilog/a926dffs/a926gdffrnx20.v
        ../ARM926EJS/ARM926EJS/verilog/a926dffs/a926gdffrnx21.v
        ../ARM926EJS/ARM926EJS/verilog/a926dffs/a926gdffrnx22.v
        ../ARM926EJS/ARM926EJS/verilog/a926dffs/a926gdffrnx23.v
        ../ARM926EJS/ARM926EJS/verilog/a926dffs/a926gdffrnx27.v
        ../ARM926EJS/ARM926EJS/verilog/a926dffs/a926gdffrnx3.v
        ../ARM926EJS/ARM926EJS/verilog/a926dffs/a926gdffrnx30.v
        ../ARM926EJS/ARM926EJS/verilog/a926dffs/a926gdffrnx32.v
        ../ARM926EJS/ARM926EJS/verilog/a926dffs/a926gdffrnx34.v
        ../ARM926EJS/ARM926EJS/verilog/a926dffs/a926gdffrnx4.v
        ../ARM926EJS/ARM926EJS/verilog/a926dffs/a926gdffrnx48.v
        ../ARM926EJS/ARM926EJS/verilog/a926dffs/a926gdffrnx5.v
        ../ARM926EJS/ARM926EJS/verilog/a926dffs/a926gdffrnx6.v
        ../ARM926EJS/ARM926EJS/verilog/a926dffs/a926gdffrnx7.v
        ../ARM926EJS/ARM926EJS/verilog/a926dffs/a926gdffrnx8.v
        ../ARM926EJS/ARM926EJS/verilog/a926dffs/a926gdffrnx9.v
        ../ARM926EJS/ARM926EJS/verilog/a926dffs/a926gdffrx1.v
        ../ARM926EJS/ARM926EJS/verilog/a926dffs/a926gdffrx10.v
        ../ARM926EJS/ARM926EJS/verilog/a926dffs/a926gdffrx16.v
        ../ARM926EJS/ARM926EJS/verilog/a926dffs/a926gdffrx18.v
        ../ARM926EJS/ARM926EJS/verilog/a926dffs/a926gdffrx2.v
        ../ARM926EJS/ARM926EJS/verilog/a926dffs/a926gdffrx21.v
        ../ARM926EJS/ARM926EJS/verilog/a926dffs/a926gdffrx22.v
        ../ARM926EJS/ARM926EJS/verilog/a926dffs/a926gdffrx27.v
        ../ARM926EJS/ARM926EJS/verilog/a926dffs/a926gdffrx3.v
        ../ARM926EJS/ARM926EJS/verilog/a926dffs/a926gdffrx30.v
        ../ARM926EJS/ARM926EJS/verilog/a926dffs/a926gdffrx32.v
        ../ARM926EJS/ARM926EJS/verilog/a926dffs/a926gdffrx4.v
        ../ARM926EJS/ARM926EJS/verilog/a926dffs/a926gdffrx5.v
        ../ARM926EJS/ARM926EJS/verilog/a926dffs/a926gdffrx6.v
        ../ARM926EJS/ARM926EJS/verilog/a926dffs/a926gdffrx7.v
        ../ARM926EJS/ARM926EJS/verilog/a926dffs/a926gdffrx8.v
        ../ARM926EJS/ARM926EJS/verilog/a926dffs/a926gdffsnx1.v
        ../ARM926EJS/ARM926EJS/verilog/a926dffs/a926gdffsnx2.v
        ../ARM926EJS/ARM926EJS/verilog/a926dffs/a926gdffsnx3.v
        ../ARM926EJS/ARM926EJS/verilog/a926dffs/a926gdffsnx32.v
        ../ARM926EJS/ARM926EJS/verilog/a926dffs/a926gdffsx1.v
        ../ARM926EJS/ARM926EJS/verilog/a926dffs/a926gdffsx3.v
        ../ARM926EJS/ARM926EJS/verilog/a926dffs/a926gdffsx32.v
        ../ARM926EJS/ARM926EJS/verilog/a926dffs/a926gdffx1.v
        ../ARM926EJS/ARM926EJS/verilog/a926dffs/a926gdffx10.v
        ../ARM926EJS/ARM926EJS/verilog/a926dffs/a926gdffx11.v
        ../ARM926EJS/ARM926EJS/verilog/a926dffs/a926gdffx112.v
        ../ARM926EJS/ARM926EJS/verilog/a926dffs/a926gdffx12.v
        ../ARM926EJS/ARM926EJS/verilog/a926dffs/a926gdffx16.v
        ../ARM926EJS/ARM926EJS/verilog/a926dffs/a926gdffx2.v
        ../ARM926EJS/ARM926EJS/verilog/a926dffs/a926gdffx20.v
        ../ARM926EJS/ARM926EJS/verilog/a926dffs/a926gdffx22.v
        ../ARM926EJS/ARM926EJS/verilog/a926dffs/a926gdffx26.v
        ../ARM926EJS/ARM926EJS/verilog/a926dffs/a926gdffx27.v
        ../ARM926EJS/ARM926EJS/verilog/a926dffs/a926gdffx28.v
        ../ARM926EJS/ARM926EJS/verilog/a926dffs/a926gdffx3.v
        ../ARM926EJS/ARM926EJS/verilog/a926dffs/a926gdffx30.v
        ../ARM926EJS/ARM926EJS/verilog/a926dffs/a926gdffx31.v
        ../ARM926EJS/ARM926EJS/verilog/a926dffs/a926gdffx32.v
        ../ARM926EJS/ARM926EJS/verilog/a926dffs/a926gdffx37.v
        -sv
        ../ARM926EJS/ARM926EJS/verilog/a926dffs/a926gdffx38.v
        ../ARM926EJS/ARM926EJS/verilog/a926dffs/a926gdffx4.v
        ../ARM926EJS/ARM926EJS/verilog/a926dffs/a926gdffx5.v
        ../ARM926EJS/ARM926EJS/verilog/a926dffs/a926gdffx56.v
        ../ARM926EJS/ARM926EJS/verilog/a926dffs/a926gdffx7.v
        ../ARM926EJS/ARM926EJS/verilog/a926dffs/a926gdffx75.v
        ../ARM926EJS/ARM926EJS/verilog/a926dffs/a926gdffx77.v
        ../ARM926EJS/ARM926EJS/verilog/a926dffs/a926gdffx8.v
        ../ARM926EJS/ARM926EJS/verilog/a926dffs/a926gdffx9.v
        ../ARM926EJS/ARM926EJS/verilog/ARM9EJS/ARM9EJS.v
        ../ARM926EJS/ARM926EJS/verilog/ARM9EJS/a9ejsAGU.v
        ../ARM926EJS/ARM926EJS/verilog/ARM9EJS/a9ejsAU.v
        ../ARM926EJS/ARM926EJS/verilog/ARM9EJS/a9ejsArmShifter.v
        ../ARM926EJS/ARM926EJS/verilog/ARM9EJS/a9ejsCLZ.v
        ../ARM926EJS/ARM926EJS/verilog/ARM9EJS/a9ejsClkBlk.v
        -sv
        ../ARM926EJS/ARM926EJS/verilog/ARM9EJS/a9ejsConstants.v
        ../ARM926EJS/ARM926EJS/verilog/ARM9EJS/a9ejsCoreCtl.v
        ../ARM926EJS/ARM926EJS/verilog/ARM9EJS/a9ejsCoreDP.v
        ../ARM926EJS/ARM926EJS/verilog/ARM9EJS/a9ejsDbg.v
        ../ARM926EJS/ARM926EJS/verilog/ARM9EJS/a9ejsDbgCommsctl.v
        ../ARM926EJS/ARM926EJS/verilog/ARM9EJS/a9ejsDbgCommsdp.v
        ../ARM926EJS/ARM926EJS/verilog/ARM9EJS/a9ejsDbgctl.v
        ../ARM926EJS/ARM926EJS/verilog/ARM9EJS/a9ejsDbgdp.v
        ../ARM926EJS/ARM926EJS/verilog/ARM9EJS/a9ejsDefs.v
        ../ARM926EJS/ARM926EJS/verilog/ARM9EJS/a9ejsExecute.v
        ../ARM926EJS/ARM926EJS/verilog/ARM9EJS/a9ejsFwd.v
        ../ARM926EJS/ARM926EJS/verilog/ARM9EJS/a9ejsICEctl.v
        ../ARM926EJS/ARM926EJS/verilog/ARM9EJS/a9ejsICEdp.v
        ../ARM926EJS/ARM926EJS/verilog/ARM9EJS/a9ejsIMM.v
        ../ARM926EJS/ARM926EJS/verilog/ARM9EJS/a9ejsIPipe.v
        ../ARM926EJS/ARM926EJS/verilog/ARM9EJS/a9ejsISyncr.v
        -sv
        ../ARM926EJS/ARM926EJS/verilog/ARM9EJS/a9ejsJArrayBndChk.v
        ../ARM926EJS/ARM926EJS/verilog/ARM9EJS/a9ejsJDec.v
        ../ARM926EJS/ARM926EJS/verilog/ARM9EJS/a9ejsJInBuf.v
        ../ARM926EJS/ARM926EJS/verilog/ARM9EJS/a9ejsJNullPtr.v
        ../ARM926EJS/ARM926EJS/verilog/ARM9EJS/a9ejsJStack.v
        ../ARM926EJS/ARM926EJS/verilog/ARM9EJS/a9ejsLU.v
        ../ARM926EJS/ARM926EJS/verilog/ARM9EJS/a9ejsLogStatus.v
        ../ARM926EJS/ARM926EJS/verilog/ARM9EJS/a9ejsMASeq.v
        ../ARM926EJS/ARM926EJS/verilog/ARM9EJS/a9ejsMainSeq.v
        ../ARM926EJS/ARM926EJS/verilog/ARM9EJS/a9ejsMem.v
        ../ARM926EJS/ARM926EJS/verilog/ARM9EJS/a9ejsMulCtl.v
        ../ARM926EJS/ARM926EJS/verilog/ARM9EJS/a9ejsMulDP.v
        ../ARM926EJS/ARM926EJS/verilog/ARM9EJS/a9ejsPSR.v
        ../ARM926EJS/ARM926EJS/verilog/ARM9EJS/a9ejsPipeCtl.v
        ../ARM926EJS/ARM926EJS/verilog/ARM9EJS/a9ejsREG.v
        ../ARM926EJS/ARM926EJS/verilog/ARM9EJS/a9ejsRam3r2wSDff.v
        ../ARM926EJS/ARM926EJS/verilog/ARM9EJS/a9ejsRegBank.v
        ../ARM926EJS/ARM926EJS/verilog/ARM9EJS/a9ejsRegC.v
        ../ARM926EJS/ARM926EJS/verilog/ARM9EJS/a9ejsRegFwd.v
        ../ARM926EJS/ARM926EJS/verilog/ARM9EJS/a9ejsSat.v
        ../ARM926EJS/ARM926EJS/verilog/ARM9EJS/a9ejsSatTimes2.v
        ../ARM926EJS/ARM926EJS/verilog/ARM9EJS/a9ejsShALUADec.v
        ../ARM926EJS/ARM926EJS/verilog/ARM9EJS/a9ejsShALUCtl.v
        -sv
        ../ARM926EJS/ARM926EJS/verilog/ARM9EJS/a9ejsShALUDefs.v
        ../ARM926EJS/ARM926EJS/verilog/ARM9EJS/a9ejsShALUSeq.v
        ../ARM926EJS/ARM926EJS/verilog/ARM9EJS/a9ejsShALUTDec.v
        ../ARM926EJS/ARM926EJS/verilog/ARM9EJS/a9ejsShifter.v
        ../ARM926EJS/ARM926EJS/verilog/ARM9EJS/a9ejsTapScanctl.v
        ../ARM926EJS/ARM926EJS/verilog/ARM9EJS/a9ejsTapScandp.v
        ../ARM926EJS/ARM926EJS/verilog/ARM9EJS/a9ejsWRegDec.v
        -sv
        ../ARM926EJS/ARM926EJS/verilog/ARM9EJS/a9ejsWRegDecoder.v
        ../ARM926EJS/ARM926EJS/verilog/ARM9EJS/a9ejsWptctl.v
        ../ARM926EJS/ARM926EJS/verilog/ARM9EJS/a9ejsWptdp.v
        ../ARM926EJS/ARM926EJS/verilog/TCM/PartialTestCell.v
        ../ARM926EJS/ARM926EJS/verilog/TCM/PartialTestCell18.v
        ../ARM926EJS/ARM926EJS/verilog/TCM/a926ejsTCM.v
        ../ARM926EJS/ARM926EJS/verilog/TCM/a926ejsTCMCtrl.v
        ../ARM926EJS/ARM926EJS/verilog/TCM/a926ejsTCMWB.v
        ../ARM926EJS/ARM926EJS/verilog/BIU/a926ejsBIU.v
        ../ARM926EJS/ARM926EJS/verilog/BIU/a926ejsDBIU.v
        ../ARM926EJS/ARM926EJS/verilog/BIU/a926ejsIBIU.v
        ../ARM926EJS/ARM926EJS/verilog/IExt/a926ejsIExt.v
        ../ARM926EJS/ARM926EJS/verilog/IExt/a926ejsIExtFifo.v
        ../ARM926EJS/ARM926EJS/verilog/DExt/a926ejsDExt.v
        -sv
        ../ARM926EJS/ARM926EJS/verilog/DExt/a926ejsDExtAddrFifo.v
        ../ARM926EJS/ARM926EJS/verilog/DExt/a926ejsDExtDataFifo.v
        ../ARM926EJS/ARM926EJS/verilog/DExt/a926ejsDExtWB.v
        ../ARM926EJS/ARM926EJS/verilog/ETMIF/a926ejsETMIF.v
        ../ARM926EJS/ARM926EJS/verilog/Cache/DataRam128k.v
        ../ARM926EJS/ARM926EJS/verilog/Cache/DirtyRam128k.v
        ../ARM926EJS/ARM926EJS/verilog/Cache/TagRam128k.v
        ../ARM926EJS/ARM926EJS/verilog/Cache/ValidRam128k.v
        ../ARM926EJS/ARM926EJS/verilog/Cache/a926CacheBiuIntf.v
        ../ARM926EJS/ARM926EJS/verilog/Cache/a926CacheDataIntf.v
        ../ARM926EJS/ARM926EJS/verilog/Cache/a926CacheDirtyIntf.v
        ../ARM926EJS/ARM926EJS/verilog/Cache/a926CacheEWB.v
        ../ARM926EJS/ARM926EJS/verilog/Cache/a926CacheFB.v
        ../ARM926EJS/ARM926EJS/verilog/Cache/a926CachePWB.v
        -sv
        ../ARM926EJS/ARM926EJS/verilog/Cache/a926CacheRGen.v
        ../ARM926EJS/ARM926EJS/verilog/Cache/a926CacheRamGasket.v
        ../ARM926EJS/ARM926EJS/verilog/Cache/a926CacheTagIntf.v
        ../ARM926EJS/ARM926EJS/verilog/Cache/a926CacheUTag.v
        ../ARM926EJS/ARM926EJS/verilog/Cache/a926CacheValidIntf.v
        ../ARM926EJS/ARM926EJS/verilog/Cache/a926DCache.v
        ../ARM926EJS/ARM926EJS/verilog/Cache/a926DataCache.v
        ../ARM926EJS/ARM926EJS/verilog/Cache/a926ICache.v
        ../ARM926EJS/ARM926EJS/verilog/Cache/a926InstrCache.v
        ../ARM926EJS/ARM926EJS/verilog/CP15/a926ejsCP15.v
        ../ARM926EJS/ARM926EJS/verilog/CP15/a926ejsCPctl.v
        ../ARM926EJS/ARM926EJS/verilog/CP15/a926ejsCPdp.v
        -sv
        ../ARM926EJS/ARM926EJS/verilog/CP15/a926ejsCPheader.v
        ../ARM926EJS/ARM926EJS/verilog/CP15/a926ejsCPjtag.v
        ../ARM926EJS/ARM926EJS/verilog/MMU/a926ejsMMU.v
        ../ARM926EJS/ARM926EJS/verilog/MMU/a926ejsMRAM.v
        ../ARM926EJS/ARM926EJS/verilog/MMU/a926ejsRAM.v
        ../ARM926EJS/ARM926EJS/verilog/MMU/a926ejsUTLB.v
        ../ARM926EJS/ARM926EJS/verilog/MMU/a926ejsUTLBentry.v
        ../ARM926EJS/ARM926EJS/verilog/ETM9/ETM9.v
        ../ARM926EJS/ARM926EJS/verilog/ETM9/Etm9AddrCompress.v
        ../ARM926EJS/ARM926EJS/verilog/ETM9/Etm9BufOut.v
        ../ARM926EJS/ARM926EJS/verilog/ETM9/Etm9Control.v
        ../ARM926EJS/ARM926EJS/verilog/ETM9/Etm9Defs-large.v
        ../ARM926EJS/ARM926EJS/verilog/ETM9/Etm9Defs-medium.v
        ../ARM926EJS/ARM926EJS/verilog/ETM9/Etm9Defs-small.v
        ../ARM926EJS/ARM926EJS/verilog/ETM9/Etm9Fifo.v
        ../ARM926EJS/ARM926EJS/verilog/ETM9/Etm9Jtag.v
        ../ARM926EJS/ARM926EJS/verilog/ETM9/Etm9Sync.v
        -sv
        ../ARM926EJS/ARM926EJS/verilog/ETM9/Etm9Trace.v
        ../ARM926EJS/ARM926EJS/verilog/ETM9/Etm9TraceOut.v
        ../ARM926EJS/ARM926EJS/verilog/ETM9/EtmAcaPipe.v
        ../ARM926EJS/ARM926EJS/verilog/ETM9/EtmAddCmpAsy.v
        ../ARM926EJS/ARM926EJS/verilog/ETM9/EtmAddrComp.v
        ../ARM926EJS/ARM926EJS/verilog/ETM9/EtmBuffer.v
        ../ARM926EJS/ARM926EJS/verilog/ETM9/EtmBufferRst1.v
        ../ARM926EJS/ARM926EJS/verilog/ETM9/EtmCounter.v
        ../ARM926EJS/ARM926EJS/verilog/ETM9/EtmDataComp.v
        ../ARM926EJS/ARM926EJS/verilog/ETM9/EtmDefs.v
        ../ARM926EJS/ARM926EJS/verilog/ETM9/EtmEventGen.v
        -sv
        ../ARM926EJS/ARM926EJS/verilog/ETM9/EtmEventGenMux.v
        ../ARM926EJS/ARM926EJS/verilog/ETM9/EtmFfEn.v
        ../ARM926EJS/ARM926EJS/verilog/ETM9/EtmSequencer.v
        ../ARM926EJS/ARM926EJS/verilog/ETM9/EtmTraceEn.v
        ../ARM926EJS/ARM926EJS/verilog/ETM9/EtmTrigger.v
        ../ARM926EJS/ARM926EJS/verilog/ETM9/EtmViewData.v
        ../ARM926EJS/ARM926EJS/verilog/tbenchfpga/tbench.v
        ../ARM926EJS/ARM926EJS/verilog/tbenchfpga/EtmMonitor.v
        ../ARM926EJS/ARM926EJS/verilog/tbenchfpga/glbl.v
        ../ARM926EJS/ARM926EJS/verilog/TestChip/AHBTCMRoute.v
        ../ARM926EJS/ARM926EJS/verilog/TestChip/CLKINPAD.v
        ../ARM926EJS/ARM926EJS/verilog/TestChip/CLKOUTPAD.v
        ../ARM926EJS/ARM926EJS/verilog/TestChip/CoprocTBox.v
        ../ARM926EJS/ARM926EJS/verilog/TestChip/CoprocVal.v
        -sv
        ../ARM926EJS/ARM926EJS/verilog/TestChip/EtmMuxDelay.v
        ../ARM926EJS/ARM926EJS/verilog/TestChip/EtmMuxDemux.v
        ../ARM926EJS/ARM926EJS/verilog/TestChip/ExtArbiter.v
        ../ARM926EJS/ARM926EJS/verilog/TestChip/INPAD.v
        ../ARM926EJS/ARM926EJS/verilog/TestChip/LockCheckA926EJS.v
        ../ARM926EJS/ARM926EJS/verilog/TestChip/MLAHB.v
        ../ARM926EJS/ARM926EJS/verilog/TestChip/MLAHBDecoder.v
        ../ARM926EJS/ARM926EJS/verilog/TestChip/OUTPAD.v
        ../ARM926EJS/ARM926EJS/verilog/TestChip/SRamArbiter.v
        ../ARM926EJS/ARM926EJS/verilog/TestChip/TCMGasket.v
        ../ARM926EJS/ARM926EJS/verilog/TestChip/TOUTPAD.v
        ../ARM926EJS/ARM926EJS/verilog/TestChip/TestLogic.v
        ../ARM926EJS/ARM926EJS/verilog/TestChip/VFPtbench.v
        ../ARM926EJS/ARM926EJS/verilog/TestChip/a9sClkGen.v
        ../ARM926EJS/ARM926EJS/verilog/TestChip/a9sMICE.v
        ../ARM926EJS/ARM926EJS/verilog/TestChip/a9sPLL.v
        ../ARM926EJS/ARM926EJS/verilog/TestChip/a9sSynch.v
        ../ARM926EJS/ARM926EJS/verilog/MAIN_ARM926EJS/ARM926EJS.v
        ../ARM926EJS/ARM926EJS/verilog/ARM926EJS/ARM926EJSCore.v
        ../ARM926EJS/ARM926EJS/verilog/ARM926EJS/ARM9EJSwrap.v
        ../ARM926EJS/ARM926EJS/verilog/ARM926EJS/a926ejsClkBlk.v
        ../ARM926EJS/ARM926EJS/verilog/ARM926EJS/a926ejsClkGate.v
        ../ARM926EJS/ARM926EJS/verilog/ARM926EJS/a926ejsDRoute.v
        ../ARM926EJS/ARM926EJS/verilog/ARM926EJS/a926ejsIRoute.v
        ../ARM926EJS/ARM926EJS/verilog/ARM926EJS/a926ejsFCSE.v
        ../ARM926EJS/ARM926EJS/verilog/ARM926EJS/a926ejsSysCtl.v
        ../ARM926EJS/ARM926EJS/verilog/ARM926EJS/a926ejsSysDebug.v
        ../ARM926EJS/ARM926EJS/verilog/ARM926EJS/dummy_buffer.v
        ../ARM926EJS/ARM926EJS/verilog/ARM926EJS/TestWrapper.v
        -y /home/synopsys/syn/O-2018.06-SP1/dw/dw01/src_ver
        /home/ICer/work/RAM/RAM1_1024x32BWm8.v
        /home/ICer/work/RAM/RAM1_128x22.v
        /home/ICer/work/RAM/RAM1_128x8bW.v
        /home/ICer/work/RAM/RAM1_256x22.v
        /home/ICer/work/RAM/RAM1_32x24.v
        /home/ICer/work/RAM/RAM1_32x26.v
        /home/ICer/work/RAM/RAM1_32x30.v
        /home/synopsys/syn/O-2018.06-SP1/packages/gtech/src_ver/GTECH_MUX2.v
        /home/synopsys/syn/O-2018.06-SP1/packages/gtech/src_ver/GTECH_ADD_ABC.v
        /home/synopsys/syn/O-2018.06-SP1/packages/gtech/src_ver/GTECH_ADD_AB.v
        /home/synopsys/syn/O-2018.06-SP1/packages/gtech/src_ver/GTECH_UDP_MUX2.v
        /home/ICer/work/ARM926EJS/ARM926EJS/verilog/modelgen/disass/RH_Linux_x86/disass.v
        ../verilog/ahb_led.v
        ../verilog/ahb_sram_ctrl.v
        ../verilog/rom/rom_16KX32.v
        ../verilog/ram/RAM1_16Kx32B.v
        ../verilog/matrix_top.v
        ../verilog/soc_top.v
        ../test_arm/tbench_top.v
        /home/ICer/work/vivado/ahb_matrix/ahb_matrix.ip_user_files/bd/ahb_axi_matrix/ip/ahb_axi_matrix_axi_crossbar_0_0/sim/ahb_axi_matrix_axi_crossbar_0_0.v
        /home/ICer/work/vivado/ahb_matrix/ahb_matrix.ip_user_files/bd/ahb_axi_matrix/sim/ahb_axi_matrix.v
        /home/ICer/work/vivado/ahb_matrix/ahb_matrix.srcs/sources_1/bd/ahb_axi_matrix/hdl/ahb_axi_matrix_wrapper.v
    -f arm926fpga_vhdl.f
        /home/ICer/work/vivado/ahb_matrix/ahb_matrix.ip_user_files/bd/ahb_axi_matrix/ip/ahb_axi_matrix_ahblite_axi_bridge_0_0/sim/ahb_axi_matrix_ahblite_axi_bridge_0_0.vhd
        /home/ICer/work/vivado/ahb_matrix/ahb_matrix.ip_user_files/bd/ahb_axi_matrix/ip/ahb_axi_matrix_ahblite_axi_bridge_0_1/sim/ahb_axi_matrix_ahblite_axi_bridge_0_1.vhd
        /home/ICer/work/vivado/ahb_matrix/ahb_matrix.ip_user_files/bd/ahb_axi_matrix/ip/ahb_axi_matrix_axi_ahblite_bridge_0_0/sim/ahb_axi_matrix_axi_ahblite_bridge_0_0.vhd
        /home/ICer/work/vivado/ahb_matrix/ahb_matrix.ip_user_files/bd/ahb_axi_matrix/ip/ahb_axi_matrix_axi_ahblite_bridge_0_1/sim/ahb_axi_matrix_axi_ahblite_bridge_0_1.vhd
        /home/ICer/work/vivado/ahb_matrix/ahb_matrix.ip_user_files/bd/ahb_axi_matrix/ip/ahb_axi_matrix_axi_ahblite_bridge_1_0/sim/ahb_axi_matrix_axi_ahblite_bridge_1_0.vhd
        /home/ICer/work/vivado/ahb_matrix/ahb_matrix.ip_user_files/bd/ahb_axi_matrix/ip/ahb_axi_matrix_axi_ahblite_bridge_1_1/sim/ahb_axi_matrix_axi_ahblite_bridge_1_1.vhd
    -top
    tbench_top
    +fsdb+noindex


*Warning* macro FD_SIZE redefined from (6) to (5)
"../ARM926EJS/ARM926EJS/verilog/ETM9/Etm9Defs-medium.v", 60: 

*Warning* macro FIFO_SIZE redefined from (`FD_SIZE'd45) to (`FD_SIZE'd18)
"../ARM926EJS/ARM926EJS/verilog/ETM9/Etm9Defs-medium.v", 61: 

*Warning* macro IFP_SIZE redefined from (3) to (1)
"../ARM926EJS/ARM926EJS/verilog/ETM9/Etm9Defs-medium.v", 66: 

*Warning* macro BwAca redefined from (8) to (4)
"../ARM926EJS/ARM926EJS/verilog/ETM9/Etm9Defs-medium.v", 132: 

*Warning* macro BwMMDIN redefined from (16) to (8)
"../ARM926EJS/ARM926EJS/verilog/ETM9/Etm9Defs-medium.v", 133: 

*Warning* macro BwExtO redefined from (4) to (1)
"../ARM926EJS/ARM926EJS/verilog/ETM9/Etm9Defs-medium.v", 135: 

*Warning* macro NumAddCmp redefined from (4'd8) to (4'd4)
"../ARM926EJS/ARM926EJS/verilog/ETM9/Etm9Defs-medium.v", 145: 

*Warning* macro NumDataCmp redefined from (4'd8) to (4'd2)
"../ARM926EJS/ARM926EJS/verilog/ETM9/Etm9Defs-medium.v", 146: 

*Warning* macro NumMmd redefined from (5'd16) to (5'd8)
"../ARM926EJS/ARM926EJS/verilog/ETM9/Etm9Defs-medium.v", 147: 

*Warning* macro NumCntr redefined from (3'd4) to (3'd2)
"../ARM926EJS/ARM926EJS/verilog/ETM9/Etm9Defs-medium.v", 148: 

*Warning* macro NumExtOut redefined from (3'd4) to (3'd1)
"../ARM926EJS/ARM926EJS/verilog/ETM9/Etm9Defs-medium.v", 151: 

*Warning* macro LONG_WAITS redefined from (100) to (30)
"../ARM926EJS/ARM926EJS/verilog/ETM9/Etm9Defs-medium.v", 383: 

*Warning* macro FD_SIZE redefined from (5) to (4)
"../ARM926EJS/ARM926EJS/verilog/ETM9/Etm9Defs-small.v", 60: 

*Warning* macro FIFO_SIZE redefined from (`FD_SIZE'd18) to (`FD_SIZE'd9)
"../ARM926EJS/ARM926EJS/verilog/ETM9/Etm9Defs-small.v", 61: 

*Warning* macro BwAca redefined from (4) to (1)
"../ARM926EJS/ARM926EJS/verilog/ETM9/Etm9Defs-small.v", 127: 

*Warning* macro BwMMDIN redefined from (8) to (4)
"../ARM926EJS/ARM926EJS/verilog/ETM9/Etm9Defs-small.v", 128: 

*Warning* macro BwEXTIN redefined from (4) to (2)
"../ARM926EJS/ARM926EJS/verilog/ETM9/Etm9Defs-small.v", 129: 

*Warning* macro BwExtO redefined from (1) to (0)
"../ARM926EJS/ARM926EJS/verilog/ETM9/Etm9Defs-small.v", 130: 

*Warning* macro NumAddCmp redefined from (4'd4) to (4'd1)
"../ARM926EJS/ARM926EJS/verilog/ETM9/Etm9Defs-small.v", 140: 

*Warning* macro NumDataCmp redefined from (4'd2) to (4'd0)
"../ARM926EJS/ARM926EJS/verilog/ETM9/Etm9Defs-small.v", 141: 

*Warning* macro NumMmd redefined from (5'd8) to (5'd4)
"../ARM926EJS/ARM926EJS/verilog/ETM9/Etm9Defs-small.v", 142: 

*Warning* macro NumCntr redefined from (3'd2) to (3'd1)
"../ARM926EJS/ARM926EJS/verilog/ETM9/Etm9Defs-small.v", 143: 

*Warning* macro NumSeq redefined from (1'd1) to (1'd0)
"../ARM926EJS/ARM926EJS/verilog/ETM9/Etm9Defs-small.v", 144: 

*Warning* macro NumExtIn redefined from (3'd4) to (3'd2)
"../ARM926EJS/ARM926EJS/verilog/ETM9/Etm9Defs-small.v", 145: 

*Warning* macro NumExtOut redefined from (3'd1) to (3'd0)
"../ARM926EJS/ARM926EJS/verilog/ETM9/Etm9Defs-small.v", 146: 

*Warning* macro LONG_WAITS redefined from (30) to (10)
"../ARM926EJS/ARM926EJS/verilog/ETM9/Etm9Defs-small.v", 378: 

*Warning* macro FD_SIZE redefined from (4) to (6)
"../ARM926EJS/ARM926EJS/verilog/ETM9/EtmDefs.v", 60: 

*Warning* macro FIFO_SIZE redefined from (`FD_SIZE'd9) to (`FD_SIZE'd45)
"../ARM926EJS/ARM926EJS/verilog/ETM9/EtmDefs.v", 61: 

*Warning* macro IFP_SIZE redefined from (1) to (3)
"../ARM926EJS/ARM926EJS/verilog/ETM9/EtmDefs.v", 66: 

*Warning* macro BwAca redefined from (1) to (8)
"../ARM926EJS/ARM926EJS/verilog/ETM9/EtmDefs.v", 138: 

*Warning* macro BwMMDIN redefined from (4) to (16)
"../ARM926EJS/ARM926EJS/verilog/ETM9/EtmDefs.v", 139: 

*Warning* macro BwEXTIN redefined from (2) to (4)
"../ARM926EJS/ARM926EJS/verilog/ETM9/EtmDefs.v", 140: 

*Warning* macro BwExtO redefined from (0) to (4)
"../ARM926EJS/ARM926EJS/verilog/ETM9/EtmDefs.v", 141: 

*Warning* macro NumAddCmp redefined from (4'd1) to (4'd8)
"../ARM926EJS/ARM926EJS/verilog/ETM9/EtmDefs.v", 151: 

*Warning* macro NumDataCmp redefined from (4'd0) to (4'd8)
"../ARM926EJS/ARM926EJS/verilog/ETM9/EtmDefs.v", 152: 

*Warning* macro NumMmd redefined from (5'd4) to (5'd16)
"../ARM926EJS/ARM926EJS/verilog/ETM9/EtmDefs.v", 153: 

*Warning* macro NumCntr redefined from (3'd1) to (3'd4)
"../ARM926EJS/ARM926EJS/verilog/ETM9/EtmDefs.v", 154: 

*Warning* macro NumSeq redefined from (1'd0) to (1'd1)
"../ARM926EJS/ARM926EJS/verilog/ETM9/EtmDefs.v", 155: 

*Warning* macro NumExtIn redefined from (3'd2) to (3'd4)
"../ARM926EJS/ARM926EJS/verilog/ETM9/EtmDefs.v", 156: 

*Warning* macro NumExtOut redefined from (3'd0) to (3'd4)
"../ARM926EJS/ARM926EJS/verilog/ETM9/EtmDefs.v", 157: 

*Warning* macro LONG_WAITS redefined from (10) to (100)
"../ARM926EJS/ARM926EJS/verilog/ETM9/EtmDefs.v", 389: 

*Error* Syntax error at --
"/home/ICer/work/vivado/ahb_matrix/ahb_matrix.ip_user_files/bd/ahb_axi_matrix/ip/ahb_axi_matrix_ahblite_axi_bridge_0_0/sim/ahb_axi_matrix_ahblite_axi_bridge_0_0.vhd", 1: 

*Error* Syntax error at --
"/home/ICer/work/vivado/ahb_matrix/ahb_matrix.ip_user_files/bd/ahb_axi_matrix/ip/ahb_axi_matrix_ahblite_axi_bridge_0_0/sim/ahb_axi_matrix_ahblite_axi_bridge_0_0.vhd", 2: 

*Error* Syntax error at --
"/home/ICer/work/vivado/ahb_matrix/ahb_matrix.ip_user_files/bd/ahb_axi_matrix/ip/ahb_axi_matrix_ahblite_axi_bridge_0_0/sim/ahb_axi_matrix_ahblite_axi_bridge_0_0.vhd", 3: 

*Error* Syntax error at --
"/home/ICer/work/vivado/ahb_matrix/ahb_matrix.ip_user_files/bd/ahb_axi_matrix/ip/ahb_axi_matrix_ahblite_axi_bridge_0_0/sim/ahb_axi_matrix_ahblite_axi_bridge_0_0.vhd", 4: 

*Error* Syntax error at --
"/home/ICer/work/vivado/ahb_matrix/ahb_matrix.ip_user_files/bd/ahb_axi_matrix/ip/ahb_axi_matrix_ahblite_axi_bridge_0_0/sim/ahb_axi_matrix_ahblite_axi_bridge_0_0.vhd", 5: 

*Error* Syntax error at --
"/home/ICer/work/vivado/ahb_matrix/ahb_matrix.ip_user_files/bd/ahb_axi_matrix/ip/ahb_axi_matrix_ahblite_axi_bridge_0_0/sim/ahb_axi_matrix_ahblite_axi_bridge_0_0.vhd", 6: 

*Error* Syntax error at --
"/home/ICer/work/vivado/ahb_matrix/ahb_matrix.ip_user_files/bd/ahb_axi_matrix/ip/ahb_axi_matrix_ahblite_axi_bridge_0_0/sim/ahb_axi_matrix_ahblite_axi_bridge_0_0.vhd", 7: 

*Error* Syntax error at --
"/home/ICer/work/vivado/ahb_matrix/ahb_matrix.ip_user_files/bd/ahb_axi_matrix/ip/ahb_axi_matrix_ahblite_axi_bridge_0_0/sim/ahb_axi_matrix_ahblite_axi_bridge_0_0.vhd", 8: 

*Error* Syntax error at --
"/home/ICer/work/vivado/ahb_matrix/ahb_matrix.ip_user_files/bd/ahb_axi_matrix/ip/ahb_axi_matrix_ahblite_axi_bridge_0_0/sim/ahb_axi_matrix_ahblite_axi_bridge_0_0.vhd", 9: 

*Error* Syntax error at --
"/home/ICer/work/vivado/ahb_matrix/ahb_matrix.ip_user_files/bd/ahb_axi_matrix/ip/ahb_axi_matrix_ahblite_axi_bridge_0_0/sim/ahb_axi_matrix_ahblite_axi_bridge_0_0.vhd", 10: 

*Error* Syntax error at --
"/home/ICer/work/vivado/ahb_matrix/ahb_matrix.ip_user_files/bd/ahb_axi_matrix/ip/ahb_axi_matrix_ahblite_axi_bridge_0_0/sim/ahb_axi_matrix_ahblite_axi_bridge_0_0.vhd", 11: 

*Error* Syntax error at --
"/home/ICer/work/vivado/ahb_matrix/ahb_matrix.ip_user_files/bd/ahb_axi_matrix/ip/ahb_axi_matrix_ahblite_axi_bridge_0_0/sim/ahb_axi_matrix_ahblite_axi_bridge_0_0.vhd", 12: 

*Error* Syntax error at --
"/home/ICer/work/vivado/ahb_matrix/ahb_matrix.ip_user_files/bd/ahb_axi_matrix/ip/ahb_axi_matrix_ahblite_axi_bridge_0_0/sim/ahb_axi_matrix_ahblite_axi_bridge_0_0.vhd", 13: 

*Error* Syntax error at --
"/home/ICer/work/vivado/ahb_matrix/ahb_matrix.ip_user_files/bd/ahb_axi_matrix/ip/ahb_axi_matrix_ahblite_axi_bridge_0_0/sim/ahb_axi_matrix_ahblite_axi_bridge_0_0.vhd", 14: 

*Error* Syntax error at --
"/home/ICer/work/vivado/ahb_matrix/ahb_matrix.ip_user_files/bd/ahb_axi_matrix/ip/ahb_axi_matrix_ahblite_axi_bridge_0_0/sim/ahb_axi_matrix_ahblite_axi_bridge_0_0.vhd", 15: 

*Error* Syntax error at --
"/home/ICer/work/vivado/ahb_matrix/ahb_matrix.ip_user_files/bd/ahb_axi_matrix/ip/ahb_axi_matrix_ahblite_axi_bridge_0_0/sim/ahb_axi_matrix_ahblite_axi_bridge_0_0.vhd", 16: 

*Error* Syntax error at --
"/home/ICer/work/vivado/ahb_matrix/ahb_matrix.ip_user_files/bd/ahb_axi_matrix/ip/ahb_axi_matrix_ahblite_axi_bridge_0_0/sim/ahb_axi_matrix_ahblite_axi_bridge_0_0.vhd", 17: 

*Error* Syntax error at --
"/home/ICer/work/vivado/ahb_matrix/ahb_matrix.ip_user_files/bd/ahb_axi_matrix/ip/ahb_axi_matrix_ahblite_axi_bridge_0_0/sim/ahb_axi_matrix_ahblite_axi_bridge_0_0.vhd", 18: 

*Error* Syntax error at --
"/home/ICer/work/vivado/ahb_matrix/ahb_matrix.ip_user_files/bd/ahb_axi_matrix/ip/ahb_axi_matrix_ahblite_axi_bridge_0_0/sim/ahb_axi_matrix_ahblite_axi_bridge_0_0.vhd", 19: 

*Error* Syntax error at --
"/home/ICer/work/vivado/ahb_matrix/ahb_matrix.ip_user_files/bd/ahb_axi_matrix/ip/ahb_axi_matrix_ahblite_axi_bridge_0_0/sim/ahb_axi_matrix_ahblite_axi_bridge_0_0.vhd", 20: 

*Error* Syntax error at --
"/home/ICer/work/vivado/ahb_matrix/ahb_matrix.ip_user_files/bd/ahb_axi_matrix/ip/ahb_axi_matrix_ahblite_axi_bridge_0_0/sim/ahb_axi_matrix_ahblite_axi_bridge_0_0.vhd", 21: 

*Error* Syntax error at --
"/home/ICer/work/vivado/ahb_matrix/ahb_matrix.ip_user_files/bd/ahb_axi_matrix/ip/ahb_axi_matrix_ahblite_axi_bridge_0_0/sim/ahb_axi_matrix_ahblite_axi_bridge_0_0.vhd", 22: 

*Error* Syntax error at --
"/home/ICer/work/vivado/ahb_matrix/ahb_matrix.ip_user_files/bd/ahb_axi_matrix/ip/ahb_axi_matrix_ahblite_axi_bridge_0_0/sim/ahb_axi_matrix_ahblite_axi_bridge_0_0.vhd", 23: 

*Error* Syntax error at --
"/home/ICer/work/vivado/ahb_matrix/ahb_matrix.ip_user_files/bd/ahb_axi_matrix/ip/ahb_axi_matrix_ahblite_axi_bridge_0_0/sim/ahb_axi_matrix_ahblite_axi_bridge_0_0.vhd", 24: 

*Error* Syntax error at --
"/home/ICer/work/vivado/ahb_matrix/ahb_matrix.ip_user_files/bd/ahb_axi_matrix/ip/ahb_axi_matrix_ahblite_axi_bridge_0_0/sim/ahb_axi_matrix_ahblite_axi_bridge_0_0.vhd", 25: 

*Error* Syntax error at --
"/home/ICer/work/vivado/ahb_matrix/ahb_matrix.ip_user_files/bd/ahb_axi_matrix/ip/ahb_axi_matrix_ahblite_axi_bridge_0_0/sim/ahb_axi_matrix_ahblite_axi_bridge_0_0.vhd", 26: 

*Error* Syntax error at --
"/home/ICer/work/vivado/ahb_matrix/ahb_matrix.ip_user_files/bd/ahb_axi_matrix/ip/ahb_axi_matrix_ahblite_axi_bridge_0_0/sim/ahb_axi_matrix_ahblite_axi_bridge_0_0.vhd", 27: 

*Error* Syntax error at --
"/home/ICer/work/vivado/ahb_matrix/ahb_matrix.ip_user_files/bd/ahb_axi_matrix/ip/ahb_axi_matrix_ahblite_axi_bridge_0_0/sim/ahb_axi_matrix_ahblite_axi_bridge_0_0.vhd", 28: 

*Error* Syntax error at --
"/home/ICer/work/vivado/ahb_matrix/ahb_matrix.ip_user_files/bd/ahb_axi_matrix/ip/ahb_axi_matrix_ahblite_axi_bridge_0_0/sim/ahb_axi_matrix_ahblite_axi_bridge_0_0.vhd", 29: 

*Error* Syntax error at --
"/home/ICer/work/vivado/ahb_matrix/ahb_matrix.ip_user_files/bd/ahb_axi_matrix/ip/ahb_axi_matrix_ahblite_axi_bridge_0_0/sim/ahb_axi_matrix_ahblite_axi_bridge_0_0.vhd", 30: 

*Error* Syntax error at --
"/home/ICer/work/vivado/ahb_matrix/ahb_matrix.ip_user_files/bd/ahb_axi_matrix/ip/ahb_axi_matrix_ahblite_axi_bridge_0_0/sim/ahb_axi_matrix_ahblite_axi_bridge_0_0.vhd", 31: 

*Error* Syntax error at --
"/home/ICer/work/vivado/ahb_matrix/ahb_matrix.ip_user_files/bd/ahb_axi_matrix/ip/ahb_axi_matrix_ahblite_axi_bridge_0_0/sim/ahb_axi_matrix_ahblite_axi_bridge_0_0.vhd", 32: 

*Error* Syntax error at --
"/home/ICer/work/vivado/ahb_matrix/ahb_matrix.ip_user_files/bd/ahb_axi_matrix/ip/ahb_axi_matrix_ahblite_axi_bridge_0_0/sim/ahb_axi_matrix_ahblite_axi_bridge_0_0.vhd", 33: 

*Error* Syntax error at --
"/home/ICer/work/vivado/ahb_matrix/ahb_matrix.ip_user_files/bd/ahb_axi_matrix/ip/ahb_axi_matrix_ahblite_axi_bridge_0_0/sim/ahb_axi_matrix_ahblite_axi_bridge_0_0.vhd", 34: 

*Error* Syntax error at --
"/home/ICer/work/vivado/ahb_matrix/ahb_matrix.ip_user_files/bd/ahb_axi_matrix/ip/ahb_axi_matrix_ahblite_axi_bridge_0_0/sim/ahb_axi_matrix_ahblite_axi_bridge_0_0.vhd", 35: 

*Error* Syntax error at --
"/home/ICer/work/vivado/ahb_matrix/ahb_matrix.ip_user_files/bd/ahb_axi_matrix/ip/ahb_axi_matrix_ahblite_axi_bridge_0_0/sim/ahb_axi_matrix_ahblite_axi_bridge_0_0.vhd", 36: 

*Error* Syntax error at --
"/home/ICer/work/vivado/ahb_matrix/ahb_matrix.ip_user_files/bd/ahb_axi_matrix/ip/ahb_axi_matrix_ahblite_axi_bridge_0_0/sim/ahb_axi_matrix_ahblite_axi_bridge_0_0.vhd", 37: 

*Error* Syntax error at --
"/home/ICer/work/vivado/ahb_matrix/ahb_matrix.ip_user_files/bd/ahb_axi_matrix/ip/ahb_axi_matrix_ahblite_axi_bridge_0_0/sim/ahb_axi_matrix_ahblite_axi_bridge_0_0.vhd", 38: 

*Error* Syntax error at --
"/home/ICer/work/vivado/ahb_matrix/ahb_matrix.ip_user_files/bd/ahb_axi_matrix/ip/ahb_axi_matrix_ahblite_axi_bridge_0_0/sim/ahb_axi_matrix_ahblite_axi_bridge_0_0.vhd", 39: 

*Error* Syntax error at --
"/home/ICer/work/vivado/ahb_matrix/ahb_matrix.ip_user_files/bd/ahb_axi_matrix/ip/ahb_axi_matrix_ahblite_axi_bridge_0_0/sim/ahb_axi_matrix_ahblite_axi_bridge_0_0.vhd", 40: 

*Error* Syntax error at --
"/home/ICer/work/vivado/ahb_matrix/ahb_matrix.ip_user_files/bd/ahb_axi_matrix/ip/ahb_axi_matrix_ahblite_axi_bridge_0_0/sim/ahb_axi_matrix_ahblite_axi_bridge_0_0.vhd", 41: 

*Error* Syntax error at --
"/home/ICer/work/vivado/ahb_matrix/ahb_matrix.ip_user_files/bd/ahb_axi_matrix/ip/ahb_axi_matrix_ahblite_axi_bridge_0_0/sim/ahb_axi_matrix_ahblite_axi_bridge_0_0.vhd", 42: 

*Error* Syntax error at --
"/home/ICer/work/vivado/ahb_matrix/ahb_matrix.ip_user_files/bd/ahb_axi_matrix/ip/ahb_axi_matrix_ahblite_axi_bridge_0_0/sim/ahb_axi_matrix_ahblite_axi_bridge_0_0.vhd", 43: 

*Error* Syntax error at --
"/home/ICer/work/vivado/ahb_matrix/ahb_matrix.ip_user_files/bd/ahb_axi_matrix/ip/ahb_axi_matrix_ahblite_axi_bridge_0_0/sim/ahb_axi_matrix_ahblite_axi_bridge_0_0.vhd", 44: 

*Error* Syntax error at --
"/home/ICer/work/vivado/ahb_matrix/ahb_matrix.ip_user_files/bd/ahb_axi_matrix/ip/ahb_axi_matrix_ahblite_axi_bridge_0_0/sim/ahb_axi_matrix_ahblite_axi_bridge_0_0.vhd", 45: 

*Error* Syntax error at --
"/home/ICer/work/vivado/ahb_matrix/ahb_matrix.ip_user_files/bd/ahb_axi_matrix/ip/ahb_axi_matrix_ahblite_axi_bridge_0_0/sim/ahb_axi_matrix_ahblite_axi_bridge_0_0.vhd", 46: 

*Error* Syntax error at --
"/home/ICer/work/vivado/ahb_matrix/ahb_matrix.ip_user_files/bd/ahb_axi_matrix/ip/ahb_axi_matrix_ahblite_axi_bridge_0_0/sim/ahb_axi_matrix_ahblite_axi_bridge_0_0.vhd", 47: 

*Error* Syntax error at --
"/home/ICer/work/vivado/ahb_matrix/ahb_matrix.ip_user_files/bd/ahb_axi_matrix/ip/ahb_axi_matrix_ahblite_axi_bridge_0_0/sim/ahb_axi_matrix_ahblite_axi_bridge_0_0.vhd", 49: 

*Error* Syntax error at --
"/home/ICer/work/vivado/ahb_matrix/ahb_matrix.ip_user_files/bd/ahb_axi_matrix/ip/ahb_axi_matrix_ahblite_axi_bridge_0_0/sim/ahb_axi_matrix_ahblite_axi_bridge_0_0.vhd", 50: 

*Error* Syntax error at LIBRARY
"/home/ICer/work/vivado/ahb_matrix/ahb_matrix.ip_user_files/bd/ahb_axi_matrix/ip/ahb_axi_matrix_ahblite_axi_bridge_0_0/sim/ahb_axi_matrix_ahblite_axi_bridge_0_0.vhd", 52: 

*Error* Syntax error at USE
"/home/ICer/work/vivado/ahb_matrix/ahb_matrix.ip_user_files/bd/ahb_axi_matrix/ip/ahb_axi_matrix_ahblite_axi_bridge_0_0/sim/ahb_axi_matrix_ahblite_axi_bridge_0_0.vhd", 53: 

*Error* Syntax error at USE
"/home/ICer/work/vivado/ahb_matrix/ahb_matrix.ip_user_files/bd/ahb_axi_matrix/ip/ahb_axi_matrix_ahblite_axi_bridge_0_0/sim/ahb_axi_matrix_ahblite_axi_bridge_0_0.vhd", 54: 

*Error* Syntax error at LIBRARY
"/home/ICer/work/vivado/ahb_matrix/ahb_matrix.ip_user_files/bd/ahb_axi_matrix/ip/ahb_axi_matrix_ahblite_axi_bridge_0_0/sim/ahb_axi_matrix_ahblite_axi_bridge_0_0.vhd", 56: 

*Error* Syntax error at USE
"/home/ICer/work/vivado/ahb_matrix/ahb_matrix.ip_user_files/bd/ahb_axi_matrix/ip/ahb_axi_matrix_ahblite_axi_bridge_0_0/sim/ahb_axi_matrix_ahblite_axi_bridge_0_0.vhd", 57: 

*Error* Syntax error at ENTITY
"/home/ICer/work/vivado/ahb_matrix/ahb_matrix.ip_user_files/bd/ahb_axi_matrix/ip/ahb_axi_matrix_ahblite_axi_bridge_0_0/sim/ahb_axi_matrix_ahblite_axi_bridge_0_0.vhd", 59: 

*Error* Syntax error at PORT
"/home/ICer/work/vivado/ahb_matrix/ahb_matrix.ip_user_files/bd/ahb_axi_matrix/ip/ahb_axi_matrix_ahblite_axi_bridge_0_0/sim/ahb_axi_matrix_ahblite_axi_bridge_0_0.vhd", 60: 

*Error* Syntax error at s_ahb_hclk
"/home/ICer/work/vivado/ahb_matrix/ahb_matrix.ip_user_files/bd/ahb_axi_matrix/ip/ahb_axi_matrix_ahblite_axi_bridge_0_0/sim/ahb_axi_matrix_ahblite_axi_bridge_0_0.vhd", 61: 

*Error* Syntax error at s_ahb_hresetn
"/home/ICer/work/vivado/ahb_matrix/ahb_matrix.ip_user_files/bd/ahb_axi_matrix/ip/ahb_axi_matrix_ahblite_axi_bridge_0_0/sim/ahb_axi_matrix_ahblite_axi_bridge_0_0.vhd", 62: 

*Error* Syntax error at s_ahb_hsel
"/home/ICer/work/vivado/ahb_matrix/ahb_matrix.ip_user_files/bd/ahb_axi_matrix/ip/ahb_axi_matrix_ahblite_axi_bridge_0_0/sim/ahb_axi_matrix_ahblite_axi_bridge_0_0.vhd", 63: 

*Error* Syntax error at s_ahb_haddr
"/home/ICer/work/vivado/ahb_matrix/ahb_matrix.ip_user_files/bd/ahb_axi_matrix/ip/ahb_axi_matrix_ahblite_axi_bridge_0_0/sim/ahb_axi_matrix_ahblite_axi_bridge_0_0.vhd", 64: 

*Error* Syntax error at s_ahb_hprot
"/home/ICer/work/vivado/ahb_matrix/ahb_matrix.ip_user_files/bd/ahb_axi_matrix/ip/ahb_axi_matrix_ahblite_axi_bridge_0_0/sim/ahb_axi_matrix_ahblite_axi_bridge_0_0.vhd", 65: 

*Error* Syntax error at s_ahb_htrans
"/home/ICer/work/vivado/ahb_matrix/ahb_matrix.ip_user_files/bd/ahb_axi_matrix/ip/ahb_axi_matrix_ahblite_axi_bridge_0_0/sim/ahb_axi_matrix_ahblite_axi_bridge_0_0.vhd", 66: 

*Error* Syntax error at s_ahb_hsize
"/home/ICer/work/vivado/ahb_matrix/ahb_matrix.ip_user_files/bd/ahb_axi_matrix/ip/ahb_axi_matrix_ahblite_axi_bridge_0_0/sim/ahb_axi_matrix_ahblite_axi_bridge_0_0.vhd", 67: 

*Error* Syntax error at s_ahb_hwrite
"/home/ICer/work/vivado/ahb_matrix/ahb_matrix.ip_user_files/bd/ahb_axi_matrix/ip/ahb_axi_matrix_ahblite_axi_bridge_0_0/sim/ahb_axi_matrix_ahblite_axi_bridge_0_0.vhd", 68: 

*Error* Syntax error at s_ahb_hburst
"/home/ICer/work/vivado/ahb_matrix/ahb_matrix.ip_user_files/bd/ahb_axi_matrix/ip/ahb_axi_matrix_ahblite_axi_bridge_0_0/sim/ahb_axi_matrix_ahblite_axi_bridge_0_0.vhd", 69: 

*Error* Syntax error at s_ahb_hwdata
"/home/ICer/work/vivado/ahb_matrix/ahb_matrix.ip_user_files/bd/ahb_axi_matrix/ip/ahb_axi_matrix_ahblite_axi_bridge_0_0/sim/ahb_axi_matrix_ahblite_axi_bridge_0_0.vhd", 70: 

*Error* Syntax error at s_ahb_hready_out
"/home/ICer/work/vivado/ahb_matrix/ahb_matrix.ip_user_files/bd/ahb_axi_matrix/ip/ahb_axi_matrix_ahblite_axi_bridge_0_0/sim/ahb_axi_matrix_ahblite_axi_bridge_0_0.vhd", 71: 

*Error* Syntax error at s_ahb_hready_in
"/home/ICer/work/vivado/ahb_matrix/ahb_matrix.ip_user_files/bd/ahb_axi_matrix/ip/ahb_axi_matrix_ahblite_axi_bridge_0_0/sim/ahb_axi_matrix_ahblite_axi_bridge_0_0.vhd", 72: 

*Error* Syntax error at s_ahb_hrdata
"/home/ICer/work/vivado/ahb_matrix/ahb_matrix.ip_user_files/bd/ahb_axi_matrix/ip/ahb_axi_matrix_ahblite_axi_bridge_0_0/sim/ahb_axi_matrix_ahblite_axi_bridge_0_0.vhd", 73: 

*Error* Syntax error at s_ahb_hresp
"/home/ICer/work/vivado/ahb_matrix/ahb_matrix.ip_user_files/bd/ahb_axi_matrix/ip/ahb_axi_matrix_ahblite_axi_bridge_0_0/sim/ahb_axi_matrix_ahblite_axi_bridge_0_0.vhd", 74: 

*Error* Syntax error at m_axi_awid
"/home/ICer/work/vivado/ahb_matrix/ahb_matrix.ip_user_files/bd/ahb_axi_matrix/ip/ahb_axi_matrix_ahblite_axi_bridge_0_0/sim/ahb_axi_matrix_ahblite_axi_bridge_0_0.vhd", 75: 

*Error* Syntax error at m_axi_awlen
"/home/ICer/work/vivado/ahb_matrix/ahb_matrix.ip_user_files/bd/ahb_axi_matrix/ip/ahb_axi_matrix_ahblite_axi_bridge_0_0/sim/ahb_axi_matrix_ahblite_axi_bridge_0_0.vhd", 76: 

*Error* Syntax error at m_axi_awsize
"/home/ICer/work/vivado/ahb_matrix/ahb_matrix.ip_user_files/bd/ahb_axi_matrix/ip/ahb_axi_matrix_ahblite_axi_bridge_0_0/sim/ahb_axi_matrix_ahblite_axi_bridge_0_0.vhd", 77: 

*Error* Syntax error at m_axi_awburst
"/home/ICer/work/vivado/ahb_matrix/ahb_matrix.ip_user_files/bd/ahb_axi_matrix/ip/ahb_axi_matrix_ahblite_axi_bridge_0_0/sim/ahb_axi_matrix_ahblite_axi_bridge_0_0.vhd", 78: 

*Error* Syntax error at m_axi_awcache
"/home/ICer/work/vivado/ahb_matrix/ahb_matrix.ip_user_files/bd/ahb_axi_matrix/ip/ahb_axi_matrix_ahblite_axi_bridge_0_0/sim/ahb_axi_matrix_ahblite_axi_bridge_0_0.vhd", 79: 

*Error* Syntax error at m_axi_awaddr
"/home/ICer/work/vivado/ahb_matrix/ahb_matrix.ip_user_files/bd/ahb_axi_matrix/ip/ahb_axi_matrix_ahblite_axi_bridge_0_0/sim/ahb_axi_matrix_ahblite_axi_bridge_0_0.vhd", 80: 

*Error* Syntax error at m_axi_awprot
"/home/ICer/work/vivado/ahb_matrix/ahb_matrix.ip_user_files/bd/ahb_axi_matrix/ip/ahb_axi_matrix_ahblite_axi_bridge_0_0/sim/ahb_axi_matrix_ahblite_axi_bridge_0_0.vhd", 81: 

*Error* Syntax error at m_axi_awvalid
"/home/ICer/work/vivado/ahb_matrix/ahb_matrix.ip_user_files/bd/ahb_axi_matrix/ip/ahb_axi_matrix_ahblite_axi_bridge_0_0/sim/ahb_axi_matrix_ahblite_axi_bridge_0_0.vhd", 82: 

*Error* Syntax error at m_axi_awready
"/home/ICer/work/vivado/ahb_matrix/ahb_matrix.ip_user_files/bd/ahb_axi_matrix/ip/ahb_axi_matrix_ahblite_axi_bridge_0_0/sim/ahb_axi_matrix_ahblite_axi_bridge_0_0.vhd", 83: 

*Error* Syntax error at m_axi_awlock
"/home/ICer/work/vivado/ahb_matrix/ahb_matrix.ip_user_files/bd/ahb_axi_matrix/ip/ahb_axi_matrix_ahblite_axi_bridge_0_0/sim/ahb_axi_matrix_ahblite_axi_bridge_0_0.vhd", 84: 

*Error* Syntax error at m_axi_wdata
"/home/ICer/work/vivado/ahb_matrix/ahb_matrix.ip_user_files/bd/ahb_axi_matrix/ip/ahb_axi_matrix_ahblite_axi_bridge_0_0/sim/ahb_axi_matrix_ahblite_axi_bridge_0_0.vhd", 85: 

*Error* Syntax error at m_axi_wstrb
"/home/ICer/work/vivado/ahb_matrix/ahb_matrix.ip_user_files/bd/ahb_axi_matrix/ip/ahb_axi_matrix_ahblite_axi_bridge_0_0/sim/ahb_axi_matrix_ahblite_axi_bridge_0_0.vhd", 86: 

*Error* Syntax error at m_axi_wlast
"/home/ICer/work/vivado/ahb_matrix/ahb_matrix.ip_user_files/bd/ahb_axi_matrix/ip/ahb_axi_matrix_ahblite_axi_bridge_0_0/sim/ahb_axi_matrix_ahblite_axi_bridge_0_0.vhd", 87: 

*Error* Syntax error at m_axi_wvalid
"/home/ICer/work/vivado/ahb_matrix/ahb_matrix.ip_user_files/bd/ahb_axi_matrix/ip/ahb_axi_matrix_ahblite_axi_bridge_0_0/sim/ahb_axi_matrix_ahblite_axi_bridge_0_0.vhd", 88: 

*Error* Syntax error at m_axi_wready
"/home/ICer/work/vivado/ahb_matrix/ahb_matrix.ip_user_files/bd/ahb_axi_matrix/ip/ahb_axi_matrix_ahblite_axi_bridge_0_0/sim/ahb_axi_matrix_ahblite_axi_bridge_0_0.vhd", 89: 

*Error* Syntax error at m_axi_bid
"/home/ICer/work/vivado/ahb_matrix/ahb_matrix.ip_user_files/bd/ahb_axi_matrix/ip/ahb_axi_matrix_ahblite_axi_bridge_0_0/sim/ahb_axi_matrix_ahblite_axi_bridge_0_0.vhd", 90: 

*Error* Syntax error at m_axi_bresp
"/home/ICer/work/vivado/ahb_matrix/ahb_matrix.ip_user_files/bd/ahb_axi_matrix/ip/ahb_axi_matrix_ahblite_axi_bridge_0_0/sim/ahb_axi_matrix_ahblite_axi_bridge_0_0.vhd", 91: 

*Error* Syntax error at m_axi_bvalid
"/home/ICer/work/vivado/ahb_matrix/ahb_matrix.ip_user_files/bd/ahb_axi_matrix/ip/ahb_axi_matrix_ahblite_axi_bridge_0_0/sim/ahb_axi_matrix_ahblite_axi_bridge_0_0.vhd", 92: 

*Error* Syntax error at m_axi_bready
"/home/ICer/work/vivado/ahb_matrix/ahb_matrix.ip_user_files/bd/ahb_axi_matrix/ip/ahb_axi_matrix_ahblite_axi_bridge_0_0/sim/ahb_axi_matrix_ahblite_axi_bridge_0_0.vhd", 93: 

*Error* Syntax error at m_axi_arid
"/home/ICer/work/vivado/ahb_matrix/ahb_matrix.ip_user_files/bd/ahb_axi_matrix/ip/ahb_axi_matrix_ahblite_axi_bridge_0_0/sim/ahb_axi_matrix_ahblite_axi_bridge_0_0.vhd", 94: 

*Error* Syntax error at m_axi_arlen
"/home/ICer/work/vivado/ahb_matrix/ahb_matrix.ip_user_files/bd/ahb_axi_matrix/ip/ahb_axi_matrix_ahblite_axi_bridge_0_0/sim/ahb_axi_matrix_ahblite_axi_bridge_0_0.vhd", 95: 

*Error* Syntax error at m_axi_arsize
"/home/ICer/work/vivado/ahb_matrix/ahb_matrix.ip_user_files/bd/ahb_axi_matrix/ip/ahb_axi_matrix_ahblite_axi_bridge_0_0/sim/ahb_axi_matrix_ahblite_axi_bridge_0_0.vhd", 96: 

*Error* Syntax error at m_axi_arburst
"/home/ICer/work/vivado/ahb_matrix/ahb_matrix.ip_user_files/bd/ahb_axi_matrix/ip/ahb_axi_matrix_ahblite_axi_bridge_0_0/sim/ahb_axi_matrix_ahblite_axi_bridge_0_0.vhd", 97: 

*Error* Syntax error at m_axi_arprot
"/home/ICer/work/vivado/ahb_matrix/ahb_matrix.ip_user_files/bd/ahb_axi_matrix/ip/ahb_axi_matrix_ahblite_axi_bridge_0_0/sim/ahb_axi_matrix_ahblite_axi_bridge_0_0.vhd", 98: 

*Error* Syntax error at m_axi_arcache
"/home/ICer/work/vivado/ahb_matrix/ahb_matrix.ip_user_files/bd/ahb_axi_matrix/ip/ahb_axi_matrix_ahblite_axi_bridge_0_0/sim/ahb_axi_matrix_ahblite_axi_bridge_0_0.vhd", 99: 

*Error* Syntax error at m_axi_arvalid
"/home/ICer/work/vivado/ahb_matrix/ahb_matrix.ip_user_files/bd/ahb_axi_matrix/ip/ahb_axi_matrix_ahblite_axi_bridge_0_0/sim/ahb_axi_matrix_ahblite_axi_bridge_0_0.vhd", 100: 

*Error* Syntax error at m_axi_araddr
"/home/ICer/work/vivado/ahb_matrix/ahb_matrix.ip_user_files/bd/ahb_axi_matrix/ip/ahb_axi_matrix_ahblite_axi_bridge_0_0/sim/ahb_axi_matrix_ahblite_axi_bridge_0_0.vhd", 101: 

*Error* Syntax error at m_axi_arlock
"/home/ICer/work/vivado/ahb_matrix/ahb_matrix.ip_user_files/bd/ahb_axi_matrix/ip/ahb_axi_matrix_ahblite_axi_bridge_0_0/sim/ahb_axi_matrix_ahblite_axi_bridge_0_0.vhd", 102: 

*Error* Syntax error at m_axi_arready
"/home/ICer/work/vivado/ahb_matrix/ahb_matrix.ip_user_files/bd/ahb_axi_matrix/ip/ahb_axi_matrix_ahblite_axi_bridge_0_0/sim/ahb_axi_matrix_ahblite_axi_bridge_0_0.vhd", 103: 

*Error* Syntax error at m_axi_rid
"/home/ICer/work/vivado/ahb_matrix/ahb_matrix.ip_user_files/bd/ahb_axi_matrix/ip/ahb_axi_matrix_ahblite_axi_bridge_0_0/sim/ahb_axi_matrix_ahblite_axi_bridge_0_0.vhd", 104: 

*Error* Syntax error at m_axi_rdata
"/home/ICer/work/vivado/ahb_matrix/ahb_matrix.ip_user_files/bd/ahb_axi_matrix/ip/ahb_axi_matrix_ahblite_axi_bridge_0_0/sim/ahb_axi_matrix_ahblite_axi_bridge_0_0.vhd", 105: 

*Error* Syntax error at m_axi_rresp
"/home/ICer/work/vivado/ahb_matrix/ahb_matrix.ip_user_files/bd/ahb_axi_matrix/ip/ahb_axi_matrix_ahblite_axi_bridge_0_0/sim/ahb_axi_matrix_ahblite_axi_bridge_0_0.vhd", 106: 

*Error* Syntax error at m_axi_rvalid
"/home/ICer/work/vivado/ahb_matrix/ahb_matrix.ip_user_files/bd/ahb_axi_matrix/ip/ahb_axi_matrix_ahblite_axi_bridge_0_0/sim/ahb_axi_matrix_ahblite_axi_bridge_0_0.vhd", 107: 

*Error* Syntax error at m_axi_rlast
"/home/ICer/work/vivado/ahb_matrix/ahb_matrix.ip_user_files/bd/ahb_axi_matrix/ip/ahb_axi_matrix_ahblite_axi_bridge_0_0/sim/ahb_axi_matrix_ahblite_axi_bridge_0_0.vhd", 108: 

*Error* Syntax error at m_axi_rready
"/home/ICer/work/vivado/ahb_matrix/ahb_matrix.ip_user_files/bd/ahb_axi_matrix/ip/ahb_axi_matrix_ahblite_axi_bridge_0_0/sim/ahb_axi_matrix_ahblite_axi_bridge_0_0.vhd", 109: 

*Error* Syntax error at )
"/home/ICer/work/vivado/ahb_matrix/ahb_matrix.ip_user_files/bd/ahb_axi_matrix/ip/ahb_axi_matrix_ahblite_axi_bridge_0_0/sim/ahb_axi_matrix_ahblite_axi_bridge_0_0.vhd", 110: 

*Error* Syntax error at END
"/home/ICer/work/vivado/ahb_matrix/ahb_matrix.ip_user_files/bd/ahb_axi_matrix/ip/ahb_axi_matrix_ahblite_axi_bridge_0_0/sim/ahb_axi_matrix_ahblite_axi_bridge_0_0.vhd", 111: 

*Error* Syntax error at ARCHITECTURE
"/home/ICer/work/vivado/ahb_matrix/ahb_matrix.ip_user_files/bd/ahb_axi_matrix/ip/ahb_axi_matrix_ahblite_axi_bridge_0_0/sim/ahb_axi_matrix_ahblite_axi_bridge_0_0.vhd", 113: 

*Error* Syntax error at ATTRIBUTE
"/home/ICer/work/vivado/ahb_matrix/ahb_matrix.ip_user_files/bd/ahb_axi_matrix/ip/ahb_axi_matrix_ahblite_axi_bridge_0_0/sim/ahb_axi_matrix_ahblite_axi_bridge_0_0.vhd", 114: 

*Error* Syntax error at ATTRIBUTE
"/home/ICer/work/vivado/ahb_matrix/ahb_matrix.ip_user_files/bd/ahb_axi_matrix/ip/ahb_axi_matrix_ahblite_axi_bridge_0_0/sim/ahb_axi_matrix_ahblite_axi_bridge_0_0.vhd", 115: 

*Error* Syntax error at COMPONENT
"/home/ICer/work/vivado/ahb_matrix/ahb_matrix.ip_user_files/bd/ahb_axi_matrix/ip/ahb_axi_matrix_ahblite_axi_bridge_0_0/sim/ahb_axi_matrix_ahblite_axi_bridge_0_0.vhd", 116: 

*Error* Syntax error at GENERIC
"/home/ICer/work/vivado/ahb_matrix/ahb_matrix.ip_user_files/bd/ahb_axi_matrix/ip/ahb_axi_matrix_ahblite_axi_bridge_0_0/sim/ahb_axi_matrix_ahblite_axi_bridge_0_0.vhd", 117: 

*Error* Syntax error at C_FAMILY
"/home/ICer/work/vivado/ahb_matrix/ahb_matrix.ip_user_files/bd/ahb_axi_matrix/ip/ahb_axi_matrix_ahblite_axi_bridge_0_0/sim/ahb_axi_matrix_ahblite_axi_bridge_0_0.vhd", 118: 

*Error* Syntax error at C_INSTANCE
"/home/ICer/work/vivado/ahb_matrix/ahb_matrix.ip_user_files/bd/ahb_axi_matrix/ip/ahb_axi_matrix_ahblite_axi_bridge_0_0/sim/ahb_axi_matrix_ahblite_axi_bridge_0_0.vhd", 119: 

*Error* Syntax error at C_M_AXI_SUPPORTS_NARROW_BURST
"/home/ICer/work/vivado/ahb_matrix/ahb_matrix.ip_user_files/bd/ahb_axi_matrix/ip/ahb_axi_matrix_ahblite_axi_bridge_0_0/sim/ahb_axi_matrix_ahblite_axi_bridge_0_0.vhd", 120: 

*Error* Syntax error at C_M_AXI_NON_SECURE
"/home/ICer/work/vivado/ahb_matrix/ahb_matrix.ip_user_files/bd/ahb_axi_matrix/ip/ahb_axi_matrix_ahblite_axi_bridge_0_0/sim/ahb_axi_matrix_ahblite_axi_bridge_0_0.vhd", 121: 

*Error* Syntax error at C_S_AHB_ADDR_WIDTH
"/home/ICer/work/vivado/ahb_matrix/ahb_matrix.ip_user_files/bd/ahb_axi_matrix/ip/ahb_axi_matrix_ahblite_axi_bridge_0_0/sim/ahb_axi_matrix_ahblite_axi_bridge_0_0.vhd", 122: 

*Error* Syntax error at C_M_AXI_ADDR_WIDTH
"/home/ICer/work/vivado/ahb_matrix/ahb_matrix.ip_user_files/bd/ahb_axi_matrix/ip/ahb_axi_matrix_ahblite_axi_bridge_0_0/sim/ahb_axi_matrix_ahblite_axi_bridge_0_0.vhd", 123: 

*Error* Syntax error at C_S_AHB_DATA_WIDTH
"/home/ICer/work/vivado/ahb_matrix/ahb_matrix.ip_user_files/bd/ahb_axi_matrix/ip/ahb_axi_matrix_ahblite_axi_bridge_0_0/sim/ahb_axi_matrix_ahblite_axi_bridge_0_0.vhd", 124: 

*Error* Syntax error at C_M_AXI_DATA_WIDTH
"/home/ICer/work/vivado/ahb_matrix/ahb_matrix.ip_user_files/bd/ahb_axi_matrix/ip/ahb_axi_matrix_ahblite_axi_bridge_0_0/sim/ahb_axi_matrix_ahblite_axi_bridge_0_0.vhd", 125: 

*Error* Syntax error at C_M_AXI_PROTOCOL
"/home/ICer/work/vivado/ahb_matrix/ahb_matrix.ip_user_files/bd/ahb_axi_matrix/ip/ahb_axi_matrix_ahblite_axi_bridge_0_0/sim/ahb_axi_matrix_ahblite_axi_bridge_0_0.vhd", 126: 

*Error* Syntax error at C_M_AXI_THREAD_ID_WIDTH
"/home/ICer/work/vivado/ahb_matrix/ahb_matrix.ip_user_files/bd/ahb_axi_matrix/ip/ahb_axi_matrix_ahblite_axi_bridge_0_0/sim/ahb_axi_matrix_ahblite_axi_bridge_0_0.vhd", 127: 

*Error* Syntax error at C_AHB_AXI_TIMEOUT
"/home/ICer/work/vivado/ahb_matrix/ahb_matrix.ip_user_files/bd/ahb_axi_matrix/ip/ahb_axi_matrix_ahblite_axi_bridge_0_0/sim/ahb_axi_matrix_ahblite_axi_bridge_0_0.vhd", 128: 

*Error* Syntax error at )
"/home/ICer/work/vivado/ahb_matrix/ahb_matrix.ip_user_files/bd/ahb_axi_matrix/ip/ahb_axi_matrix_ahblite_axi_bridge_0_0/sim/ahb_axi_matrix_ahblite_axi_bridge_0_0.vhd", 129: 

*Error* Syntax error at PORT
"/home/ICer/work/vivado/ahb_matrix/ahb_matrix.ip_user_files/bd/ahb_axi_matrix/ip/ahb_axi_matrix_ahblite_axi_bridge_0_0/sim/ahb_axi_matrix_ahblite_axi_bridge_0_0.vhd", 130: 

*Error* Syntax error at s_ahb_hclk
"/home/ICer/work/vivado/ahb_matrix/ahb_matrix.ip_user_files/bd/ahb_axi_matrix/ip/ahb_axi_matrix_ahblite_axi_bridge_0_0/sim/ahb_axi_matrix_ahblite_axi_bridge_0_0.vhd", 131: 

*Error* Syntax error at s_ahb_hresetn
"/home/ICer/work/vivado/ahb_matrix/ahb_matrix.ip_user_files/bd/ahb_axi_matrix/ip/ahb_axi_matrix_ahblite_axi_bridge_0_0/sim/ahb_axi_matrix_ahblite_axi_bridge_0_0.vhd", 132: 

*Error* Syntax error at s_ahb_hsel
"/home/ICer/work/vivado/ahb_matrix/ahb_matrix.ip_user_files/bd/ahb_axi_matrix/ip/ahb_axi_matrix_ahblite_axi_bridge_0_0/sim/ahb_axi_matrix_ahblite_axi_bridge_0_0.vhd", 133: 

*Error* Syntax error at s_ahb_haddr
"/home/ICer/work/vivado/ahb_matrix/ahb_matrix.ip_user_files/bd/ahb_axi_matrix/ip/ahb_axi_matrix_ahblite_axi_bridge_0_0/sim/ahb_axi_matrix_ahblite_axi_bridge_0_0.vhd", 134: 

*Error* Syntax error at s_ahb_hprot
"/home/ICer/work/vivado/ahb_matrix/ahb_matrix.ip_user_files/bd/ahb_axi_matrix/ip/ahb_axi_matrix_ahblite_axi_bridge_0_0/sim/ahb_axi_matrix_ahblite_axi_bridge_0_0.vhd", 135: 

*Error* Syntax error at s_ahb_htrans
"/home/ICer/work/vivado/ahb_matrix/ahb_matrix.ip_user_files/bd/ahb_axi_matrix/ip/ahb_axi_matrix_ahblite_axi_bridge_0_0/sim/ahb_axi_matrix_ahblite_axi_bridge_0_0.vhd", 136: 

*Error* Syntax error at s_ahb_hsize
"/home/ICer/work/vivado/ahb_matrix/ahb_matrix.ip_user_files/bd/ahb_axi_matrix/ip/ahb_axi_matrix_ahblite_axi_bridge_0_0/sim/ahb_axi_matrix_ahblite_axi_bridge_0_0.vhd", 137: 

*Error* Syntax error at s_ahb_hwrite
"/home/ICer/work/vivado/ahb_matrix/ahb_matrix.ip_user_files/bd/ahb_axi_matrix/ip/ahb_axi_matrix_ahblite_axi_bridge_0_0/sim/ahb_axi_matrix_ahblite_axi_bridge_0_0.vhd", 138: 

*Error* Syntax error at s_ahb_hburst
"/home/ICer/work/vivado/ahb_matrix/ahb_matrix.ip_user_files/bd/ahb_axi_matrix/ip/ahb_axi_matrix_ahblite_axi_bridge_0_0/sim/ahb_axi_matrix_ahblite_axi_bridge_0_0.vhd", 139: 

*Error* Syntax error at s_ahb_hwdata
"/home/ICer/work/vivado/ahb_matrix/ahb_matrix.ip_user_files/bd/ahb_axi_matrix/ip/ahb_axi_matrix_ahblite_axi_bridge_0_0/sim/ahb_axi_matrix_ahblite_axi_bridge_0_0.vhd", 140: 

*Error* Syntax error at s_ahb_hready_out
"/home/ICer/work/vivado/ahb_matrix/ahb_matrix.ip_user_files/bd/ahb_axi_matrix/ip/ahb_axi_matrix_ahblite_axi_bridge_0_0/sim/ahb_axi_matrix_ahblite_axi_bridge_0_0.vhd", 141: 

*Error* Syntax error at s_ahb_hready_in
"/home/ICer/work/vivado/ahb_matrix/ahb_matrix.ip_user_files/bd/ahb_axi_matrix/ip/ahb_axi_matrix_ahblite_axi_bridge_0_0/sim/ahb_axi_matrix_ahblite_axi_bridge_0_0.vhd", 142: 

*Error* Syntax error at s_ahb_hrdata
"/home/ICer/work/vivado/ahb_matrix/ahb_matrix.ip_user_files/bd/ahb_axi_matrix/ip/ahb_axi_matrix_ahblite_axi_bridge_0_0/sim/ahb_axi_matrix_ahblite_axi_bridge_0_0.vhd", 143: 

*Error* Syntax error at s_ahb_hresp
"/home/ICer/work/vivado/ahb_matrix/ahb_matrix.ip_user_files/bd/ahb_axi_matrix/ip/ahb_axi_matrix_ahblite_axi_bridge_0_0/sim/ahb_axi_matrix_ahblite_axi_bridge_0_0.vhd", 144: 

*Error* Syntax error at m_axi_awid
"/home/ICer/work/vivado/ahb_matrix/ahb_matrix.ip_user_files/bd/ahb_axi_matrix/ip/ahb_axi_matrix_ahblite_axi_bridge_0_0/sim/ahb_axi_matrix_ahblite_axi_bridge_0_0.vhd", 145: 

*Error* Syntax error at m_axi_awlen
"/home/ICer/work/vivado/ahb_matrix/ahb_matrix.ip_user_files/bd/ahb_axi_matrix/ip/ahb_axi_matrix_ahblite_axi_bridge_0_0/sim/ahb_axi_matrix_ahblite_axi_bridge_0_0.vhd", 146: 

*Error* Syntax error at m_axi_awsize
"/home/ICer/work/vivado/ahb_matrix/ahb_matrix.ip_user_files/bd/ahb_axi_matrix/ip/ahb_axi_matrix_ahblite_axi_bridge_0_0/sim/ahb_axi_matrix_ahblite_axi_bridge_0_0.vhd", 147: 

*Error* Syntax error at m_axi_awburst
"/home/ICer/work/vivado/ahb_matrix/ahb_matrix.ip_user_files/bd/ahb_axi_matrix/ip/ahb_axi_matrix_ahblite_axi_bridge_0_0/sim/ahb_axi_matrix_ahblite_axi_bridge_0_0.vhd", 148: 

*Error* Syntax error at m_axi_awcache
"/home/ICer/work/vivado/ahb_matrix/ahb_matrix.ip_user_files/bd/ahb_axi_matrix/ip/ahb_axi_matrix_ahblite_axi_bridge_0_0/sim/ahb_axi_matrix_ahblite_axi_bridge_0_0.vhd", 149: 

*Error* Syntax error at m_axi_awaddr
"/home/ICer/work/vivado/ahb_matrix/ahb_matrix.ip_user_files/bd/ahb_axi_matrix/ip/ahb_axi_matrix_ahblite_axi_bridge_0_0/sim/ahb_axi_matrix_ahblite_axi_bridge_0_0.vhd", 150: 

*Error* Syntax error at m_axi_awprot
"/home/ICer/work/vivado/ahb_matrix/ahb_matrix.ip_user_files/bd/ahb_axi_matrix/ip/ahb_axi_matrix_ahblite_axi_bridge_0_0/sim/ahb_axi_matrix_ahblite_axi_bridge_0_0.vhd", 151: 

*Error* Syntax error at m_axi_awvalid
"/home/ICer/work/vivado/ahb_matrix/ahb_matrix.ip_user_files/bd/ahb_axi_matrix/ip/ahb_axi_matrix_ahblite_axi_bridge_0_0/sim/ahb_axi_matrix_ahblite_axi_bridge_0_0.vhd", 152: 

*Error* Syntax error at m_axi_awready
"/home/ICer/work/vivado/ahb_matrix/ahb_matrix.ip_user_files/bd/ahb_axi_matrix/ip/ahb_axi_matrix_ahblite_axi_bridge_0_0/sim/ahb_axi_matrix_ahblite_axi_bridge_0_0.vhd", 153: 

*Error* Syntax error at m_axi_awlock
"/home/ICer/work/vivado/ahb_matrix/ahb_matrix.ip_user_files/bd/ahb_axi_matrix/ip/ahb_axi_matrix_ahblite_axi_bridge_0_0/sim/ahb_axi_matrix_ahblite_axi_bridge_0_0.vhd", 154: 

*Error* Syntax error at m_axi_wdata
"/home/ICer/work/vivado/ahb_matrix/ahb_matrix.ip_user_files/bd/ahb_axi_matrix/ip/ahb_axi_matrix_ahblite_axi_bridge_0_0/sim/ahb_axi_matrix_ahblite_axi_bridge_0_0.vhd", 155: 

*Error* Syntax error at m_axi_wstrb
"/home/ICer/work/vivado/ahb_matrix/ahb_matrix.ip_user_files/bd/ahb_axi_matrix/ip/ahb_axi_matrix_ahblite_axi_bridge_0_0/sim/ahb_axi_matrix_ahblite_axi_bridge_0_0.vhd", 156: 

*Error* Syntax error at m_axi_wlast
"/home/ICer/work/vivado/ahb_matrix/ahb_matrix.ip_user_files/bd/ahb_axi_matrix/ip/ahb_axi_matrix_ahblite_axi_bridge_0_0/sim/ahb_axi_matrix_ahblite_axi_bridge_0_0.vhd", 157: 

*Error* Syntax error at m_axi_wvalid
"/home/ICer/work/vivado/ahb_matrix/ahb_matrix.ip_user_files/bd/ahb_axi_matrix/ip/ahb_axi_matrix_ahblite_axi_bridge_0_0/sim/ahb_axi_matrix_ahblite_axi_bridge_0_0.vhd", 158: 

*Error* Syntax error at m_axi_wready
"/home/ICer/work/vivado/ahb_matrix/ahb_matrix.ip_user_files/bd/ahb_axi_matrix/ip/ahb_axi_matrix_ahblite_axi_bridge_0_0/sim/ahb_axi_matrix_ahblite_axi_bridge_0_0.vhd", 159: 

*Error* Syntax error at m_axi_bid
"/home/ICer/work/vivado/ahb_matrix/ahb_matrix.ip_user_files/bd/ahb_axi_matrix/ip/ahb_axi_matrix_ahblite_axi_bridge_0_0/sim/ahb_axi_matrix_ahblite_axi_bridge_0_0.vhd", 160: 

*Error* Syntax error at m_axi_bresp
"/home/ICer/work/vivado/ahb_matrix/ahb_matrix.ip_user_files/bd/ahb_axi_matrix/ip/ahb_axi_matrix_ahblite_axi_bridge_0_0/sim/ahb_axi_matrix_ahblite_axi_bridge_0_0.vhd", 161: 

*Error* Syntax error at m_axi_bvalid
"/home/ICer/work/vivado/ahb_matrix/ahb_matrix.ip_user_files/bd/ahb_axi_matrix/ip/ahb_axi_matrix_ahblite_axi_bridge_0_0/sim/ahb_axi_matrix_ahblite_axi_bridge_0_0.vhd", 162: 

*Error* Syntax error at m_axi_bready
"/home/ICer/work/vivado/ahb_matrix/ahb_matrix.ip_user_files/bd/ahb_axi_matrix/ip/ahb_axi_matrix_ahblite_axi_bridge_0_0/sim/ahb_axi_matrix_ahblite_axi_bridge_0_0.vhd", 163: 

*Error* Syntax error at m_axi_arid
"/home/ICer/work/vivado/ahb_matrix/ahb_matrix.ip_user_files/bd/ahb_axi_matrix/ip/ahb_axi_matrix_ahblite_axi_bridge_0_0/sim/ahb_axi_matrix_ahblite_axi_bridge_0_0.vhd", 164: 

*Error* Syntax error at m_axi_arlen
"/home/ICer/work/vivado/ahb_matrix/ahb_matrix.ip_user_files/bd/ahb_axi_matrix/ip/ahb_axi_matrix_ahblite_axi_bridge_0_0/sim/ahb_axi_matrix_ahblite_axi_bridge_0_0.vhd", 165: 

*Error* Syntax error at m_axi_arsize
"/home/ICer/work/vivado/ahb_matrix/ahb_matrix.ip_user_files/bd/ahb_axi_matrix/ip/ahb_axi_matrix_ahblite_axi_bridge_0_0/sim/ahb_axi_matrix_ahblite_axi_bridge_0_0.vhd", 166: 

*Error* Syntax error at m_axi_arburst
"/home/ICer/work/vivado/ahb_matrix/ahb_matrix.ip_user_files/bd/ahb_axi_matrix/ip/ahb_axi_matrix_ahblite_axi_bridge_0_0/sim/ahb_axi_matrix_ahblite_axi_bridge_0_0.vhd", 167: 

*Error* Syntax error at m_axi_arprot
"/home/ICer/work/vivado/ahb_matrix/ahb_matrix.ip_user_files/bd/ahb_axi_matrix/ip/ahb_axi_matrix_ahblite_axi_bridge_0_0/sim/ahb_axi_matrix_ahblite_axi_bridge_0_0.vhd", 168: 

*Error* Syntax error at m_axi_arcache
"/home/ICer/work/vivado/ahb_matrix/ahb_matrix.ip_user_files/bd/ahb_axi_matrix/ip/ahb_axi_matrix_ahblite_axi_bridge_0_0/sim/ahb_axi_matrix_ahblite_axi_bridge_0_0.vhd", 169: 

*Error* Syntax error at m_axi_arvalid
"/home/ICer/work/vivado/ahb_matrix/ahb_matrix.ip_user_files/bd/ahb_axi_matrix/ip/ahb_axi_matrix_ahblite_axi_bridge_0_0/sim/ahb_axi_matrix_ahblite_axi_bridge_0_0.vhd", 170: 

*Error* Syntax error at m_axi_araddr
"/home/ICer/work/vivado/ahb_matrix/ahb_matrix.ip_user_files/bd/ahb_axi_matrix/ip/ahb_axi_matrix_ahblite_axi_bridge_0_0/sim/ahb_axi_matrix_ahblite_axi_bridge_0_0.vhd", 171: 

*Error* Syntax error at m_axi_arlock
"/home/ICer/work/vivado/ahb_matrix/ahb_matrix.ip_user_files/bd/ahb_axi_matrix/ip/ahb_axi_matrix_ahblite_axi_bridge_0_0/sim/ahb_axi_matrix_ahblite_axi_bridge_0_0.vhd", 172: 

*Error* Syntax error at m_axi_arready
"/home/ICer/work/vivado/ahb_matrix/ahb_matrix.ip_user_files/bd/ahb_axi_matrix/ip/ahb_axi_matrix_ahblite_axi_bridge_0_0/sim/ahb_axi_matrix_ahblite_axi_bridge_0_0.vhd", 173: 

*Error* Syntax error at m_axi_rid
"/home/ICer/work/vivado/ahb_matrix/ahb_matrix.ip_user_files/bd/ahb_axi_matrix/ip/ahb_axi_matrix_ahblite_axi_bridge_0_0/sim/ahb_axi_matrix_ahblite_axi_bridge_0_0.vhd", 174: 

*Error* Syntax error at m_axi_rdata
"/home/ICer/work/vivado/ahb_matrix/ahb_matrix.ip_user_files/bd/ahb_axi_matrix/ip/ahb_axi_matrix_ahblite_axi_bridge_0_0/sim/ahb_axi_matrix_ahblite_axi_bridge_0_0.vhd", 175: 

*Error* Syntax error at m_axi_rresp
"/home/ICer/work/vivado/ahb_matrix/ahb_matrix.ip_user_files/bd/ahb_axi_matrix/ip/ahb_axi_matrix_ahblite_axi_bridge_0_0/sim/ahb_axi_matrix_ahblite_axi_bridge_0_0.vhd", 176: 

*Error* Syntax error at m_axi_rvalid
"/home/ICer/work/vivado/ahb_matrix/ahb_matrix.ip_user_files/bd/ahb_axi_matrix/ip/ahb_axi_matrix_ahblite_axi_bridge_0_0/sim/ahb_axi_matrix_ahblite_axi_bridge_0_0.vhd", 177: 

*Error* Syntax error at m_axi_rlast
"/home/ICer/work/vivado/ahb_matrix/ahb_matrix.ip_user_files/bd/ahb_axi_matrix/ip/ahb_axi_matrix_ahblite_axi_bridge_0_0/sim/ahb_axi_matrix_ahblite_axi_bridge_0_0.vhd", 178: 

*Error* Syntax error at m_axi_rready
"/home/ICer/work/vivado/ahb_matrix/ahb_matrix.ip_user_files/bd/ahb_axi_matrix/ip/ahb_axi_matrix_ahblite_axi_bridge_0_0/sim/ahb_axi_matrix_ahblite_axi_bridge_0_0.vhd", 179: 

*Error* Syntax error at )
"/home/ICer/work/vivado/ahb_matrix/ahb_matrix.ip_user_files/bd/ahb_axi_matrix/ip/ahb_axi_matrix_ahblite_axi_bridge_0_0/sim/ahb_axi_matrix_ahblite_axi_bridge_0_0.vhd", 180: 

*Error* Syntax error at END
"/home/ICer/work/vivado/ahb_matrix/ahb_matrix.ip_user_files/bd/ahb_axi_matrix/ip/ahb_axi_matrix_ahblite_axi_bridge_0_0/sim/ahb_axi_matrix_ahblite_axi_bridge_0_0.vhd", 181: 

*Error* Syntax error at ATTRIBUTE
"/home/ICer/work/vivado/ahb_matrix/ahb_matrix.ip_user_files/bd/ahb_axi_matrix/ip/ahb_axi_matrix_ahblite_axi_bridge_0_0/sim/ahb_axi_matrix_ahblite_axi_bridge_0_0.vhd", 182: 

*Error* Syntax error at ATTRIBUTE
"/home/ICer/work/vivado/ahb_matrix/ahb_matrix.ip_user_files/bd/ahb_axi_matrix/ip/ahb_axi_matrix_ahblite_axi_bridge_0_0/sim/ahb_axi_matrix_ahblite_axi_bridge_0_0.vhd", 183: 

*Error* Syntax error at ATTRIBUTE
"/home/ICer/work/vivado/ahb_matrix/ahb_matrix.ip_user_files/bd/ahb_axi_matrix/ip/ahb_axi_matrix_ahblite_axi_bridge_0_0/sim/ahb_axi_matrix_ahblite_axi_bridge_0_0.vhd", 184: 

*Error* Syntax error at ATTRIBUTE
"/home/ICer/work/vivado/ahb_matrix/ahb_matrix.ip_user_files/bd/ahb_axi_matrix/ip/ahb_axi_matrix_ahblite_axi_bridge_0_0/sim/ahb_axi_matrix_ahblite_axi_bridge_0_0.vhd", 185: 

*Error* Syntax error at ATTRIBUTE
"/home/ICer/work/vivado/ahb_matrix/ahb_matrix.ip_user_files/bd/ahb_axi_matrix/ip/ahb_axi_matrix_ahblite_axi_bridge_0_0/sim/ahb_axi_matrix_ahblite_axi_bridge_0_0.vhd", 186: 

*Error* Syntax error at ATTRIBUTE
"/home/ICer/work/vivado/ahb_matrix/ahb_matrix.ip_user_files/bd/ahb_axi_matrix/ip/ahb_axi_matrix_ahblite_axi_bridge_0_0/sim/ahb_axi_matrix_ahblite_axi_bridge_0_0.vhd", 187: 

*Error* Syntax error at ATTRIBUTE
"/home/ICer/work/vivado/ahb_matrix/ahb_matrix.ip_user_files/bd/ahb_axi_matrix/ip/ahb_axi_matrix_ahblite_axi_bridge_0_0/sim/ahb_axi_matrix_ahblite_axi_bridge_0_0.vhd", 188: 

*Error* Syntax error at ATTRIBUTE
"/home/ICer/work/vivado/ahb_matrix/ahb_matrix.ip_user_files/bd/ahb_axi_matrix/ip/ahb_axi_matrix_ahblite_axi_bridge_0_0/sim/ahb_axi_matrix_ahblite_axi_bridge_0_0.vhd", 189: 

*Error* Syntax error at ATTRIBUTE
"/home/ICer/work/vivado/ahb_matrix/ahb_matrix.ip_user_files/bd/ahb_axi_matrix/ip/ahb_axi_matrix_ahblite_axi_bridge_0_0/sim/ahb_axi_matrix_ahblite_axi_bridge_0_0.vhd", 190: 

*Error* Syntax error at ATTRIBUTE
"/home/ICer/work/vivado/ahb_matrix/ahb_matrix.ip_user_files/bd/ahb_axi_matrix/ip/ahb_axi_matrix_ahblite_axi_bridge_0_0/sim/ahb_axi_matrix_ahblite_axi_bridge_0_0.vhd", 191: 

*Error* Syntax error at ATTRIBUTE
"/home/ICer/work/vivado/ahb_matrix/ahb_matrix.ip_user_files/bd/ahb_axi_matrix/ip/ahb_axi_matrix_ahblite_axi_bridge_0_0/sim/ahb_axi_matrix_ahblite_axi_bridge_0_0.vhd", 192: 

*Error* Syntax error at ATTRIBUTE
"/home/ICer/work/vivado/ahb_matrix/ahb_matrix.ip_user_files/bd/ahb_axi_matrix/ip/ahb_axi_matrix_ahblite_axi_bridge_0_0/sim/ahb_axi_matrix_ahblite_axi_bridge_0_0.vhd", 193: 

*Error* Syntax error at ATTRIBUTE
"/home/ICer/work/vivado/ahb_matrix/ahb_matrix.ip_user_files/bd/ahb_axi_matrix/ip/ahb_axi_matrix_ahblite_axi_bridge_0_0/sim/ahb_axi_matrix_ahblite_axi_bridge_0_0.vhd", 194: 

*Error* Syntax error at ATTRIBUTE
"/home/ICer/work/vivado/ahb_matrix/ahb_matrix.ip_user_files/bd/ahb_axi_matrix/ip/ahb_axi_matrix_ahblite_axi_bridge_0_0/sim/ahb_axi_matrix_ahblite_axi_bridge_0_0.vhd", 195: 

*Error* Syntax error at ATTRIBUTE
"/home/ICer/work/vivado/ahb_matrix/ahb_matrix.ip_user_files/bd/ahb_axi_matrix/ip/ahb_axi_matrix_ahblite_axi_bridge_0_0/sim/ahb_axi_matrix_ahblite_axi_bridge_0_0.vhd", 196: 

*Error* Syntax error at ATTRIBUTE
"/home/ICer/work/vivado/ahb_matrix/ahb_matrix.ip_user_files/bd/ahb_axi_matrix/ip/ahb_axi_matrix_ahblite_axi_bridge_0_0/sim/ahb_axi_matrix_ahblite_axi_bridge_0_0.vhd", 197: 

*Error* Syntax error at ATTRIBUTE
"/home/ICer/work/vivado/ahb_matrix/ahb_matrix.ip_user_files/bd/ahb_axi_matrix/ip/ahb_axi_matrix_ahblite_axi_bridge_0_0/sim/ahb_axi_matrix_ahblite_axi_bridge_0_0.vhd", 198: 

*Error* Syntax error at ATTRIBUTE
"/home/ICer/work/vivado/ahb_matrix/ahb_matrix.ip_user_files/bd/ahb_axi_matrix/ip/ahb_axi_matrix_ahblite_axi_bridge_0_0/sim/ahb_axi_matrix_ahblite_axi_bridge_0_0.vhd", 199: 

*Error* Syntax error at ATTRIBUTE
"/home/ICer/work/vivado/ahb_matrix/ahb_matrix.ip_user_files/bd/ahb_axi_matrix/ip/ahb_axi_matrix_ahblite_axi_bridge_0_0/sim/ahb_axi_matrix_ahblite_axi_bridge_0_0.vhd", 200: 

*Error* Syntax error at ATTRIBUTE
"/home/ICer/work/vivado/ahb_matrix/ahb_matrix.ip_user_files/bd/ahb_axi_matrix/ip/ahb_axi_matrix_ahblite_axi_bridge_0_0/sim/ahb_axi_matrix_ahblite_axi_bridge_0_0.vhd", 201: 

*Error* Syntax error at ATTRIBUTE
"/home/ICer/work/vivado/ahb_matrix/ahb_matrix.ip_user_files/bd/ahb_axi_matrix/ip/ahb_axi_matrix_ahblite_axi_bridge_0_0/sim/ahb_axi_matrix_ahblite_axi_bridge_0_0.vhd", 202: 

*Error* Syntax error at ATTRIBUTE
"/home/ICer/work/vivado/ahb_matrix/ahb_matrix.ip_user_files/bd/ahb_axi_matrix/ip/ahb_axi_matrix_ahblite_axi_bridge_0_0/sim/ahb_axi_matrix_ahblite_axi_bridge_0_0.vhd", 203: 

*Error* Syntax error at ATTRIBUTE
"/home/ICer/work/vivado/ahb_matrix/ahb_matrix.ip_user_files/bd/ahb_axi_matrix/ip/ahb_axi_matrix_ahblite_axi_bridge_0_0/sim/ahb_axi_matrix_ahblite_axi_bridge_0_0.vhd", 204: 

*Error* Syntax error at ATTRIBUTE
"/home/ICer/work/vivado/ahb_matrix/ahb_matrix.ip_user_files/bd/ahb_axi_matrix/ip/ahb_axi_matrix_ahblite_axi_bridge_0_0/sim/ahb_axi_matrix_ahblite_axi_bridge_0_0.vhd", 205: 

*Error* Syntax error at ATTRIBUTE
"/home/ICer/work/vivado/ahb_matrix/ahb_matrix.ip_user_files/bd/ahb_axi_matrix/ip/ahb_axi_matrix_ahblite_axi_bridge_0_0/sim/ahb_axi_matrix_ahblite_axi_bridge_0_0.vhd", 206: 

*Error* Syntax error at ATTRIBUTE
"/home/ICer/work/vivado/ahb_matrix/ahb_matrix.ip_user_files/bd/ahb_axi_matrix/ip/ahb_axi_matrix_ahblite_axi_bridge_0_0/sim/ahb_axi_matrix_ahblite_axi_bridge_0_0.vhd", 207: 

*Error* Syntax error at ATTRIBUTE
"/home/ICer/work/vivado/ahb_matrix/ahb_matrix.ip_user_files/bd/ahb_axi_matrix/ip/ahb_axi_matrix_ahblite_axi_bridge_0_0/sim/ahb_axi_matrix_ahblite_axi_bridge_0_0.vhd", 208: 

*Error* Syntax error at ATTRIBUTE
"/home/ICer/work/vivado/ahb_matrix/ahb_matrix.ip_user_files/bd/ahb_axi_matrix/ip/ahb_axi_matrix_ahblite_axi_bridge_0_0/sim/ahb_axi_matrix_ahblite_axi_bridge_0_0.vhd", 209: 

*Error* Syntax error at ATTRIBUTE
"/home/ICer/work/vivado/ahb_matrix/ahb_matrix.ip_user_files/bd/ahb_axi_matrix/ip/ahb_axi_matrix_ahblite_axi_bridge_0_0/sim/ahb_axi_matrix_ahblite_axi_bridge_0_0.vhd", 210: 

*Error* Syntax error at ATTRIBUTE
"/home/ICer/work/vivado/ahb_matrix/ahb_matrix.ip_user_files/bd/ahb_axi_matrix/ip/ahb_axi_matrix_ahblite_axi_bridge_0_0/sim/ahb_axi_matrix_ahblite_axi_bridge_0_0.vhd", 211: 

*Error* Syntax error at ATTRIBUTE
"/home/ICer/work/vivado/ahb_matrix/ahb_matrix.ip_user_files/bd/ahb_axi_matrix/ip/ahb_axi_matrix_ahblite_axi_bridge_0_0/sim/ahb_axi_matrix_ahblite_axi_bridge_0_0.vhd", 212: 

*Error* Syntax error at ATTRIBUTE
"/home/ICer/work/vivado/ahb_matrix/ahb_matrix.ip_user_files/bd/ahb_axi_matrix/ip/ahb_axi_matrix_ahblite_axi_bridge_0_0/sim/ahb_axi_matrix_ahblite_axi_bridge_0_0.vhd", 213: 

*Error* Syntax error at ATTRIBUTE
"/home/ICer/work/vivado/ahb_matrix/ahb_matrix.ip_user_files/bd/ahb_axi_matrix/ip/ahb_axi_matrix_ahblite_axi_bridge_0_0/sim/ahb_axi_matrix_ahblite_axi_bridge_0_0.vhd", 214: 

*Error* Syntax error at ATTRIBUTE
"/home/ICer/work/vivado/ahb_matrix/ahb_matrix.ip_user_files/bd/ahb_axi_matrix/ip/ahb_axi_matrix_ahblite_axi_bridge_0_0/sim/ahb_axi_matrix_ahblite_axi_bridge_0_0.vhd", 215: 

*Error* Syntax error at ATTRIBUTE
"/home/ICer/work/vivado/ahb_matrix/ahb_matrix.ip_user_files/bd/ahb_axi_matrix/ip/ahb_axi_matrix_ahblite_axi_bridge_0_0/sim/ahb_axi_matrix_ahblite_axi_bridge_0_0.vhd", 216: 

*Error* Syntax error at ATTRIBUTE
"/home/ICer/work/vivado/ahb_matrix/ahb_matrix.ip_user_files/bd/ahb_axi_matrix/ip/ahb_axi_matrix_ahblite_axi_bridge_0_0/sim/ahb_axi_matrix_ahblite_axi_bridge_0_0.vhd", 217: 

*Error* Syntax error at ATTRIBUTE
"/home/ICer/work/vivado/ahb_matrix/ahb_matrix.ip_user_files/bd/ahb_axi_matrix/ip/ahb_axi_matrix_ahblite_axi_bridge_0_0/sim/ahb_axi_matrix_ahblite_axi_bridge_0_0.vhd", 218: 

*Error* Syntax error at "ADS 1, RUSER_BITS_PER_BYTE 0, WUSER_BITS_PER_BYTE 0, INSERT_VIP 0"
"/home/ICer/work/vivado/ahb_matrix/ahb_matrix.ip_user_files/bd/ahb_axi_matrix/ip/ahb_axi_matrix_ahblite_axi_bridge_0_0/sim/ahb_axi_matrix_ahblite_axi_bridge_0_0.vhd", 219: 

*Error* Syntax error at ATTRIBUTE
"/home/ICer/work/vivado/ahb_matrix/ahb_matrix.ip_user_files/bd/ahb_axi_matrix/ip/ahb_axi_matrix_ahblite_axi_bridge_0_0/sim/ahb_axi_matrix_ahblite_axi_bridge_0_0.vhd", 220: 

*Error* Syntax error at ATTRIBUTE
"/home/ICer/work/vivado/ahb_matrix/ahb_matrix.ip_user_files/bd/ahb_axi_matrix/ip/ahb_axi_matrix_ahblite_axi_bridge_0_0/sim/ahb_axi_matrix_ahblite_axi_bridge_0_0.vhd", 221: 

*Error* Syntax error at ATTRIBUTE
"/home/ICer/work/vivado/ahb_matrix/ahb_matrix.ip_user_files/bd/ahb_axi_matrix/ip/ahb_axi_matrix_ahblite_axi_bridge_0_0/sim/ahb_axi_matrix_ahblite_axi_bridge_0_0.vhd", 222: 

*Error* Syntax error at ATTRIBUTE
"/home/ICer/work/vivado/ahb_matrix/ahb_matrix.ip_user_files/bd/ahb_axi_matrix/ip/ahb_axi_matrix_ahblite_axi_bridge_0_0/sim/ahb_axi_matrix_ahblite_axi_bridge_0_0.vhd", 223: 

*Error* Syntax error at ATTRIBUTE
"/home/ICer/work/vivado/ahb_matrix/ahb_matrix.ip_user_files/bd/ahb_axi_matrix/ip/ahb_axi_matrix_ahblite_axi_bridge_0_0/sim/ahb_axi_matrix_ahblite_axi_bridge_0_0.vhd", 224: 

*Error* Syntax error at ATTRIBUTE
"/home/ICer/work/vivado/ahb_matrix/ahb_matrix.ip_user_files/bd/ahb_axi_matrix/ip/ahb_axi_matrix_ahblite_axi_bridge_0_0/sim/ahb_axi_matrix_ahblite_axi_bridge_0_0.vhd", 225: 

*Error* Syntax error at ATTRIBUTE
"/home/ICer/work/vivado/ahb_matrix/ahb_matrix.ip_user_files/bd/ahb_axi_matrix/ip/ahb_axi_matrix_ahblite_axi_bridge_0_0/sim/ahb_axi_matrix_ahblite_axi_bridge_0_0.vhd", 226: 

*Error* Syntax error at ATTRIBUTE
"/home/ICer/work/vivado/ahb_matrix/ahb_matrix.ip_user_files/bd/ahb_axi_matrix/ip/ahb_axi_matrix_ahblite_axi_bridge_0_0/sim/ahb_axi_matrix_ahblite_axi_bridge_0_0.vhd", 227: 

*Error* Syntax error at ATTRIBUTE
"/home/ICer/work/vivado/ahb_matrix/ahb_matrix.ip_user_files/bd/ahb_axi_matrix/ip/ahb_axi_matrix_ahblite_axi_bridge_0_0/sim/ahb_axi_matrix_ahblite_axi_bridge_0_0.vhd", 228: 

*Error* Syntax error at ATTRIBUTE
"/home/ICer/work/vivado/ahb_matrix/ahb_matrix.ip_user_files/bd/ahb_axi_matrix/ip/ahb_axi_matrix_ahblite_axi_bridge_0_0/sim/ahb_axi_matrix_ahblite_axi_bridge_0_0.vhd", 229: 

*Error* Syntax error at ATTRIBUTE
"/home/ICer/work/vivado/ahb_matrix/ahb_matrix.ip_user_files/bd/ahb_axi_matrix/ip/ahb_axi_matrix_ahblite_axi_bridge_0_0/sim/ahb_axi_matrix_ahblite_axi_bridge_0_0.vhd", 230: 

*Error* Syntax error at ATTRIBUTE
"/home/ICer/work/vivado/ahb_matrix/ahb_matrix.ip_user_files/bd/ahb_axi_matrix/ip/ahb_axi_matrix_ahblite_axi_bridge_0_0/sim/ahb_axi_matrix_ahblite_axi_bridge_0_0.vhd", 231: 

*Error* Syntax error at ATTRIBUTE
"/home/ICer/work/vivado/ahb_matrix/ahb_matrix.ip_user_files/bd/ahb_axi_matrix/ip/ahb_axi_matrix_ahblite_axi_bridge_0_0/sim/ahb_axi_matrix_ahblite_axi_bridge_0_0.vhd", 232: 

*Error* Syntax error at ATTRIBUTE
"/home/ICer/work/vivado/ahb_matrix/ahb_matrix.ip_user_files/bd/ahb_axi_matrix/ip/ahb_axi_matrix_ahblite_axi_bridge_0_0/sim/ahb_axi_matrix_ahblite_axi_bridge_0_0.vhd", 233: 

*Error* Syntax error at ATTRIBUTE
"/home/ICer/work/vivado/ahb_matrix/ahb_matrix.ip_user_files/bd/ahb_axi_matrix/ip/ahb_axi_matrix_ahblite_axi_bridge_0_0/sim/ahb_axi_matrix_ahblite_axi_bridge_0_0.vhd", 234: 

*Error* Syntax error at ATTRIBUTE
"/home/ICer/work/vivado/ahb_matrix/ahb_matrix.ip_user_files/bd/ahb_axi_matrix/ip/ahb_axi_matrix_ahblite_axi_bridge_0_0/sim/ahb_axi_matrix_ahblite_axi_bridge_0_0.vhd", 235: 

*Error* Syntax error at ATTRIBUTE
"/home/ICer/work/vivado/ahb_matrix/ahb_matrix.ip_user_files/bd/ahb_axi_matrix/ip/ahb_axi_matrix_ahblite_axi_bridge_0_0/sim/ahb_axi_matrix_ahblite_axi_bridge_0_0.vhd", 236: 

*Error* Syntax error at ATTRIBUTE
"/home/ICer/work/vivado/ahb_matrix/ahb_matrix.ip_user_files/bd/ahb_axi_matrix/ip/ahb_axi_matrix_ahblite_axi_bridge_0_0/sim/ahb_axi_matrix_ahblite_axi_bridge_0_0.vhd", 237: 

*Error* Syntax error at BEGIN
"/home/ICer/work/vivado/ahb_matrix/ahb_matrix.ip_user_files/bd/ahb_axi_matrix/ip/ahb_axi_matrix_ahblite_axi_bridge_0_0/sim/ahb_axi_matrix_ahblite_axi_bridge_0_0.vhd", 238: 

*Error* Syntax error at U0
"/home/ICer/work/vivado/ahb_matrix/ahb_matrix.ip_user_files/bd/ahb_axi_matrix/ip/ahb_axi_matrix_ahblite_axi_bridge_0_0/sim/ahb_axi_matrix_ahblite_axi_bridge_0_0.vhd", 239: 

*Error* Syntax error at GENERIC
"/home/ICer/work/vivado/ahb_matrix/ahb_matrix.ip_user_files/bd/ahb_axi_matrix/ip/ahb_axi_matrix_ahblite_axi_bridge_0_0/sim/ahb_axi_matrix_ahblite_axi_bridge_0_0.vhd", 240: 

*Error* Syntax error at C_FAMILY
"/home/ICer/work/vivado/ahb_matrix/ahb_matrix.ip_user_files/bd/ahb_axi_matrix/ip/ahb_axi_matrix_ahblite_axi_bridge_0_0/sim/ahb_axi_matrix_ahblite_axi_bridge_0_0.vhd", 241: 

*Error* Syntax error at C_INSTANCE
"/home/ICer/work/vivado/ahb_matrix/ahb_matrix.ip_user_files/bd/ahb_axi_matrix/ip/ahb_axi_matrix_ahblite_axi_bridge_0_0/sim/ahb_axi_matrix_ahblite_axi_bridge_0_0.vhd", 242: 

*Error* Syntax error at C_M_AXI_SUPPORTS_NARROW_BURST
"/home/ICer/work/vivado/ahb_matrix/ahb_matrix.ip_user_files/bd/ahb_axi_matrix/ip/ahb_axi_matrix_ahblite_axi_bridge_0_0/sim/ahb_axi_matrix_ahblite_axi_bridge_0_0.vhd", 243: 

*Error* Syntax error at C_M_AXI_NON_SECURE
"/home/ICer/work/vivado/ahb_matrix/ahb_matrix.ip_user_files/bd/ahb_axi_matrix/ip/ahb_axi_matrix_ahblite_axi_bridge_0_0/sim/ahb_axi_matrix_ahblite_axi_bridge_0_0.vhd", 244: 

*Error* Syntax error at C_S_AHB_ADDR_WIDTH
"/home/ICer/work/vivado/ahb_matrix/ahb_matrix.ip_user_files/bd/ahb_axi_matrix/ip/ahb_axi_matrix_ahblite_axi_bridge_0_0/sim/ahb_axi_matrix_ahblite_axi_bridge_0_0.vhd", 245: 

*Error* Syntax error at C_M_AXI_ADDR_WIDTH
"/home/ICer/work/vivado/ahb_matrix/ahb_matrix.ip_user_files/bd/ahb_axi_matrix/ip/ahb_axi_matrix_ahblite_axi_bridge_0_0/sim/ahb_axi_matrix_ahblite_axi_bridge_0_0.vhd", 246: 

*Error* Syntax error at C_S_AHB_DATA_WIDTH
"/home/ICer/work/vivado/ahb_matrix/ahb_matrix.ip_user_files/bd/ahb_axi_matrix/ip/ahb_axi_matrix_ahblite_axi_bridge_0_0/sim/ahb_axi_matrix_ahblite_axi_bridge_0_0.vhd", 247: 

*Error* Syntax error at C_M_AXI_DATA_WIDTH
"/home/ICer/work/vivado/ahb_matrix/ahb_matrix.ip_user_files/bd/ahb_axi_matrix/ip/ahb_axi_matrix_ahblite_axi_bridge_0_0/sim/ahb_axi_matrix_ahblite_axi_bridge_0_0.vhd", 248: 

*Error* Syntax error at C_M_AXI_PROTOCOL
"/home/ICer/work/vivado/ahb_matrix/ahb_matrix.ip_user_files/bd/ahb_axi_matrix/ip/ahb_axi_matrix_ahblite_axi_bridge_0_0/sim/ahb_axi_matrix_ahblite_axi_bridge_0_0.vhd", 249: 

*Error* Syntax error at C_M_AXI_THREAD_ID_WIDTH
"/home/ICer/work/vivado/ahb_matrix/ahb_matrix.ip_user_files/bd/ahb_axi_matrix/ip/ahb_axi_matrix_ahblite_axi_bridge_0_0/sim/ahb_axi_matrix_ahblite_axi_bridge_0_0.vhd", 250: 

*Error* Syntax error at C_AHB_AXI_TIMEOUT
"/home/ICer/work/vivado/ahb_matrix/ahb_matrix.ip_user_files/bd/ahb_axi_matrix/ip/ahb_axi_matrix_ahblite_axi_bridge_0_0/sim/ahb_axi_matrix_ahblite_axi_bridge_0_0.vhd", 251: 

*Error* Syntax error at )
"/home/ICer/work/vivado/ahb_matrix/ahb_matrix.ip_user_files/bd/ahb_axi_matrix/ip/ahb_axi_matrix_ahblite_axi_bridge_0_0/sim/ahb_axi_matrix_ahblite_axi_bridge_0_0.vhd", 252: 

*Error* Syntax error at PORT
"/home/ICer/work/vivado/ahb_matrix/ahb_matrix.ip_user_files/bd/ahb_axi_matrix/ip/ahb_axi_matrix_ahblite_axi_bridge_0_0/sim/ahb_axi_matrix_ahblite_axi_bridge_0_0.vhd", 253: 

*Error* Syntax error at s_ahb_hclk
"/home/ICer/work/vivado/ahb_matrix/ahb_matrix.ip_user_files/bd/ahb_axi_matrix/ip/ahb_axi_matrix_ahblite_axi_bridge_0_0/sim/ahb_axi_matrix_ahblite_axi_bridge_0_0.vhd", 254: 

*Error* Syntax error at s_ahb_hresetn
"/home/ICer/work/vivado/ahb_matrix/ahb_matrix.ip_user_files/bd/ahb_axi_matrix/ip/ahb_axi_matrix_ahblite_axi_bridge_0_0/sim/ahb_axi_matrix_ahblite_axi_bridge_0_0.vhd", 255: 

*Error* Syntax error at s_ahb_hsel
"/home/ICer/work/vivado/ahb_matrix/ahb_matrix.ip_user_files/bd/ahb_axi_matrix/ip/ahb_axi_matrix_ahblite_axi_bridge_0_0/sim/ahb_axi_matrix_ahblite_axi_bridge_0_0.vhd", 256: 

*Error* Syntax error at s_ahb_haddr
"/home/ICer/work/vivado/ahb_matrix/ahb_matrix.ip_user_files/bd/ahb_axi_matrix/ip/ahb_axi_matrix_ahblite_axi_bridge_0_0/sim/ahb_axi_matrix_ahblite_axi_bridge_0_0.vhd", 257: 

*Error* Syntax error at s_ahb_hprot
"/home/ICer/work/vivado/ahb_matrix/ahb_matrix.ip_user_files/bd/ahb_axi_matrix/ip/ahb_axi_matrix_ahblite_axi_bridge_0_0/sim/ahb_axi_matrix_ahblite_axi_bridge_0_0.vhd", 258: 

*Error* Syntax error at s_ahb_htrans
"/home/ICer/work/vivado/ahb_matrix/ahb_matrix.ip_user_files/bd/ahb_axi_matrix/ip/ahb_axi_matrix_ahblite_axi_bridge_0_0/sim/ahb_axi_matrix_ahblite_axi_bridge_0_0.vhd", 259: 

*Error* Syntax error at s_ahb_hsize
"/home/ICer/work/vivado/ahb_matrix/ahb_matrix.ip_user_files/bd/ahb_axi_matrix/ip/ahb_axi_matrix_ahblite_axi_bridge_0_0/sim/ahb_axi_matrix_ahblite_axi_bridge_0_0.vhd", 260: 

*Error* Syntax error at s_ahb_hwrite
"/home/ICer/work/vivado/ahb_matrix/ahb_matrix.ip_user_files/bd/ahb_axi_matrix/ip/ahb_axi_matrix_ahblite_axi_bridge_0_0/sim/ahb_axi_matrix_ahblite_axi_bridge_0_0.vhd", 261: 

*Error* Syntax error at s_ahb_hburst
"/home/ICer/work/vivado/ahb_matrix/ahb_matrix.ip_user_files/bd/ahb_axi_matrix/ip/ahb_axi_matrix_ahblite_axi_bridge_0_0/sim/ahb_axi_matrix_ahblite_axi_bridge_0_0.vhd", 262: 

*Error* Syntax error at s_ahb_hwdata
"/home/ICer/work/vivado/ahb_matrix/ahb_matrix.ip_user_files/bd/ahb_axi_matrix/ip/ahb_axi_matrix_ahblite_axi_bridge_0_0/sim/ahb_axi_matrix_ahblite_axi_bridge_0_0.vhd", 263: 

*Error* Syntax error at s_ahb_hready_out
"/home/ICer/work/vivado/ahb_matrix/ahb_matrix.ip_user_files/bd/ahb_axi_matrix/ip/ahb_axi_matrix_ahblite_axi_bridge_0_0/sim/ahb_axi_matrix_ahblite_axi_bridge_0_0.vhd", 264: 

*Error* Syntax error at s_ahb_hready_in
"/home/ICer/work/vivado/ahb_matrix/ahb_matrix.ip_user_files/bd/ahb_axi_matrix/ip/ahb_axi_matrix_ahblite_axi_bridge_0_0/sim/ahb_axi_matrix_ahblite_axi_bridge_0_0.vhd", 265: 

*Error* Syntax error at s_ahb_hrdata
"/home/ICer/work/vivado/ahb_matrix/ahb_matrix.ip_user_files/bd/ahb_axi_matrix/ip/ahb_axi_matrix_ahblite_axi_bridge_0_0/sim/ahb_axi_matrix_ahblite_axi_bridge_0_0.vhd", 266: 

*Error* Syntax error at s_ahb_hresp
"/home/ICer/work/vivado/ahb_matrix/ahb_matrix.ip_user_files/bd/ahb_axi_matrix/ip/ahb_axi_matrix_ahblite_axi_bridge_0_0/sim/ahb_axi_matrix_ahblite_axi_bridge_0_0.vhd", 267: 

*Error* Syntax error at m_axi_awid
"/home/ICer/work/vivado/ahb_matrix/ahb_matrix.ip_user_files/bd/ahb_axi_matrix/ip/ahb_axi_matrix_ahblite_axi_bridge_0_0/sim/ahb_axi_matrix_ahblite_axi_bridge_0_0.vhd", 268: 

*Error* Syntax error at m_axi_awlen
"/home/ICer/work/vivado/ahb_matrix/ahb_matrix.ip_user_files/bd/ahb_axi_matrix/ip/ahb_axi_matrix_ahblite_axi_bridge_0_0/sim/ahb_axi_matrix_ahblite_axi_bridge_0_0.vhd", 269: 

*Error* Syntax error at m_axi_awsize
"/home/ICer/work/vivado/ahb_matrix/ahb_matrix.ip_user_files/bd/ahb_axi_matrix/ip/ahb_axi_matrix_ahblite_axi_bridge_0_0/sim/ahb_axi_matrix_ahblite_axi_bridge_0_0.vhd", 270: 

*Error* Syntax error at m_axi_awburst
"/home/ICer/work/vivado/ahb_matrix/ahb_matrix.ip_user_files/bd/ahb_axi_matrix/ip/ahb_axi_matrix_ahblite_axi_bridge_0_0/sim/ahb_axi_matrix_ahblite_axi_bridge_0_0.vhd", 271: 

*Error* Syntax error at m_axi_awcache
"/home/ICer/work/vivado/ahb_matrix/ahb_matrix.ip_user_files/bd/ahb_axi_matrix/ip/ahb_axi_matrix_ahblite_axi_bridge_0_0/sim/ahb_axi_matrix_ahblite_axi_bridge_0_0.vhd", 272: 

*Error* Syntax error at m_axi_awaddr
"/home/ICer/work/vivado/ahb_matrix/ahb_matrix.ip_user_files/bd/ahb_axi_matrix/ip/ahb_axi_matrix_ahblite_axi_bridge_0_0/sim/ahb_axi_matrix_ahblite_axi_bridge_0_0.vhd", 273: 

*Error* Syntax error at m_axi_awprot
"/home/ICer/work/vivado/ahb_matrix/ahb_matrix.ip_user_files/bd/ahb_axi_matrix/ip/ahb_axi_matrix_ahblite_axi_bridge_0_0/sim/ahb_axi_matrix_ahblite_axi_bridge_0_0.vhd", 274: 

*Error* Syntax error at m_axi_awvalid
"/home/ICer/work/vivado/ahb_matrix/ahb_matrix.ip_user_files/bd/ahb_axi_matrix/ip/ahb_axi_matrix_ahblite_axi_bridge_0_0/sim/ahb_axi_matrix_ahblite_axi_bridge_0_0.vhd", 275: 

*Error* Syntax error at m_axi_awready
"/home/ICer/work/vivado/ahb_matrix/ahb_matrix.ip_user_files/bd/ahb_axi_matrix/ip/ahb_axi_matrix_ahblite_axi_bridge_0_0/sim/ahb_axi_matrix_ahblite_axi_bridge_0_0.vhd", 276: 

*Error* Syntax error at m_axi_awlock
"/home/ICer/work/vivado/ahb_matrix/ahb_matrix.ip_user_files/bd/ahb_axi_matrix/ip/ahb_axi_matrix_ahblite_axi_bridge_0_0/sim/ahb_axi_matrix_ahblite_axi_bridge_0_0.vhd", 277: 

*Error* Syntax error at m_axi_wdata
"/home/ICer/work/vivado/ahb_matrix/ahb_matrix.ip_user_files/bd/ahb_axi_matrix/ip/ahb_axi_matrix_ahblite_axi_bridge_0_0/sim/ahb_axi_matrix_ahblite_axi_bridge_0_0.vhd", 278: 

*Error* Syntax error at m_axi_wstrb
"/home/ICer/work/vivado/ahb_matrix/ahb_matrix.ip_user_files/bd/ahb_axi_matrix/ip/ahb_axi_matrix_ahblite_axi_bridge_0_0/sim/ahb_axi_matrix_ahblite_axi_bridge_0_0.vhd", 279: 

*Error* Syntax error at m_axi_wlast
"/home/ICer/work/vivado/ahb_matrix/ahb_matrix.ip_user_files/bd/ahb_axi_matrix/ip/ahb_axi_matrix_ahblite_axi_bridge_0_0/sim/ahb_axi_matrix_ahblite_axi_bridge_0_0.vhd", 280: 

*Error* Syntax error at m_axi_wvalid
"/home/ICer/work/vivado/ahb_matrix/ahb_matrix.ip_user_files/bd/ahb_axi_matrix/ip/ahb_axi_matrix_ahblite_axi_bridge_0_0/sim/ahb_axi_matrix_ahblite_axi_bridge_0_0.vhd", 281: 

*Error* Syntax error at m_axi_wready
"/home/ICer/work/vivado/ahb_matrix/ahb_matrix.ip_user_files/bd/ahb_axi_matrix/ip/ahb_axi_matrix_ahblite_axi_bridge_0_0/sim/ahb_axi_matrix_ahblite_axi_bridge_0_0.vhd", 282: 

*Error* Syntax error at m_axi_bid
"/home/ICer/work/vivado/ahb_matrix/ahb_matrix.ip_user_files/bd/ahb_axi_matrix/ip/ahb_axi_matrix_ahblite_axi_bridge_0_0/sim/ahb_axi_matrix_ahblite_axi_bridge_0_0.vhd", 283: 

*Error* Syntax error at m_axi_bresp
"/home/ICer/work/vivado/ahb_matrix/ahb_matrix.ip_user_files/bd/ahb_axi_matrix/ip/ahb_axi_matrix_ahblite_axi_bridge_0_0/sim/ahb_axi_matrix_ahblite_axi_bridge_0_0.vhd", 284: 

*Error* Syntax error at m_axi_bvalid
"/home/ICer/work/vivado/ahb_matrix/ahb_matrix.ip_user_files/bd/ahb_axi_matrix/ip/ahb_axi_matrix_ahblite_axi_bridge_0_0/sim/ahb_axi_matrix_ahblite_axi_bridge_0_0.vhd", 285: 

*Error* Syntax error at m_axi_bready
"/home/ICer/work/vivado/ahb_matrix/ahb_matrix.ip_user_files/bd/ahb_axi_matrix/ip/ahb_axi_matrix_ahblite_axi_bridge_0_0/sim/ahb_axi_matrix_ahblite_axi_bridge_0_0.vhd", 286: 

*Error* Syntax error at m_axi_arid
"/home/ICer/work/vivado/ahb_matrix/ahb_matrix.ip_user_files/bd/ahb_axi_matrix/ip/ahb_axi_matrix_ahblite_axi_bridge_0_0/sim/ahb_axi_matrix_ahblite_axi_bridge_0_0.vhd", 287: 

*Error* Syntax error at m_axi_arlen
"/home/ICer/work/vivado/ahb_matrix/ahb_matrix.ip_user_files/bd/ahb_axi_matrix/ip/ahb_axi_matrix_ahblite_axi_bridge_0_0/sim/ahb_axi_matrix_ahblite_axi_bridge_0_0.vhd", 288: 

*Error* Syntax error at m_axi_arsize
"/home/ICer/work/vivado/ahb_matrix/ahb_matrix.ip_user_files/bd/ahb_axi_matrix/ip/ahb_axi_matrix_ahblite_axi_bridge_0_0/sim/ahb_axi_matrix_ahblite_axi_bridge_0_0.vhd", 289: 

*Error* Syntax error at m_axi_arburst
"/home/ICer/work/vivado/ahb_matrix/ahb_matrix.ip_user_files/bd/ahb_axi_matrix/ip/ahb_axi_matrix_ahblite_axi_bridge_0_0/sim/ahb_axi_matrix_ahblite_axi_bridge_0_0.vhd", 290: 

*Error* Syntax error at m_axi_arprot
"/home/ICer/work/vivado/ahb_matrix/ahb_matrix.ip_user_files/bd/ahb_axi_matrix/ip/ahb_axi_matrix_ahblite_axi_bridge_0_0/sim/ahb_axi_matrix_ahblite_axi_bridge_0_0.vhd", 291: 

*Error* Syntax error at m_axi_arcache
"/home/ICer/work/vivado/ahb_matrix/ahb_matrix.ip_user_files/bd/ahb_axi_matrix/ip/ahb_axi_matrix_ahblite_axi_bridge_0_0/sim/ahb_axi_matrix_ahblite_axi_bridge_0_0.vhd", 292: 

*Error* Syntax error at m_axi_arvalid
"/home/ICer/work/vivado/ahb_matrix/ahb_matrix.ip_user_files/bd/ahb_axi_matrix/ip/ahb_axi_matrix_ahblite_axi_bridge_0_0/sim/ahb_axi_matrix_ahblite_axi_bridge_0_0.vhd", 293: 

*Error* Syntax error at m_axi_araddr
"/home/ICer/work/vivado/ahb_matrix/ahb_matrix.ip_user_files/bd/ahb_axi_matrix/ip/ahb_axi_matrix_ahblite_axi_bridge_0_0/sim/ahb_axi_matrix_ahblite_axi_bridge_0_0.vhd", 294: 

*Error* Syntax error at m_axi_arlock
"/home/ICer/work/vivado/ahb_matrix/ahb_matrix.ip_user_files/bd/ahb_axi_matrix/ip/ahb_axi_matrix_ahblite_axi_bridge_0_0/sim/ahb_axi_matrix_ahblite_axi_bridge_0_0.vhd", 295: 

*Error* Syntax error at m_axi_arready
"/home/ICer/work/vivado/ahb_matrix/ahb_matrix.ip_user_files/bd/ahb_axi_matrix/ip/ahb_axi_matrix_ahblite_axi_bridge_0_0/sim/ahb_axi_matrix_ahblite_axi_bridge_0_0.vhd", 296: 

*Error* Syntax error at m_axi_rid
"/home/ICer/work/vivado/ahb_matrix/ahb_matrix.ip_user_files/bd/ahb_axi_matrix/ip/ahb_axi_matrix_ahblite_axi_bridge_0_0/sim/ahb_axi_matrix_ahblite_axi_bridge_0_0.vhd", 297: 

*Error* Syntax error at m_axi_rdata
"/home/ICer/work/vivado/ahb_matrix/ahb_matrix.ip_user_files/bd/ahb_axi_matrix/ip/ahb_axi_matrix_ahblite_axi_bridge_0_0/sim/ahb_axi_matrix_ahblite_axi_bridge_0_0.vhd", 298: 

*Error* Syntax error at m_axi_rresp
"/home/ICer/work/vivado/ahb_matrix/ahb_matrix.ip_user_files/bd/ahb_axi_matrix/ip/ahb_axi_matrix_ahblite_axi_bridge_0_0/sim/ahb_axi_matrix_ahblite_axi_bridge_0_0.vhd", 299: 

*Error* Syntax error at m_axi_rvalid
"/home/ICer/work/vivado/ahb_matrix/ahb_matrix.ip_user_files/bd/ahb_axi_matrix/ip/ahb_axi_matrix_ahblite_axi_bridge_0_0/sim/ahb_axi_matrix_ahblite_axi_bridge_0_0.vhd", 300: 

*Error* Syntax error at m_axi_rlast
"/home/ICer/work/vivado/ahb_matrix/ahb_matrix.ip_user_files/bd/ahb_axi_matrix/ip/ahb_axi_matrix_ahblite_axi_bridge_0_0/sim/ahb_axi_matrix_ahblite_axi_bridge_0_0.vhd", 301: 

*Error* Syntax error at m_axi_rready
"/home/ICer/work/vivado/ahb_matrix/ahb_matrix.ip_user_files/bd/ahb_axi_matrix/ip/ahb_axi_matrix_ahblite_axi_bridge_0_0/sim/ahb_axi_matrix_ahblite_axi_bridge_0_0.vhd", 302: 

*Error* Syntax error at )
"/home/ICer/work/vivado/ahb_matrix/ahb_matrix.ip_user_files/bd/ahb_axi_matrix/ip/ahb_axi_matrix_ahblite_axi_bridge_0_0/sim/ahb_axi_matrix_ahblite_axi_bridge_0_0.vhd", 303: 

*Error* Syntax error at END
"/home/ICer/work/vivado/ahb_matrix/ahb_matrix.ip_user_files/bd/ahb_axi_matrix/ip/ahb_axi_matrix_ahblite_axi_bridge_0_0/sim/ahb_axi_matrix_ahblite_axi_bridge_0_0.vhd", 304: 

*Error* Syntax error at --
"/home/ICer/work/vivado/ahb_matrix/ahb_matrix.ip_user_files/bd/ahb_axi_matrix/ip/ahb_axi_matrix_ahblite_axi_bridge_0_1/sim/ahb_axi_matrix_ahblite_axi_bridge_0_1.vhd", 1: 

*Error* Syntax error at --
"/home/ICer/work/vivado/ahb_matrix/ahb_matrix.ip_user_files/bd/ahb_axi_matrix/ip/ahb_axi_matrix_ahblite_axi_bridge_0_1/sim/ahb_axi_matrix_ahblite_axi_bridge_0_1.vhd", 2: 

*Error* Syntax error at --
"/home/ICer/work/vivado/ahb_matrix/ahb_matrix.ip_user_files/bd/ahb_axi_matrix/ip/ahb_axi_matrix_ahblite_axi_bridge_0_1/sim/ahb_axi_matrix_ahblite_axi_bridge_0_1.vhd", 3: 

*Error* Syntax error at --
"/home/ICer/work/vivado/ahb_matrix/ahb_matrix.ip_user_files/bd/ahb_axi_matrix/ip/ahb_axi_matrix_ahblite_axi_bridge_0_1/sim/ahb_axi_matrix_ahblite_axi_bridge_0_1.vhd", 4: 

*Error* Syntax error at --
"/home/ICer/work/vivado/ahb_matrix/ahb_matrix.ip_user_files/bd/ahb_axi_matrix/ip/ahb_axi_matrix_ahblite_axi_bridge_0_1/sim/ahb_axi_matrix_ahblite_axi_bridge_0_1.vhd", 5: 

*Error* Syntax error at --
"/home/ICer/work/vivado/ahb_matrix/ahb_matrix.ip_user_files/bd/ahb_axi_matrix/ip/ahb_axi_matrix_ahblite_axi_bridge_0_1/sim/ahb_axi_matrix_ahblite_axi_bridge_0_1.vhd", 6: 

*Error* Syntax error at --
"/home/ICer/work/vivado/ahb_matrix/ahb_matrix.ip_user_files/bd/ahb_axi_matrix/ip/ahb_axi_matrix_ahblite_axi_bridge_0_1/sim/ahb_axi_matrix_ahblite_axi_bridge_0_1.vhd", 7: 

*Error* Syntax error at --
"/home/ICer/work/vivado/ahb_matrix/ahb_matrix.ip_user_files/bd/ahb_axi_matrix/ip/ahb_axi_matrix_ahblite_axi_bridge_0_1/sim/ahb_axi_matrix_ahblite_axi_bridge_0_1.vhd", 8: 

*Error* Syntax error at --
"/home/ICer/work/vivado/ahb_matrix/ahb_matrix.ip_user_files/bd/ahb_axi_matrix/ip/ahb_axi_matrix_ahblite_axi_bridge_0_1/sim/ahb_axi_matrix_ahblite_axi_bridge_0_1.vhd", 9: 

*Error* Syntax error at --
"/home/ICer/work/vivado/ahb_matrix/ahb_matrix.ip_user_files/bd/ahb_axi_matrix/ip/ahb_axi_matrix_ahblite_axi_bridge_0_1/sim/ahb_axi_matrix_ahblite_axi_bridge_0_1.vhd", 10: 

*Error* Syntax error at --
"/home/ICer/work/vivado/ahb_matrix/ahb_matrix.ip_user_files/bd/ahb_axi_matrix/ip/ahb_axi_matrix_ahblite_axi_bridge_0_1/sim/ahb_axi_matrix_ahblite_axi_bridge_0_1.vhd", 11: 

*Error* Syntax error at --
"/home/ICer/work/vivado/ahb_matrix/ahb_matrix.ip_user_files/bd/ahb_axi_matrix/ip/ahb_axi_matrix_ahblite_axi_bridge_0_1/sim/ahb_axi_matrix_ahblite_axi_bridge_0_1.vhd", 12: 

*Error* Syntax error at --
"/home/ICer/work/vivado/ahb_matrix/ahb_matrix.ip_user_files/bd/ahb_axi_matrix/ip/ahb_axi_matrix_ahblite_axi_bridge_0_1/sim/ahb_axi_matrix_ahblite_axi_bridge_0_1.vhd", 13: 

*Error* Syntax error at --
"/home/ICer/work/vivado/ahb_matrix/ahb_matrix.ip_user_files/bd/ahb_axi_matrix/ip/ahb_axi_matrix_ahblite_axi_bridge_0_1/sim/ahb_axi_matrix_ahblite_axi_bridge_0_1.vhd", 14: 

*Error* Syntax error at --
"/home/ICer/work/vivado/ahb_matrix/ahb_matrix.ip_user_files/bd/ahb_axi_matrix/ip/ahb_axi_matrix_ahblite_axi_bridge_0_1/sim/ahb_axi_matrix_ahblite_axi_bridge_0_1.vhd", 15: 

*Error* Syntax error at --
"/home/ICer/work/vivado/ahb_matrix/ahb_matrix.ip_user_files/bd/ahb_axi_matrix/ip/ahb_axi_matrix_ahblite_axi_bridge_0_1/sim/ahb_axi_matrix_ahblite_axi_bridge_0_1.vhd", 16: 

*Error* Syntax error at --
"/home/ICer/work/vivado/ahb_matrix/ahb_matrix.ip_user_files/bd/ahb_axi_matrix/ip/ahb_axi_matrix_ahblite_axi_bridge_0_1/sim/ahb_axi_matrix_ahblite_axi_bridge_0_1.vhd", 17: 

*Error* Syntax error at --
"/home/ICer/work/vivado/ahb_matrix/ahb_matrix.ip_user_files/bd/ahb_axi_matrix/ip/ahb_axi_matrix_ahblite_axi_bridge_0_1/sim/ahb_axi_matrix_ahblite_axi_bridge_0_1.vhd", 18: 

*Error* Syntax error at --
"/home/ICer/work/vivado/ahb_matrix/ahb_matrix.ip_user_files/bd/ahb_axi_matrix/ip/ahb_axi_matrix_ahblite_axi_bridge_0_1/sim/ahb_axi_matrix_ahblite_axi_bridge_0_1.vhd", 19: 

*Error* Syntax error at --
"/home/ICer/work/vivado/ahb_matrix/ahb_matrix.ip_user_files/bd/ahb_axi_matrix/ip/ahb_axi_matrix_ahblite_axi_bridge_0_1/sim/ahb_axi_matrix_ahblite_axi_bridge_0_1.vhd", 20: 

*Error* Syntax error at --
"/home/ICer/work/vivado/ahb_matrix/ahb_matrix.ip_user_files/bd/ahb_axi_matrix/ip/ahb_axi_matrix_ahblite_axi_bridge_0_1/sim/ahb_axi_matrix_ahblite_axi_bridge_0_1.vhd", 21: 

*Error* Syntax error at --
"/home/ICer/work/vivado/ahb_matrix/ahb_matrix.ip_user_files/bd/ahb_axi_matrix/ip/ahb_axi_matrix_ahblite_axi_bridge_0_1/sim/ahb_axi_matrix_ahblite_axi_bridge_0_1.vhd", 22: 

*Error* Syntax error at --
"/home/ICer/work/vivado/ahb_matrix/ahb_matrix.ip_user_files/bd/ahb_axi_matrix/ip/ahb_axi_matrix_ahblite_axi_bridge_0_1/sim/ahb_axi_matrix_ahblite_axi_bridge_0_1.vhd", 23: 

*Error* Syntax error at --
"/home/ICer/work/vivado/ahb_matrix/ahb_matrix.ip_user_files/bd/ahb_axi_matrix/ip/ahb_axi_matrix_ahblite_axi_bridge_0_1/sim/ahb_axi_matrix_ahblite_axi_bridge_0_1.vhd", 24: 

*Error* Syntax error at --
"/home/ICer/work/vivado/ahb_matrix/ahb_matrix.ip_user_files/bd/ahb_axi_matrix/ip/ahb_axi_matrix_ahblite_axi_bridge_0_1/sim/ahb_axi_matrix_ahblite_axi_bridge_0_1.vhd", 25: 

*Error* Syntax error at --
"/home/ICer/work/vivado/ahb_matrix/ahb_matrix.ip_user_files/bd/ahb_axi_matrix/ip/ahb_axi_matrix_ahblite_axi_bridge_0_1/sim/ahb_axi_matrix_ahblite_axi_bridge_0_1.vhd", 26: 

*Error* Syntax error at --
"/home/ICer/work/vivado/ahb_matrix/ahb_matrix.ip_user_files/bd/ahb_axi_matrix/ip/ahb_axi_matrix_ahblite_axi_bridge_0_1/sim/ahb_axi_matrix_ahblite_axi_bridge_0_1.vhd", 27: 

*Error* Syntax error at --
"/home/ICer/work/vivado/ahb_matrix/ahb_matrix.ip_user_files/bd/ahb_axi_matrix/ip/ahb_axi_matrix_ahblite_axi_bridge_0_1/sim/ahb_axi_matrix_ahblite_axi_bridge_0_1.vhd", 28: 

*Error* Syntax error at --
"/home/ICer/work/vivado/ahb_matrix/ahb_matrix.ip_user_files/bd/ahb_axi_matrix/ip/ahb_axi_matrix_ahblite_axi_bridge_0_1/sim/ahb_axi_matrix_ahblite_axi_bridge_0_1.vhd", 29: 

*Error* Syntax error at --
"/home/ICer/work/vivado/ahb_matrix/ahb_matrix.ip_user_files/bd/ahb_axi_matrix/ip/ahb_axi_matrix_ahblite_axi_bridge_0_1/sim/ahb_axi_matrix_ahblite_axi_bridge_0_1.vhd", 30: 

*Error* Syntax error at --
"/home/ICer/work/vivado/ahb_matrix/ahb_matrix.ip_user_files/bd/ahb_axi_matrix/ip/ahb_axi_matrix_ahblite_axi_bridge_0_1/sim/ahb_axi_matrix_ahblite_axi_bridge_0_1.vhd", 31: 

*Error* Syntax error at --
"/home/ICer/work/vivado/ahb_matrix/ahb_matrix.ip_user_files/bd/ahb_axi_matrix/ip/ahb_axi_matrix_ahblite_axi_bridge_0_1/sim/ahb_axi_matrix_ahblite_axi_bridge_0_1.vhd", 32: 

*Error* Syntax error at --
"/home/ICer/work/vivado/ahb_matrix/ahb_matrix.ip_user_files/bd/ahb_axi_matrix/ip/ahb_axi_matrix_ahblite_axi_bridge_0_1/sim/ahb_axi_matrix_ahblite_axi_bridge_0_1.vhd", 33: 

*Error* Syntax error at --
"/home/ICer/work/vivado/ahb_matrix/ahb_matrix.ip_user_files/bd/ahb_axi_matrix/ip/ahb_axi_matrix_ahblite_axi_bridge_0_1/sim/ahb_axi_matrix_ahblite_axi_bridge_0_1.vhd", 34: 

*Error* Syntax error at --
"/home/ICer/work/vivado/ahb_matrix/ahb_matrix.ip_user_files/bd/ahb_axi_matrix/ip/ahb_axi_matrix_ahblite_axi_bridge_0_1/sim/ahb_axi_matrix_ahblite_axi_bridge_0_1.vhd", 35: 

*Error* Syntax error at --
"/home/ICer/work/vivado/ahb_matrix/ahb_matrix.ip_user_files/bd/ahb_axi_matrix/ip/ahb_axi_matrix_ahblite_axi_bridge_0_1/sim/ahb_axi_matrix_ahblite_axi_bridge_0_1.vhd", 36: 

*Error* Syntax error at --
"/home/ICer/work/vivado/ahb_matrix/ahb_matrix.ip_user_files/bd/ahb_axi_matrix/ip/ahb_axi_matrix_ahblite_axi_bridge_0_1/sim/ahb_axi_matrix_ahblite_axi_bridge_0_1.vhd", 37: 

*Error* Syntax error at --
"/home/ICer/work/vivado/ahb_matrix/ahb_matrix.ip_user_files/bd/ahb_axi_matrix/ip/ahb_axi_matrix_ahblite_axi_bridge_0_1/sim/ahb_axi_matrix_ahblite_axi_bridge_0_1.vhd", 38: 

*Error* Syntax error at --
"/home/ICer/work/vivado/ahb_matrix/ahb_matrix.ip_user_files/bd/ahb_axi_matrix/ip/ahb_axi_matrix_ahblite_axi_bridge_0_1/sim/ahb_axi_matrix_ahblite_axi_bridge_0_1.vhd", 39: 

*Error* Syntax error at --
"/home/ICer/work/vivado/ahb_matrix/ahb_matrix.ip_user_files/bd/ahb_axi_matrix/ip/ahb_axi_matrix_ahblite_axi_bridge_0_1/sim/ahb_axi_matrix_ahblite_axi_bridge_0_1.vhd", 40: 

*Error* Syntax error at --
"/home/ICer/work/vivado/ahb_matrix/ahb_matrix.ip_user_files/bd/ahb_axi_matrix/ip/ahb_axi_matrix_ahblite_axi_bridge_0_1/sim/ahb_axi_matrix_ahblite_axi_bridge_0_1.vhd", 41: 

*Error* Syntax error at --
"/home/ICer/work/vivado/ahb_matrix/ahb_matrix.ip_user_files/bd/ahb_axi_matrix/ip/ahb_axi_matrix_ahblite_axi_bridge_0_1/sim/ahb_axi_matrix_ahblite_axi_bridge_0_1.vhd", 42: 

*Error* Syntax error at --
"/home/ICer/work/vivado/ahb_matrix/ahb_matrix.ip_user_files/bd/ahb_axi_matrix/ip/ahb_axi_matrix_ahblite_axi_bridge_0_1/sim/ahb_axi_matrix_ahblite_axi_bridge_0_1.vhd", 43: 

*Error* Syntax error at --
"/home/ICer/work/vivado/ahb_matrix/ahb_matrix.ip_user_files/bd/ahb_axi_matrix/ip/ahb_axi_matrix_ahblite_axi_bridge_0_1/sim/ahb_axi_matrix_ahblite_axi_bridge_0_1.vhd", 44: 

*Error* Syntax error at --
"/home/ICer/work/vivado/ahb_matrix/ahb_matrix.ip_user_files/bd/ahb_axi_matrix/ip/ahb_axi_matrix_ahblite_axi_bridge_0_1/sim/ahb_axi_matrix_ahblite_axi_bridge_0_1.vhd", 45: 

*Error* Syntax error at --
"/home/ICer/work/vivado/ahb_matrix/ahb_matrix.ip_user_files/bd/ahb_axi_matrix/ip/ahb_axi_matrix_ahblite_axi_bridge_0_1/sim/ahb_axi_matrix_ahblite_axi_bridge_0_1.vhd", 46: 

*Error* Syntax error at --
"/home/ICer/work/vivado/ahb_matrix/ahb_matrix.ip_user_files/bd/ahb_axi_matrix/ip/ahb_axi_matrix_ahblite_axi_bridge_0_1/sim/ahb_axi_matrix_ahblite_axi_bridge_0_1.vhd", 47: 

*Error* Syntax error at --
"/home/ICer/work/vivado/ahb_matrix/ahb_matrix.ip_user_files/bd/ahb_axi_matrix/ip/ahb_axi_matrix_ahblite_axi_bridge_0_1/sim/ahb_axi_matrix_ahblite_axi_bridge_0_1.vhd", 49: 

*Error* Syntax error at --
"/home/ICer/work/vivado/ahb_matrix/ahb_matrix.ip_user_files/bd/ahb_axi_matrix/ip/ahb_axi_matrix_ahblite_axi_bridge_0_1/sim/ahb_axi_matrix_ahblite_axi_bridge_0_1.vhd", 50: 

*Error* Syntax error at LIBRARY
"/home/ICer/work/vivado/ahb_matrix/ahb_matrix.ip_user_files/bd/ahb_axi_matrix/ip/ahb_axi_matrix_ahblite_axi_bridge_0_1/sim/ahb_axi_matrix_ahblite_axi_bridge_0_1.vhd", 52: 

*Error* Syntax error at USE
"/home/ICer/work/vivado/ahb_matrix/ahb_matrix.ip_user_files/bd/ahb_axi_matrix/ip/ahb_axi_matrix_ahblite_axi_bridge_0_1/sim/ahb_axi_matrix_ahblite_axi_bridge_0_1.vhd", 53: 

*Error* Syntax error at USE
"/home/ICer/work/vivado/ahb_matrix/ahb_matrix.ip_user_files/bd/ahb_axi_matrix/ip/ahb_axi_matrix_ahblite_axi_bridge_0_1/sim/ahb_axi_matrix_ahblite_axi_bridge_0_1.vhd", 54: 

*Error* Syntax error at LIBRARY
"/home/ICer/work/vivado/ahb_matrix/ahb_matrix.ip_user_files/bd/ahb_axi_matrix/ip/ahb_axi_matrix_ahblite_axi_bridge_0_1/sim/ahb_axi_matrix_ahblite_axi_bridge_0_1.vhd", 56: 

*Error* Syntax error at USE
"/home/ICer/work/vivado/ahb_matrix/ahb_matrix.ip_user_files/bd/ahb_axi_matrix/ip/ahb_axi_matrix_ahblite_axi_bridge_0_1/sim/ahb_axi_matrix_ahblite_axi_bridge_0_1.vhd", 57: 

*Error* Syntax error at ENTITY
"/home/ICer/work/vivado/ahb_matrix/ahb_matrix.ip_user_files/bd/ahb_axi_matrix/ip/ahb_axi_matrix_ahblite_axi_bridge_0_1/sim/ahb_axi_matrix_ahblite_axi_bridge_0_1.vhd", 59: 

*Error* Syntax error at PORT
"/home/ICer/work/vivado/ahb_matrix/ahb_matrix.ip_user_files/bd/ahb_axi_matrix/ip/ahb_axi_matrix_ahblite_axi_bridge_0_1/sim/ahb_axi_matrix_ahblite_axi_bridge_0_1.vhd", 60: 

*Error* Syntax error at s_ahb_hclk
"/home/ICer/work/vivado/ahb_matrix/ahb_matrix.ip_user_files/bd/ahb_axi_matrix/ip/ahb_axi_matrix_ahblite_axi_bridge_0_1/sim/ahb_axi_matrix_ahblite_axi_bridge_0_1.vhd", 61: 

*Error* Syntax error at s_ahb_hresetn
"/home/ICer/work/vivado/ahb_matrix/ahb_matrix.ip_user_files/bd/ahb_axi_matrix/ip/ahb_axi_matrix_ahblite_axi_bridge_0_1/sim/ahb_axi_matrix_ahblite_axi_bridge_0_1.vhd", 62: 

*Error* Syntax error at s_ahb_hsel
"/home/ICer/work/vivado/ahb_matrix/ahb_matrix.ip_user_files/bd/ahb_axi_matrix/ip/ahb_axi_matrix_ahblite_axi_bridge_0_1/sim/ahb_axi_matrix_ahblite_axi_bridge_0_1.vhd", 63: 

*Error* Syntax error at s_ahb_haddr
"/home/ICer/work/vivado/ahb_matrix/ahb_matrix.ip_user_files/bd/ahb_axi_matrix/ip/ahb_axi_matrix_ahblite_axi_bridge_0_1/sim/ahb_axi_matrix_ahblite_axi_bridge_0_1.vhd", 64: 

*Error* Syntax error at s_ahb_hprot
"/home/ICer/work/vivado/ahb_matrix/ahb_matrix.ip_user_files/bd/ahb_axi_matrix/ip/ahb_axi_matrix_ahblite_axi_bridge_0_1/sim/ahb_axi_matrix_ahblite_axi_bridge_0_1.vhd", 65: 

*Error* Syntax error at s_ahb_htrans
"/home/ICer/work/vivado/ahb_matrix/ahb_matrix.ip_user_files/bd/ahb_axi_matrix/ip/ahb_axi_matrix_ahblite_axi_bridge_0_1/sim/ahb_axi_matrix_ahblite_axi_bridge_0_1.vhd", 66: 

*Error* Syntax error at s_ahb_hsize
"/home/ICer/work/vivado/ahb_matrix/ahb_matrix.ip_user_files/bd/ahb_axi_matrix/ip/ahb_axi_matrix_ahblite_axi_bridge_0_1/sim/ahb_axi_matrix_ahblite_axi_bridge_0_1.vhd", 67: 

*Error* Syntax error at s_ahb_hwrite
"/home/ICer/work/vivado/ahb_matrix/ahb_matrix.ip_user_files/bd/ahb_axi_matrix/ip/ahb_axi_matrix_ahblite_axi_bridge_0_1/sim/ahb_axi_matrix_ahblite_axi_bridge_0_1.vhd", 68: 

*Error* Syntax error at s_ahb_hburst
"/home/ICer/work/vivado/ahb_matrix/ahb_matrix.ip_user_files/bd/ahb_axi_matrix/ip/ahb_axi_matrix_ahblite_axi_bridge_0_1/sim/ahb_axi_matrix_ahblite_axi_bridge_0_1.vhd", 69: 

*Error* Syntax error at s_ahb_hwdata
"/home/ICer/work/vivado/ahb_matrix/ahb_matrix.ip_user_files/bd/ahb_axi_matrix/ip/ahb_axi_matrix_ahblite_axi_bridge_0_1/sim/ahb_axi_matrix_ahblite_axi_bridge_0_1.vhd", 70: 

*Error* Syntax error at s_ahb_hready_out
"/home/ICer/work/vivado/ahb_matrix/ahb_matrix.ip_user_files/bd/ahb_axi_matrix/ip/ahb_axi_matrix_ahblite_axi_bridge_0_1/sim/ahb_axi_matrix_ahblite_axi_bridge_0_1.vhd", 71: 

*Error* Syntax error at s_ahb_hready_in
"/home/ICer/work/vivado/ahb_matrix/ahb_matrix.ip_user_files/bd/ahb_axi_matrix/ip/ahb_axi_matrix_ahblite_axi_bridge_0_1/sim/ahb_axi_matrix_ahblite_axi_bridge_0_1.vhd", 72: 

*Error* Syntax error at s_ahb_hrdata
"/home/ICer/work/vivado/ahb_matrix/ahb_matrix.ip_user_files/bd/ahb_axi_matrix/ip/ahb_axi_matrix_ahblite_axi_bridge_0_1/sim/ahb_axi_matrix_ahblite_axi_bridge_0_1.vhd", 73: 

*Error* Syntax error at s_ahb_hresp
"/home/ICer/work/vivado/ahb_matrix/ahb_matrix.ip_user_files/bd/ahb_axi_matrix/ip/ahb_axi_matrix_ahblite_axi_bridge_0_1/sim/ahb_axi_matrix_ahblite_axi_bridge_0_1.vhd", 74: 

*Error* Syntax error at m_axi_awid
"/home/ICer/work/vivado/ahb_matrix/ahb_matrix.ip_user_files/bd/ahb_axi_matrix/ip/ahb_axi_matrix_ahblite_axi_bridge_0_1/sim/ahb_axi_matrix_ahblite_axi_bridge_0_1.vhd", 75: 

*Error* Syntax error at m_axi_awlen
"/home/ICer/work/vivado/ahb_matrix/ahb_matrix.ip_user_files/bd/ahb_axi_matrix/ip/ahb_axi_matrix_ahblite_axi_bridge_0_1/sim/ahb_axi_matrix_ahblite_axi_bridge_0_1.vhd", 76: 

*Error* Syntax error at m_axi_awsize
"/home/ICer/work/vivado/ahb_matrix/ahb_matrix.ip_user_files/bd/ahb_axi_matrix/ip/ahb_axi_matrix_ahblite_axi_bridge_0_1/sim/ahb_axi_matrix_ahblite_axi_bridge_0_1.vhd", 77: 

*Error* Syntax error at m_axi_awburst
"/home/ICer/work/vivado/ahb_matrix/ahb_matrix.ip_user_files/bd/ahb_axi_matrix/ip/ahb_axi_matrix_ahblite_axi_bridge_0_1/sim/ahb_axi_matrix_ahblite_axi_bridge_0_1.vhd", 78: 

*Error* Syntax error at m_axi_awcache
"/home/ICer/work/vivado/ahb_matrix/ahb_matrix.ip_user_files/bd/ahb_axi_matrix/ip/ahb_axi_matrix_ahblite_axi_bridge_0_1/sim/ahb_axi_matrix_ahblite_axi_bridge_0_1.vhd", 79: 

*Error* Syntax error at m_axi_awaddr
"/home/ICer/work/vivado/ahb_matrix/ahb_matrix.ip_user_files/bd/ahb_axi_matrix/ip/ahb_axi_matrix_ahblite_axi_bridge_0_1/sim/ahb_axi_matrix_ahblite_axi_bridge_0_1.vhd", 80: 

*Error* Syntax error at m_axi_awprot
"/home/ICer/work/vivado/ahb_matrix/ahb_matrix.ip_user_files/bd/ahb_axi_matrix/ip/ahb_axi_matrix_ahblite_axi_bridge_0_1/sim/ahb_axi_matrix_ahblite_axi_bridge_0_1.vhd", 81: 

*Error* Syntax error at m_axi_awvalid
"/home/ICer/work/vivado/ahb_matrix/ahb_matrix.ip_user_files/bd/ahb_axi_matrix/ip/ahb_axi_matrix_ahblite_axi_bridge_0_1/sim/ahb_axi_matrix_ahblite_axi_bridge_0_1.vhd", 82: 

*Error* Syntax error at m_axi_awready
"/home/ICer/work/vivado/ahb_matrix/ahb_matrix.ip_user_files/bd/ahb_axi_matrix/ip/ahb_axi_matrix_ahblite_axi_bridge_0_1/sim/ahb_axi_matrix_ahblite_axi_bridge_0_1.vhd", 83: 

*Error* Syntax error at m_axi_awlock
"/home/ICer/work/vivado/ahb_matrix/ahb_matrix.ip_user_files/bd/ahb_axi_matrix/ip/ahb_axi_matrix_ahblite_axi_bridge_0_1/sim/ahb_axi_matrix_ahblite_axi_bridge_0_1.vhd", 84: 

*Error* Syntax error at m_axi_wdata
"/home/ICer/work/vivado/ahb_matrix/ahb_matrix.ip_user_files/bd/ahb_axi_matrix/ip/ahb_axi_matrix_ahblite_axi_bridge_0_1/sim/ahb_axi_matrix_ahblite_axi_bridge_0_1.vhd", 85: 

*Error* Syntax error at m_axi_wstrb
"/home/ICer/work/vivado/ahb_matrix/ahb_matrix.ip_user_files/bd/ahb_axi_matrix/ip/ahb_axi_matrix_ahblite_axi_bridge_0_1/sim/ahb_axi_matrix_ahblite_axi_bridge_0_1.vhd", 86: 

*Error* Syntax error at m_axi_wlast
"/home/ICer/work/vivado/ahb_matrix/ahb_matrix.ip_user_files/bd/ahb_axi_matrix/ip/ahb_axi_matrix_ahblite_axi_bridge_0_1/sim/ahb_axi_matrix_ahblite_axi_bridge_0_1.vhd", 87: 

*Error* Syntax error at m_axi_wvalid
"/home/ICer/work/vivado/ahb_matrix/ahb_matrix.ip_user_files/bd/ahb_axi_matrix/ip/ahb_axi_matrix_ahblite_axi_bridge_0_1/sim/ahb_axi_matrix_ahblite_axi_bridge_0_1.vhd", 88: 

*Error* Syntax error at m_axi_wready
"/home/ICer/work/vivado/ahb_matrix/ahb_matrix.ip_user_files/bd/ahb_axi_matrix/ip/ahb_axi_matrix_ahblite_axi_bridge_0_1/sim/ahb_axi_matrix_ahblite_axi_bridge_0_1.vhd", 89: 

*Error* Syntax error at m_axi_bid
"/home/ICer/work/vivado/ahb_matrix/ahb_matrix.ip_user_files/bd/ahb_axi_matrix/ip/ahb_axi_matrix_ahblite_axi_bridge_0_1/sim/ahb_axi_matrix_ahblite_axi_bridge_0_1.vhd", 90: 

*Error* Syntax error at m_axi_bresp
"/home/ICer/work/vivado/ahb_matrix/ahb_matrix.ip_user_files/bd/ahb_axi_matrix/ip/ahb_axi_matrix_ahblite_axi_bridge_0_1/sim/ahb_axi_matrix_ahblite_axi_bridge_0_1.vhd", 91: 

*Error* Syntax error at m_axi_bvalid
"/home/ICer/work/vivado/ahb_matrix/ahb_matrix.ip_user_files/bd/ahb_axi_matrix/ip/ahb_axi_matrix_ahblite_axi_bridge_0_1/sim/ahb_axi_matrix_ahblite_axi_bridge_0_1.vhd", 92: 

*Error* Syntax error at m_axi_bready
"/home/ICer/work/vivado/ahb_matrix/ahb_matrix.ip_user_files/bd/ahb_axi_matrix/ip/ahb_axi_matrix_ahblite_axi_bridge_0_1/sim/ahb_axi_matrix_ahblite_axi_bridge_0_1.vhd", 93: 

*Error* Syntax error at m_axi_arid
"/home/ICer/work/vivado/ahb_matrix/ahb_matrix.ip_user_files/bd/ahb_axi_matrix/ip/ahb_axi_matrix_ahblite_axi_bridge_0_1/sim/ahb_axi_matrix_ahblite_axi_bridge_0_1.vhd", 94: 

*Error* Syntax error at m_axi_arlen
"/home/ICer/work/vivado/ahb_matrix/ahb_matrix.ip_user_files/bd/ahb_axi_matrix/ip/ahb_axi_matrix_ahblite_axi_bridge_0_1/sim/ahb_axi_matrix_ahblite_axi_bridge_0_1.vhd", 95: 

*Error* Syntax error at m_axi_arsize
"/home/ICer/work/vivado/ahb_matrix/ahb_matrix.ip_user_files/bd/ahb_axi_matrix/ip/ahb_axi_matrix_ahblite_axi_bridge_0_1/sim/ahb_axi_matrix_ahblite_axi_bridge_0_1.vhd", 96: 

*Error* Syntax error at m_axi_arburst
"/home/ICer/work/vivado/ahb_matrix/ahb_matrix.ip_user_files/bd/ahb_axi_matrix/ip/ahb_axi_matrix_ahblite_axi_bridge_0_1/sim/ahb_axi_matrix_ahblite_axi_bridge_0_1.vhd", 97: 

*Error* Syntax error at m_axi_arprot
"/home/ICer/work/vivado/ahb_matrix/ahb_matrix.ip_user_files/bd/ahb_axi_matrix/ip/ahb_axi_matrix_ahblite_axi_bridge_0_1/sim/ahb_axi_matrix_ahblite_axi_bridge_0_1.vhd", 98: 

*Error* Syntax error at m_axi_arcache
"/home/ICer/work/vivado/ahb_matrix/ahb_matrix.ip_user_files/bd/ahb_axi_matrix/ip/ahb_axi_matrix_ahblite_axi_bridge_0_1/sim/ahb_axi_matrix_ahblite_axi_bridge_0_1.vhd", 99: 

*Error* Syntax error at m_axi_arvalid
"/home/ICer/work/vivado/ahb_matrix/ahb_matrix.ip_user_files/bd/ahb_axi_matrix/ip/ahb_axi_matrix_ahblite_axi_bridge_0_1/sim/ahb_axi_matrix_ahblite_axi_bridge_0_1.vhd", 100: 

*Error* Syntax error at m_axi_araddr
"/home/ICer/work/vivado/ahb_matrix/ahb_matrix.ip_user_files/bd/ahb_axi_matrix/ip/ahb_axi_matrix_ahblite_axi_bridge_0_1/sim/ahb_axi_matrix_ahblite_axi_bridge_0_1.vhd", 101: 

*Error* Syntax error at m_axi_arlock
"/home/ICer/work/vivado/ahb_matrix/ahb_matrix.ip_user_files/bd/ahb_axi_matrix/ip/ahb_axi_matrix_ahblite_axi_bridge_0_1/sim/ahb_axi_matrix_ahblite_axi_bridge_0_1.vhd", 102: 

*Error* Syntax error at m_axi_arready
"/home/ICer/work/vivado/ahb_matrix/ahb_matrix.ip_user_files/bd/ahb_axi_matrix/ip/ahb_axi_matrix_ahblite_axi_bridge_0_1/sim/ahb_axi_matrix_ahblite_axi_bridge_0_1.vhd", 103: 

*Error* Syntax error at m_axi_rid
"/home/ICer/work/vivado/ahb_matrix/ahb_matrix.ip_user_files/bd/ahb_axi_matrix/ip/ahb_axi_matrix_ahblite_axi_bridge_0_1/sim/ahb_axi_matrix_ahblite_axi_bridge_0_1.vhd", 104: 

*Error* Syntax error at m_axi_rdata
"/home/ICer/work/vivado/ahb_matrix/ahb_matrix.ip_user_files/bd/ahb_axi_matrix/ip/ahb_axi_matrix_ahblite_axi_bridge_0_1/sim/ahb_axi_matrix_ahblite_axi_bridge_0_1.vhd", 105: 

*Error* Syntax error at m_axi_rresp
"/home/ICer/work/vivado/ahb_matrix/ahb_matrix.ip_user_files/bd/ahb_axi_matrix/ip/ahb_axi_matrix_ahblite_axi_bridge_0_1/sim/ahb_axi_matrix_ahblite_axi_bridge_0_1.vhd", 106: 

*Error* Syntax error at m_axi_rvalid
"/home/ICer/work/vivado/ahb_matrix/ahb_matrix.ip_user_files/bd/ahb_axi_matrix/ip/ahb_axi_matrix_ahblite_axi_bridge_0_1/sim/ahb_axi_matrix_ahblite_axi_bridge_0_1.vhd", 107: 

*Error* Syntax error at m_axi_rlast
"/home/ICer/work/vivado/ahb_matrix/ahb_matrix.ip_user_files/bd/ahb_axi_matrix/ip/ahb_axi_matrix_ahblite_axi_bridge_0_1/sim/ahb_axi_matrix_ahblite_axi_bridge_0_1.vhd", 108: 

*Error* Syntax error at m_axi_rready
"/home/ICer/work/vivado/ahb_matrix/ahb_matrix.ip_user_files/bd/ahb_axi_matrix/ip/ahb_axi_matrix_ahblite_axi_bridge_0_1/sim/ahb_axi_matrix_ahblite_axi_bridge_0_1.vhd", 109: 

*Error* Syntax error at )
"/home/ICer/work/vivado/ahb_matrix/ahb_matrix.ip_user_files/bd/ahb_axi_matrix/ip/ahb_axi_matrix_ahblite_axi_bridge_0_1/sim/ahb_axi_matrix_ahblite_axi_bridge_0_1.vhd", 110: 

*Error* Syntax error at END
"/home/ICer/work/vivado/ahb_matrix/ahb_matrix.ip_user_files/bd/ahb_axi_matrix/ip/ahb_axi_matrix_ahblite_axi_bridge_0_1/sim/ahb_axi_matrix_ahblite_axi_bridge_0_1.vhd", 111: 

*Error* Syntax error at ARCHITECTURE
"/home/ICer/work/vivado/ahb_matrix/ahb_matrix.ip_user_files/bd/ahb_axi_matrix/ip/ahb_axi_matrix_ahblite_axi_bridge_0_1/sim/ahb_axi_matrix_ahblite_axi_bridge_0_1.vhd", 113: 

*Error* Syntax error at ATTRIBUTE
"/home/ICer/work/vivado/ahb_matrix/ahb_matrix.ip_user_files/bd/ahb_axi_matrix/ip/ahb_axi_matrix_ahblite_axi_bridge_0_1/sim/ahb_axi_matrix_ahblite_axi_bridge_0_1.vhd", 114: 

*Error* Syntax error at ATTRIBUTE
"/home/ICer/work/vivado/ahb_matrix/ahb_matrix.ip_user_files/bd/ahb_axi_matrix/ip/ahb_axi_matrix_ahblite_axi_bridge_0_1/sim/ahb_axi_matrix_ahblite_axi_bridge_0_1.vhd", 115: 

*Error* Syntax error at COMPONENT
"/home/ICer/work/vivado/ahb_matrix/ahb_matrix.ip_user_files/bd/ahb_axi_matrix/ip/ahb_axi_matrix_ahblite_axi_bridge_0_1/sim/ahb_axi_matrix_ahblite_axi_bridge_0_1.vhd", 116: 

*Error* Syntax error at GENERIC
"/home/ICer/work/vivado/ahb_matrix/ahb_matrix.ip_user_files/bd/ahb_axi_matrix/ip/ahb_axi_matrix_ahblite_axi_bridge_0_1/sim/ahb_axi_matrix_ahblite_axi_bridge_0_1.vhd", 117: 

*Error* Syntax error at C_FAMILY
"/home/ICer/work/vivado/ahb_matrix/ahb_matrix.ip_user_files/bd/ahb_axi_matrix/ip/ahb_axi_matrix_ahblite_axi_bridge_0_1/sim/ahb_axi_matrix_ahblite_axi_bridge_0_1.vhd", 118: 

*Error* Syntax error at C_INSTANCE
"/home/ICer/work/vivado/ahb_matrix/ahb_matrix.ip_user_files/bd/ahb_axi_matrix/ip/ahb_axi_matrix_ahblite_axi_bridge_0_1/sim/ahb_axi_matrix_ahblite_axi_bridge_0_1.vhd", 119: 

*Error* Syntax error at C_M_AXI_SUPPORTS_NARROW_BURST
"/home/ICer/work/vivado/ahb_matrix/ahb_matrix.ip_user_files/bd/ahb_axi_matrix/ip/ahb_axi_matrix_ahblite_axi_bridge_0_1/sim/ahb_axi_matrix_ahblite_axi_bridge_0_1.vhd", 120: 

*Error* Syntax error at C_M_AXI_NON_SECURE
"/home/ICer/work/vivado/ahb_matrix/ahb_matrix.ip_user_files/bd/ahb_axi_matrix/ip/ahb_axi_matrix_ahblite_axi_bridge_0_1/sim/ahb_axi_matrix_ahblite_axi_bridge_0_1.vhd", 121: 

*Error* Syntax error at C_S_AHB_ADDR_WIDTH
"/home/ICer/work/vivado/ahb_matrix/ahb_matrix.ip_user_files/bd/ahb_axi_matrix/ip/ahb_axi_matrix_ahblite_axi_bridge_0_1/sim/ahb_axi_matrix_ahblite_axi_bridge_0_1.vhd", 122: 

*Error* Syntax error at C_M_AXI_ADDR_WIDTH
"/home/ICer/work/vivado/ahb_matrix/ahb_matrix.ip_user_files/bd/ahb_axi_matrix/ip/ahb_axi_matrix_ahblite_axi_bridge_0_1/sim/ahb_axi_matrix_ahblite_axi_bridge_0_1.vhd", 123: 

*Error* Syntax error at C_S_AHB_DATA_WIDTH
"/home/ICer/work/vivado/ahb_matrix/ahb_matrix.ip_user_files/bd/ahb_axi_matrix/ip/ahb_axi_matrix_ahblite_axi_bridge_0_1/sim/ahb_axi_matrix_ahblite_axi_bridge_0_1.vhd", 124: 

*Error* Syntax error at C_M_AXI_DATA_WIDTH
"/home/ICer/work/vivado/ahb_matrix/ahb_matrix.ip_user_files/bd/ahb_axi_matrix/ip/ahb_axi_matrix_ahblite_axi_bridge_0_1/sim/ahb_axi_matrix_ahblite_axi_bridge_0_1.vhd", 125: 

*Error* Syntax error at C_M_AXI_PROTOCOL
"/home/ICer/work/vivado/ahb_matrix/ahb_matrix.ip_user_files/bd/ahb_axi_matrix/ip/ahb_axi_matrix_ahblite_axi_bridge_0_1/sim/ahb_axi_matrix_ahblite_axi_bridge_0_1.vhd", 126: 

*Error* Syntax error at C_M_AXI_THREAD_ID_WIDTH
"/home/ICer/work/vivado/ahb_matrix/ahb_matrix.ip_user_files/bd/ahb_axi_matrix/ip/ahb_axi_matrix_ahblite_axi_bridge_0_1/sim/ahb_axi_matrix_ahblite_axi_bridge_0_1.vhd", 127: 

*Error* Syntax error at C_AHB_AXI_TIMEOUT
"/home/ICer/work/vivado/ahb_matrix/ahb_matrix.ip_user_files/bd/ahb_axi_matrix/ip/ahb_axi_matrix_ahblite_axi_bridge_0_1/sim/ahb_axi_matrix_ahblite_axi_bridge_0_1.vhd", 128: 

*Error* Syntax error at )
"/home/ICer/work/vivado/ahb_matrix/ahb_matrix.ip_user_files/bd/ahb_axi_matrix/ip/ahb_axi_matrix_ahblite_axi_bridge_0_1/sim/ahb_axi_matrix_ahblite_axi_bridge_0_1.vhd", 129: 

*Error* Syntax error at PORT
"/home/ICer/work/vivado/ahb_matrix/ahb_matrix.ip_user_files/bd/ahb_axi_matrix/ip/ahb_axi_matrix_ahblite_axi_bridge_0_1/sim/ahb_axi_matrix_ahblite_axi_bridge_0_1.vhd", 130: 

*Error* Syntax error at s_ahb_hclk
"/home/ICer/work/vivado/ahb_matrix/ahb_matrix.ip_user_files/bd/ahb_axi_matrix/ip/ahb_axi_matrix_ahblite_axi_bridge_0_1/sim/ahb_axi_matrix_ahblite_axi_bridge_0_1.vhd", 131: 

*Error* Syntax error at s_ahb_hresetn
"/home/ICer/work/vivado/ahb_matrix/ahb_matrix.ip_user_files/bd/ahb_axi_matrix/ip/ahb_axi_matrix_ahblite_axi_bridge_0_1/sim/ahb_axi_matrix_ahblite_axi_bridge_0_1.vhd", 132: 

*Error* Syntax error at s_ahb_hsel
"/home/ICer/work/vivado/ahb_matrix/ahb_matrix.ip_user_files/bd/ahb_axi_matrix/ip/ahb_axi_matrix_ahblite_axi_bridge_0_1/sim/ahb_axi_matrix_ahblite_axi_bridge_0_1.vhd", 133: 

*Error* Syntax error at s_ahb_haddr
"/home/ICer/work/vivado/ahb_matrix/ahb_matrix.ip_user_files/bd/ahb_axi_matrix/ip/ahb_axi_matrix_ahblite_axi_bridge_0_1/sim/ahb_axi_matrix_ahblite_axi_bridge_0_1.vhd", 134: 

*Error* Syntax error at s_ahb_hprot
"/home/ICer/work/vivado/ahb_matrix/ahb_matrix.ip_user_files/bd/ahb_axi_matrix/ip/ahb_axi_matrix_ahblite_axi_bridge_0_1/sim/ahb_axi_matrix_ahblite_axi_bridge_0_1.vhd", 135: 

*Error* Syntax error at s_ahb_htrans
"/home/ICer/work/vivado/ahb_matrix/ahb_matrix.ip_user_files/bd/ahb_axi_matrix/ip/ahb_axi_matrix_ahblite_axi_bridge_0_1/sim/ahb_axi_matrix_ahblite_axi_bridge_0_1.vhd", 136: 

*Error* Syntax error at s_ahb_hsize
"/home/ICer/work/vivado/ahb_matrix/ahb_matrix.ip_user_files/bd/ahb_axi_matrix/ip/ahb_axi_matrix_ahblite_axi_bridge_0_1/sim/ahb_axi_matrix_ahblite_axi_bridge_0_1.vhd", 137: 

*Error* Syntax error at s_ahb_hwrite
"/home/ICer/work/vivado/ahb_matrix/ahb_matrix.ip_user_files/bd/ahb_axi_matrix/ip/ahb_axi_matrix_ahblite_axi_bridge_0_1/sim/ahb_axi_matrix_ahblite_axi_bridge_0_1.vhd", 138: 

*Error* Syntax error at s_ahb_hburst
"/home/ICer/work/vivado/ahb_matrix/ahb_matrix.ip_user_files/bd/ahb_axi_matrix/ip/ahb_axi_matrix_ahblite_axi_bridge_0_1/sim/ahb_axi_matrix_ahblite_axi_bridge_0_1.vhd", 139: 

*Error* Syntax error at s_ahb_hwdata
"/home/ICer/work/vivado/ahb_matrix/ahb_matrix.ip_user_files/bd/ahb_axi_matrix/ip/ahb_axi_matrix_ahblite_axi_bridge_0_1/sim/ahb_axi_matrix_ahblite_axi_bridge_0_1.vhd", 140: 

*Error* Syntax error at s_ahb_hready_out
"/home/ICer/work/vivado/ahb_matrix/ahb_matrix.ip_user_files/bd/ahb_axi_matrix/ip/ahb_axi_matrix_ahblite_axi_bridge_0_1/sim/ahb_axi_matrix_ahblite_axi_bridge_0_1.vhd", 141: 

*Error* Syntax error at s_ahb_hready_in
"/home/ICer/work/vivado/ahb_matrix/ahb_matrix.ip_user_files/bd/ahb_axi_matrix/ip/ahb_axi_matrix_ahblite_axi_bridge_0_1/sim/ahb_axi_matrix_ahblite_axi_bridge_0_1.vhd", 142: 

*Error* Syntax error at s_ahb_hrdata
"/home/ICer/work/vivado/ahb_matrix/ahb_matrix.ip_user_files/bd/ahb_axi_matrix/ip/ahb_axi_matrix_ahblite_axi_bridge_0_1/sim/ahb_axi_matrix_ahblite_axi_bridge_0_1.vhd", 143: 

*Error* Syntax error at s_ahb_hresp
"/home/ICer/work/vivado/ahb_matrix/ahb_matrix.ip_user_files/bd/ahb_axi_matrix/ip/ahb_axi_matrix_ahblite_axi_bridge_0_1/sim/ahb_axi_matrix_ahblite_axi_bridge_0_1.vhd", 144: 

*Error* Syntax error at m_axi_awid
"/home/ICer/work/vivado/ahb_matrix/ahb_matrix.ip_user_files/bd/ahb_axi_matrix/ip/ahb_axi_matrix_ahblite_axi_bridge_0_1/sim/ahb_axi_matrix_ahblite_axi_bridge_0_1.vhd", 145: 

*Error* Syntax error at m_axi_awlen
"/home/ICer/work/vivado/ahb_matrix/ahb_matrix.ip_user_files/bd/ahb_axi_matrix/ip/ahb_axi_matrix_ahblite_axi_bridge_0_1/sim/ahb_axi_matrix_ahblite_axi_bridge_0_1.vhd", 146: 

*Error* Syntax error at m_axi_awsize
"/home/ICer/work/vivado/ahb_matrix/ahb_matrix.ip_user_files/bd/ahb_axi_matrix/ip/ahb_axi_matrix_ahblite_axi_bridge_0_1/sim/ahb_axi_matrix_ahblite_axi_bridge_0_1.vhd", 147: 

*Error* Syntax error at m_axi_awburst
"/home/ICer/work/vivado/ahb_matrix/ahb_matrix.ip_user_files/bd/ahb_axi_matrix/ip/ahb_axi_matrix_ahblite_axi_bridge_0_1/sim/ahb_axi_matrix_ahblite_axi_bridge_0_1.vhd", 148: 

*Error* Syntax error at m_axi_awcache
"/home/ICer/work/vivado/ahb_matrix/ahb_matrix.ip_user_files/bd/ahb_axi_matrix/ip/ahb_axi_matrix_ahblite_axi_bridge_0_1/sim/ahb_axi_matrix_ahblite_axi_bridge_0_1.vhd", 149: 

*Error* Syntax error at m_axi_awaddr
"/home/ICer/work/vivado/ahb_matrix/ahb_matrix.ip_user_files/bd/ahb_axi_matrix/ip/ahb_axi_matrix_ahblite_axi_bridge_0_1/sim/ahb_axi_matrix_ahblite_axi_bridge_0_1.vhd", 150: 

*Error* Syntax error at m_axi_awprot
"/home/ICer/work/vivado/ahb_matrix/ahb_matrix.ip_user_files/bd/ahb_axi_matrix/ip/ahb_axi_matrix_ahblite_axi_bridge_0_1/sim/ahb_axi_matrix_ahblite_axi_bridge_0_1.vhd", 151: 

*Error* Syntax error at m_axi_awvalid
"/home/ICer/work/vivado/ahb_matrix/ahb_matrix.ip_user_files/bd/ahb_axi_matrix/ip/ahb_axi_matrix_ahblite_axi_bridge_0_1/sim/ahb_axi_matrix_ahblite_axi_bridge_0_1.vhd", 152: 

*Error* Syntax error at m_axi_awready
"/home/ICer/work/vivado/ahb_matrix/ahb_matrix.ip_user_files/bd/ahb_axi_matrix/ip/ahb_axi_matrix_ahblite_axi_bridge_0_1/sim/ahb_axi_matrix_ahblite_axi_bridge_0_1.vhd", 153: 

*Error* Syntax error at m_axi_awlock
"/home/ICer/work/vivado/ahb_matrix/ahb_matrix.ip_user_files/bd/ahb_axi_matrix/ip/ahb_axi_matrix_ahblite_axi_bridge_0_1/sim/ahb_axi_matrix_ahblite_axi_bridge_0_1.vhd", 154: 

*Error* Syntax error at m_axi_wdata
"/home/ICer/work/vivado/ahb_matrix/ahb_matrix.ip_user_files/bd/ahb_axi_matrix/ip/ahb_axi_matrix_ahblite_axi_bridge_0_1/sim/ahb_axi_matrix_ahblite_axi_bridge_0_1.vhd", 155: 

*Error* Syntax error at m_axi_wstrb
"/home/ICer/work/vivado/ahb_matrix/ahb_matrix.ip_user_files/bd/ahb_axi_matrix/ip/ahb_axi_matrix_ahblite_axi_bridge_0_1/sim/ahb_axi_matrix_ahblite_axi_bridge_0_1.vhd", 156: 

*Error* Syntax error at m_axi_wlast
"/home/ICer/work/vivado/ahb_matrix/ahb_matrix.ip_user_files/bd/ahb_axi_matrix/ip/ahb_axi_matrix_ahblite_axi_bridge_0_1/sim/ahb_axi_matrix_ahblite_axi_bridge_0_1.vhd", 157: 

*Error* Syntax error at m_axi_wvalid
"/home/ICer/work/vivado/ahb_matrix/ahb_matrix.ip_user_files/bd/ahb_axi_matrix/ip/ahb_axi_matrix_ahblite_axi_bridge_0_1/sim/ahb_axi_matrix_ahblite_axi_bridge_0_1.vhd", 158: 

*Error* Syntax error at m_axi_wready
"/home/ICer/work/vivado/ahb_matrix/ahb_matrix.ip_user_files/bd/ahb_axi_matrix/ip/ahb_axi_matrix_ahblite_axi_bridge_0_1/sim/ahb_axi_matrix_ahblite_axi_bridge_0_1.vhd", 159: 

*Error* Syntax error at m_axi_bid
"/home/ICer/work/vivado/ahb_matrix/ahb_matrix.ip_user_files/bd/ahb_axi_matrix/ip/ahb_axi_matrix_ahblite_axi_bridge_0_1/sim/ahb_axi_matrix_ahblite_axi_bridge_0_1.vhd", 160: 

*Error* Syntax error at m_axi_bresp
"/home/ICer/work/vivado/ahb_matrix/ahb_matrix.ip_user_files/bd/ahb_axi_matrix/ip/ahb_axi_matrix_ahblite_axi_bridge_0_1/sim/ahb_axi_matrix_ahblite_axi_bridge_0_1.vhd", 161: 

*Error* Syntax error at m_axi_bvalid
"/home/ICer/work/vivado/ahb_matrix/ahb_matrix.ip_user_files/bd/ahb_axi_matrix/ip/ahb_axi_matrix_ahblite_axi_bridge_0_1/sim/ahb_axi_matrix_ahblite_axi_bridge_0_1.vhd", 162: 

*Error* Syntax error at m_axi_bready
"/home/ICer/work/vivado/ahb_matrix/ahb_matrix.ip_user_files/bd/ahb_axi_matrix/ip/ahb_axi_matrix_ahblite_axi_bridge_0_1/sim/ahb_axi_matrix_ahblite_axi_bridge_0_1.vhd", 163: 

*Error* Syntax error at m_axi_arid
"/home/ICer/work/vivado/ahb_matrix/ahb_matrix.ip_user_files/bd/ahb_axi_matrix/ip/ahb_axi_matrix_ahblite_axi_bridge_0_1/sim/ahb_axi_matrix_ahblite_axi_bridge_0_1.vhd", 164: 

*Error* Syntax error at m_axi_arlen
"/home/ICer/work/vivado/ahb_matrix/ahb_matrix.ip_user_files/bd/ahb_axi_matrix/ip/ahb_axi_matrix_ahblite_axi_bridge_0_1/sim/ahb_axi_matrix_ahblite_axi_bridge_0_1.vhd", 165: 

*Error* Syntax error at m_axi_arsize
"/home/ICer/work/vivado/ahb_matrix/ahb_matrix.ip_user_files/bd/ahb_axi_matrix/ip/ahb_axi_matrix_ahblite_axi_bridge_0_1/sim/ahb_axi_matrix_ahblite_axi_bridge_0_1.vhd", 166: 

*Error* Syntax error at m_axi_arburst
"/home/ICer/work/vivado/ahb_matrix/ahb_matrix.ip_user_files/bd/ahb_axi_matrix/ip/ahb_axi_matrix_ahblite_axi_bridge_0_1/sim/ahb_axi_matrix_ahblite_axi_bridge_0_1.vhd", 167: 

*Error* Syntax error at m_axi_arprot
"/home/ICer/work/vivado/ahb_matrix/ahb_matrix.ip_user_files/bd/ahb_axi_matrix/ip/ahb_axi_matrix_ahblite_axi_bridge_0_1/sim/ahb_axi_matrix_ahblite_axi_bridge_0_1.vhd", 168: 

*Error* Syntax error at m_axi_arcache
"/home/ICer/work/vivado/ahb_matrix/ahb_matrix.ip_user_files/bd/ahb_axi_matrix/ip/ahb_axi_matrix_ahblite_axi_bridge_0_1/sim/ahb_axi_matrix_ahblite_axi_bridge_0_1.vhd", 169: 

*Error* Syntax error at m_axi_arvalid
"/home/ICer/work/vivado/ahb_matrix/ahb_matrix.ip_user_files/bd/ahb_axi_matrix/ip/ahb_axi_matrix_ahblite_axi_bridge_0_1/sim/ahb_axi_matrix_ahblite_axi_bridge_0_1.vhd", 170: 

*Error* Syntax error at m_axi_araddr
"/home/ICer/work/vivado/ahb_matrix/ahb_matrix.ip_user_files/bd/ahb_axi_matrix/ip/ahb_axi_matrix_ahblite_axi_bridge_0_1/sim/ahb_axi_matrix_ahblite_axi_bridge_0_1.vhd", 171: 

*Error* Syntax error at m_axi_arlock
"/home/ICer/work/vivado/ahb_matrix/ahb_matrix.ip_user_files/bd/ahb_axi_matrix/ip/ahb_axi_matrix_ahblite_axi_bridge_0_1/sim/ahb_axi_matrix_ahblite_axi_bridge_0_1.vhd", 172: 

*Error* Syntax error at m_axi_arready
"/home/ICer/work/vivado/ahb_matrix/ahb_matrix.ip_user_files/bd/ahb_axi_matrix/ip/ahb_axi_matrix_ahblite_axi_bridge_0_1/sim/ahb_axi_matrix_ahblite_axi_bridge_0_1.vhd", 173: 

*Error* Syntax error at m_axi_rid
"/home/ICer/work/vivado/ahb_matrix/ahb_matrix.ip_user_files/bd/ahb_axi_matrix/ip/ahb_axi_matrix_ahblite_axi_bridge_0_1/sim/ahb_axi_matrix_ahblite_axi_bridge_0_1.vhd", 174: 

*Error* Syntax error at m_axi_rdata
"/home/ICer/work/vivado/ahb_matrix/ahb_matrix.ip_user_files/bd/ahb_axi_matrix/ip/ahb_axi_matrix_ahblite_axi_bridge_0_1/sim/ahb_axi_matrix_ahblite_axi_bridge_0_1.vhd", 175: 

*Error* Syntax error at m_axi_rresp
"/home/ICer/work/vivado/ahb_matrix/ahb_matrix.ip_user_files/bd/ahb_axi_matrix/ip/ahb_axi_matrix_ahblite_axi_bridge_0_1/sim/ahb_axi_matrix_ahblite_axi_bridge_0_1.vhd", 176: 

*Error* Syntax error at m_axi_rvalid
"/home/ICer/work/vivado/ahb_matrix/ahb_matrix.ip_user_files/bd/ahb_axi_matrix/ip/ahb_axi_matrix_ahblite_axi_bridge_0_1/sim/ahb_axi_matrix_ahblite_axi_bridge_0_1.vhd", 177: 

*Error* Syntax error at m_axi_rlast
"/home/ICer/work/vivado/ahb_matrix/ahb_matrix.ip_user_files/bd/ahb_axi_matrix/ip/ahb_axi_matrix_ahblite_axi_bridge_0_1/sim/ahb_axi_matrix_ahblite_axi_bridge_0_1.vhd", 178: 

*Error* Syntax error at m_axi_rready
"/home/ICer/work/vivado/ahb_matrix/ahb_matrix.ip_user_files/bd/ahb_axi_matrix/ip/ahb_axi_matrix_ahblite_axi_bridge_0_1/sim/ahb_axi_matrix_ahblite_axi_bridge_0_1.vhd", 179: 

*Error* Syntax error at )
"/home/ICer/work/vivado/ahb_matrix/ahb_matrix.ip_user_files/bd/ahb_axi_matrix/ip/ahb_axi_matrix_ahblite_axi_bridge_0_1/sim/ahb_axi_matrix_ahblite_axi_bridge_0_1.vhd", 180: 

*Error* Syntax error at END
"/home/ICer/work/vivado/ahb_matrix/ahb_matrix.ip_user_files/bd/ahb_axi_matrix/ip/ahb_axi_matrix_ahblite_axi_bridge_0_1/sim/ahb_axi_matrix_ahblite_axi_bridge_0_1.vhd", 181: 

*Error* Syntax error at ATTRIBUTE
"/home/ICer/work/vivado/ahb_matrix/ahb_matrix.ip_user_files/bd/ahb_axi_matrix/ip/ahb_axi_matrix_ahblite_axi_bridge_0_1/sim/ahb_axi_matrix_ahblite_axi_bridge_0_1.vhd", 182: 

*Error* Syntax error at ATTRIBUTE
"/home/ICer/work/vivado/ahb_matrix/ahb_matrix.ip_user_files/bd/ahb_axi_matrix/ip/ahb_axi_matrix_ahblite_axi_bridge_0_1/sim/ahb_axi_matrix_ahblite_axi_bridge_0_1.vhd", 183: 

*Error* Syntax error at ATTRIBUTE
"/home/ICer/work/vivado/ahb_matrix/ahb_matrix.ip_user_files/bd/ahb_axi_matrix/ip/ahb_axi_matrix_ahblite_axi_bridge_0_1/sim/ahb_axi_matrix_ahblite_axi_bridge_0_1.vhd", 184: 

*Error* Syntax error at ATTRIBUTE
"/home/ICer/work/vivado/ahb_matrix/ahb_matrix.ip_user_files/bd/ahb_axi_matrix/ip/ahb_axi_matrix_ahblite_axi_bridge_0_1/sim/ahb_axi_matrix_ahblite_axi_bridge_0_1.vhd", 185: 

*Error* Syntax error at ATTRIBUTE
"/home/ICer/work/vivado/ahb_matrix/ahb_matrix.ip_user_files/bd/ahb_axi_matrix/ip/ahb_axi_matrix_ahblite_axi_bridge_0_1/sim/ahb_axi_matrix_ahblite_axi_bridge_0_1.vhd", 186: 

*Error* Syntax error at ATTRIBUTE
"/home/ICer/work/vivado/ahb_matrix/ahb_matrix.ip_user_files/bd/ahb_axi_matrix/ip/ahb_axi_matrix_ahblite_axi_bridge_0_1/sim/ahb_axi_matrix_ahblite_axi_bridge_0_1.vhd", 187: 

*Error* Syntax error at ATTRIBUTE
"/home/ICer/work/vivado/ahb_matrix/ahb_matrix.ip_user_files/bd/ahb_axi_matrix/ip/ahb_axi_matrix_ahblite_axi_bridge_0_1/sim/ahb_axi_matrix_ahblite_axi_bridge_0_1.vhd", 188: 

*Error* Syntax error at ATTRIBUTE
"/home/ICer/work/vivado/ahb_matrix/ahb_matrix.ip_user_files/bd/ahb_axi_matrix/ip/ahb_axi_matrix_ahblite_axi_bridge_0_1/sim/ahb_axi_matrix_ahblite_axi_bridge_0_1.vhd", 189: 

*Error* Syntax error at ATTRIBUTE
"/home/ICer/work/vivado/ahb_matrix/ahb_matrix.ip_user_files/bd/ahb_axi_matrix/ip/ahb_axi_matrix_ahblite_axi_bridge_0_1/sim/ahb_axi_matrix_ahblite_axi_bridge_0_1.vhd", 190: 

*Error* Syntax error at ATTRIBUTE
"/home/ICer/work/vivado/ahb_matrix/ahb_matrix.ip_user_files/bd/ahb_axi_matrix/ip/ahb_axi_matrix_ahblite_axi_bridge_0_1/sim/ahb_axi_matrix_ahblite_axi_bridge_0_1.vhd", 191: 

*Error* Syntax error at ATTRIBUTE
"/home/ICer/work/vivado/ahb_matrix/ahb_matrix.ip_user_files/bd/ahb_axi_matrix/ip/ahb_axi_matrix_ahblite_axi_bridge_0_1/sim/ahb_axi_matrix_ahblite_axi_bridge_0_1.vhd", 192: 

*Error* Syntax error at ATTRIBUTE
"/home/ICer/work/vivado/ahb_matrix/ahb_matrix.ip_user_files/bd/ahb_axi_matrix/ip/ahb_axi_matrix_ahblite_axi_bridge_0_1/sim/ahb_axi_matrix_ahblite_axi_bridge_0_1.vhd", 193: 

*Error* Syntax error at ATTRIBUTE
"/home/ICer/work/vivado/ahb_matrix/ahb_matrix.ip_user_files/bd/ahb_axi_matrix/ip/ahb_axi_matrix_ahblite_axi_bridge_0_1/sim/ahb_axi_matrix_ahblite_axi_bridge_0_1.vhd", 194: 

*Error* Syntax error at ATTRIBUTE
"/home/ICer/work/vivado/ahb_matrix/ahb_matrix.ip_user_files/bd/ahb_axi_matrix/ip/ahb_axi_matrix_ahblite_axi_bridge_0_1/sim/ahb_axi_matrix_ahblite_axi_bridge_0_1.vhd", 195: 

*Error* Syntax error at ATTRIBUTE
"/home/ICer/work/vivado/ahb_matrix/ahb_matrix.ip_user_files/bd/ahb_axi_matrix/ip/ahb_axi_matrix_ahblite_axi_bridge_0_1/sim/ahb_axi_matrix_ahblite_axi_bridge_0_1.vhd", 196: 

*Error* Syntax error at ATTRIBUTE
"/home/ICer/work/vivado/ahb_matrix/ahb_matrix.ip_user_files/bd/ahb_axi_matrix/ip/ahb_axi_matrix_ahblite_axi_bridge_0_1/sim/ahb_axi_matrix_ahblite_axi_bridge_0_1.vhd", 197: 

*Error* Syntax error at ATTRIBUTE
"/home/ICer/work/vivado/ahb_matrix/ahb_matrix.ip_user_files/bd/ahb_axi_matrix/ip/ahb_axi_matrix_ahblite_axi_bridge_0_1/sim/ahb_axi_matrix_ahblite_axi_bridge_0_1.vhd", 198: 

*Error* Syntax error at ATTRIBUTE
"/home/ICer/work/vivado/ahb_matrix/ahb_matrix.ip_user_files/bd/ahb_axi_matrix/ip/ahb_axi_matrix_ahblite_axi_bridge_0_1/sim/ahb_axi_matrix_ahblite_axi_bridge_0_1.vhd", 199: 

*Error* Syntax error at ATTRIBUTE
"/home/ICer/work/vivado/ahb_matrix/ahb_matrix.ip_user_files/bd/ahb_axi_matrix/ip/ahb_axi_matrix_ahblite_axi_bridge_0_1/sim/ahb_axi_matrix_ahblite_axi_bridge_0_1.vhd", 200: 

*Error* Syntax error at ATTRIBUTE
"/home/ICer/work/vivado/ahb_matrix/ahb_matrix.ip_user_files/bd/ahb_axi_matrix/ip/ahb_axi_matrix_ahblite_axi_bridge_0_1/sim/ahb_axi_matrix_ahblite_axi_bridge_0_1.vhd", 201: 

*Error* Syntax error at ATTRIBUTE
"/home/ICer/work/vivado/ahb_matrix/ahb_matrix.ip_user_files/bd/ahb_axi_matrix/ip/ahb_axi_matrix_ahblite_axi_bridge_0_1/sim/ahb_axi_matrix_ahblite_axi_bridge_0_1.vhd", 202: 

*Error* Syntax error at ATTRIBUTE
"/home/ICer/work/vivado/ahb_matrix/ahb_matrix.ip_user_files/bd/ahb_axi_matrix/ip/ahb_axi_matrix_ahblite_axi_bridge_0_1/sim/ahb_axi_matrix_ahblite_axi_bridge_0_1.vhd", 203: 

*Error* Syntax error at ATTRIBUTE
"/home/ICer/work/vivado/ahb_matrix/ahb_matrix.ip_user_files/bd/ahb_axi_matrix/ip/ahb_axi_matrix_ahblite_axi_bridge_0_1/sim/ahb_axi_matrix_ahblite_axi_bridge_0_1.vhd", 204: 

*Error* Syntax error at ATTRIBUTE
"/home/ICer/work/vivado/ahb_matrix/ahb_matrix.ip_user_files/bd/ahb_axi_matrix/ip/ahb_axi_matrix_ahblite_axi_bridge_0_1/sim/ahb_axi_matrix_ahblite_axi_bridge_0_1.vhd", 205: 

*Error* Syntax error at ATTRIBUTE
"/home/ICer/work/vivado/ahb_matrix/ahb_matrix.ip_user_files/bd/ahb_axi_matrix/ip/ahb_axi_matrix_ahblite_axi_bridge_0_1/sim/ahb_axi_matrix_ahblite_axi_bridge_0_1.vhd", 206: 

*Error* Syntax error at ATTRIBUTE
"/home/ICer/work/vivado/ahb_matrix/ahb_matrix.ip_user_files/bd/ahb_axi_matrix/ip/ahb_axi_matrix_ahblite_axi_bridge_0_1/sim/ahb_axi_matrix_ahblite_axi_bridge_0_1.vhd", 207: 

*Error* Syntax error at ATTRIBUTE
"/home/ICer/work/vivado/ahb_matrix/ahb_matrix.ip_user_files/bd/ahb_axi_matrix/ip/ahb_axi_matrix_ahblite_axi_bridge_0_1/sim/ahb_axi_matrix_ahblite_axi_bridge_0_1.vhd", 208: 

*Error* Syntax error at ATTRIBUTE
"/home/ICer/work/vivado/ahb_matrix/ahb_matrix.ip_user_files/bd/ahb_axi_matrix/ip/ahb_axi_matrix_ahblite_axi_bridge_0_1/sim/ahb_axi_matrix_ahblite_axi_bridge_0_1.vhd", 209: 

*Error* Syntax error at ATTRIBUTE
"/home/ICer/work/vivado/ahb_matrix/ahb_matrix.ip_user_files/bd/ahb_axi_matrix/ip/ahb_axi_matrix_ahblite_axi_bridge_0_1/sim/ahb_axi_matrix_ahblite_axi_bridge_0_1.vhd", 210: 

*Error* Syntax error at ATTRIBUTE
"/home/ICer/work/vivado/ahb_matrix/ahb_matrix.ip_user_files/bd/ahb_axi_matrix/ip/ahb_axi_matrix_ahblite_axi_bridge_0_1/sim/ahb_axi_matrix_ahblite_axi_bridge_0_1.vhd", 211: 

*Error* Syntax error at ATTRIBUTE
"/home/ICer/work/vivado/ahb_matrix/ahb_matrix.ip_user_files/bd/ahb_axi_matrix/ip/ahb_axi_matrix_ahblite_axi_bridge_0_1/sim/ahb_axi_matrix_ahblite_axi_bridge_0_1.vhd", 212: 

*Error* Syntax error at ATTRIBUTE
"/home/ICer/work/vivado/ahb_matrix/ahb_matrix.ip_user_files/bd/ahb_axi_matrix/ip/ahb_axi_matrix_ahblite_axi_bridge_0_1/sim/ahb_axi_matrix_ahblite_axi_bridge_0_1.vhd", 213: 

*Error* Syntax error at ATTRIBUTE
"/home/ICer/work/vivado/ahb_matrix/ahb_matrix.ip_user_files/bd/ahb_axi_matrix/ip/ahb_axi_matrix_ahblite_axi_bridge_0_1/sim/ahb_axi_matrix_ahblite_axi_bridge_0_1.vhd", 214: 

*Error* Syntax error at ATTRIBUTE
"/home/ICer/work/vivado/ahb_matrix/ahb_matrix.ip_user_files/bd/ahb_axi_matrix/ip/ahb_axi_matrix_ahblite_axi_bridge_0_1/sim/ahb_axi_matrix_ahblite_axi_bridge_0_1.vhd", 215: 

*Error* Syntax error at ATTRIBUTE
"/home/ICer/work/vivado/ahb_matrix/ahb_matrix.ip_user_files/bd/ahb_axi_matrix/ip/ahb_axi_matrix_ahblite_axi_bridge_0_1/sim/ahb_axi_matrix_ahblite_axi_bridge_0_1.vhd", 216: 

*Error* Syntax error at ATTRIBUTE
"/home/ICer/work/vivado/ahb_matrix/ahb_matrix.ip_user_files/bd/ahb_axi_matrix/ip/ahb_axi_matrix_ahblite_axi_bridge_0_1/sim/ahb_axi_matrix_ahblite_axi_bridge_0_1.vhd", 217: 

*Error* Syntax error at ATTRIBUTE
"/home/ICer/work/vivado/ahb_matrix/ahb_matrix.ip_user_files/bd/ahb_axi_matrix/ip/ahb_axi_matrix_ahblite_axi_bridge_0_1/sim/ahb_axi_matrix_ahblite_axi_bridge_0_1.vhd", 218: 

*Error* Syntax error at "ADS 1, RUSER_BITS_PER_BYTE 0, WUSER_BITS_PER_BYTE 0, INSERT_VIP 0"
"/home/ICer/work/vivado/ahb_matrix/ahb_matrix.ip_user_files/bd/ahb_axi_matrix/ip/ahb_axi_matrix_ahblite_axi_bridge_0_1/sim/ahb_axi_matrix_ahblite_axi_bridge_0_1.vhd", 219: 

*Error* Syntax error at ATTRIBUTE
"/home/ICer/work/vivado/ahb_matrix/ahb_matrix.ip_user_files/bd/ahb_axi_matrix/ip/ahb_axi_matrix_ahblite_axi_bridge_0_1/sim/ahb_axi_matrix_ahblite_axi_bridge_0_1.vhd", 220: 

*Error* Syntax error at ATTRIBUTE
"/home/ICer/work/vivado/ahb_matrix/ahb_matrix.ip_user_files/bd/ahb_axi_matrix/ip/ahb_axi_matrix_ahblite_axi_bridge_0_1/sim/ahb_axi_matrix_ahblite_axi_bridge_0_1.vhd", 221: 

*Error* Syntax error at ATTRIBUTE
"/home/ICer/work/vivado/ahb_matrix/ahb_matrix.ip_user_files/bd/ahb_axi_matrix/ip/ahb_axi_matrix_ahblite_axi_bridge_0_1/sim/ahb_axi_matrix_ahblite_axi_bridge_0_1.vhd", 222: 

*Error* Syntax error at ATTRIBUTE
"/home/ICer/work/vivado/ahb_matrix/ahb_matrix.ip_user_files/bd/ahb_axi_matrix/ip/ahb_axi_matrix_ahblite_axi_bridge_0_1/sim/ahb_axi_matrix_ahblite_axi_bridge_0_1.vhd", 223: 

*Error* Syntax error at ATTRIBUTE
"/home/ICer/work/vivado/ahb_matrix/ahb_matrix.ip_user_files/bd/ahb_axi_matrix/ip/ahb_axi_matrix_ahblite_axi_bridge_0_1/sim/ahb_axi_matrix_ahblite_axi_bridge_0_1.vhd", 224: 

*Error* Syntax error at ATTRIBUTE
"/home/ICer/work/vivado/ahb_matrix/ahb_matrix.ip_user_files/bd/ahb_axi_matrix/ip/ahb_axi_matrix_ahblite_axi_bridge_0_1/sim/ahb_axi_matrix_ahblite_axi_bridge_0_1.vhd", 225: 

*Error* Syntax error at ATTRIBUTE
"/home/ICer/work/vivado/ahb_matrix/ahb_matrix.ip_user_files/bd/ahb_axi_matrix/ip/ahb_axi_matrix_ahblite_axi_bridge_0_1/sim/ahb_axi_matrix_ahblite_axi_bridge_0_1.vhd", 226: 

*Error* Syntax error at ATTRIBUTE
"/home/ICer/work/vivado/ahb_matrix/ahb_matrix.ip_user_files/bd/ahb_axi_matrix/ip/ahb_axi_matrix_ahblite_axi_bridge_0_1/sim/ahb_axi_matrix_ahblite_axi_bridge_0_1.vhd", 227: 

*Error* Syntax error at ATTRIBUTE
"/home/ICer/work/vivado/ahb_matrix/ahb_matrix.ip_user_files/bd/ahb_axi_matrix/ip/ahb_axi_matrix_ahblite_axi_bridge_0_1/sim/ahb_axi_matrix_ahblite_axi_bridge_0_1.vhd", 228: 

*Error* Syntax error at ATTRIBUTE
"/home/ICer/work/vivado/ahb_matrix/ahb_matrix.ip_user_files/bd/ahb_axi_matrix/ip/ahb_axi_matrix_ahblite_axi_bridge_0_1/sim/ahb_axi_matrix_ahblite_axi_bridge_0_1.vhd", 229: 

*Error* Syntax error at ATTRIBUTE
"/home/ICer/work/vivado/ahb_matrix/ahb_matrix.ip_user_files/bd/ahb_axi_matrix/ip/ahb_axi_matrix_ahblite_axi_bridge_0_1/sim/ahb_axi_matrix_ahblite_axi_bridge_0_1.vhd", 230: 

*Error* Syntax error at ATTRIBUTE
"/home/ICer/work/vivado/ahb_matrix/ahb_matrix.ip_user_files/bd/ahb_axi_matrix/ip/ahb_axi_matrix_ahblite_axi_bridge_0_1/sim/ahb_axi_matrix_ahblite_axi_bridge_0_1.vhd", 231: 

*Error* Syntax error at ATTRIBUTE
"/home/ICer/work/vivado/ahb_matrix/ahb_matrix.ip_user_files/bd/ahb_axi_matrix/ip/ahb_axi_matrix_ahblite_axi_bridge_0_1/sim/ahb_axi_matrix_ahblite_axi_bridge_0_1.vhd", 232: 

*Error* Syntax error at ATTRIBUTE
"/home/ICer/work/vivado/ahb_matrix/ahb_matrix.ip_user_files/bd/ahb_axi_matrix/ip/ahb_axi_matrix_ahblite_axi_bridge_0_1/sim/ahb_axi_matrix_ahblite_axi_bridge_0_1.vhd", 233: 

*Error* Syntax error at ATTRIBUTE
"/home/ICer/work/vivado/ahb_matrix/ahb_matrix.ip_user_files/bd/ahb_axi_matrix/ip/ahb_axi_matrix_ahblite_axi_bridge_0_1/sim/ahb_axi_matrix_ahblite_axi_bridge_0_1.vhd", 234: 

*Error* Syntax error at ATTRIBUTE
"/home/ICer/work/vivado/ahb_matrix/ahb_matrix.ip_user_files/bd/ahb_axi_matrix/ip/ahb_axi_matrix_ahblite_axi_bridge_0_1/sim/ahb_axi_matrix_ahblite_axi_bridge_0_1.vhd", 235: 

*Error* Syntax error at ATTRIBUTE
"/home/ICer/work/vivado/ahb_matrix/ahb_matrix.ip_user_files/bd/ahb_axi_matrix/ip/ahb_axi_matrix_ahblite_axi_bridge_0_1/sim/ahb_axi_matrix_ahblite_axi_bridge_0_1.vhd", 236: 

*Error* Syntax error at ATTRIBUTE
"/home/ICer/work/vivado/ahb_matrix/ahb_matrix.ip_user_files/bd/ahb_axi_matrix/ip/ahb_axi_matrix_ahblite_axi_bridge_0_1/sim/ahb_axi_matrix_ahblite_axi_bridge_0_1.vhd", 237: 

*Error* Syntax error at BEGIN
"/home/ICer/work/vivado/ahb_matrix/ahb_matrix.ip_user_files/bd/ahb_axi_matrix/ip/ahb_axi_matrix_ahblite_axi_bridge_0_1/sim/ahb_axi_matrix_ahblite_axi_bridge_0_1.vhd", 238: 

*Error* Syntax error at U0
"/home/ICer/work/vivado/ahb_matrix/ahb_matrix.ip_user_files/bd/ahb_axi_matrix/ip/ahb_axi_matrix_ahblite_axi_bridge_0_1/sim/ahb_axi_matrix_ahblite_axi_bridge_0_1.vhd", 239: 

*Error* Syntax error at GENERIC
"/home/ICer/work/vivado/ahb_matrix/ahb_matrix.ip_user_files/bd/ahb_axi_matrix/ip/ahb_axi_matrix_ahblite_axi_bridge_0_1/sim/ahb_axi_matrix_ahblite_axi_bridge_0_1.vhd", 240: 

*Error* Syntax error at C_FAMILY
"/home/ICer/work/vivado/ahb_matrix/ahb_matrix.ip_user_files/bd/ahb_axi_matrix/ip/ahb_axi_matrix_ahblite_axi_bridge_0_1/sim/ahb_axi_matrix_ahblite_axi_bridge_0_1.vhd", 241: 

*Error* Syntax error at C_INSTANCE
"/home/ICer/work/vivado/ahb_matrix/ahb_matrix.ip_user_files/bd/ahb_axi_matrix/ip/ahb_axi_matrix_ahblite_axi_bridge_0_1/sim/ahb_axi_matrix_ahblite_axi_bridge_0_1.vhd", 242: 

*Error* Syntax error at C_M_AXI_SUPPORTS_NARROW_BURST
"/home/ICer/work/vivado/ahb_matrix/ahb_matrix.ip_user_files/bd/ahb_axi_matrix/ip/ahb_axi_matrix_ahblite_axi_bridge_0_1/sim/ahb_axi_matrix_ahblite_axi_bridge_0_1.vhd", 243: 

*Error* Syntax error at C_M_AXI_NON_SECURE
"/home/ICer/work/vivado/ahb_matrix/ahb_matrix.ip_user_files/bd/ahb_axi_matrix/ip/ahb_axi_matrix_ahblite_axi_bridge_0_1/sim/ahb_axi_matrix_ahblite_axi_bridge_0_1.vhd", 244: 

*Error* Syntax error at C_S_AHB_ADDR_WIDTH
"/home/ICer/work/vivado/ahb_matrix/ahb_matrix.ip_user_files/bd/ahb_axi_matrix/ip/ahb_axi_matrix_ahblite_axi_bridge_0_1/sim/ahb_axi_matrix_ahblite_axi_bridge_0_1.vhd", 245: 

*Error* Syntax error at C_M_AXI_ADDR_WIDTH
"/home/ICer/work/vivado/ahb_matrix/ahb_matrix.ip_user_files/bd/ahb_axi_matrix/ip/ahb_axi_matrix_ahblite_axi_bridge_0_1/sim/ahb_axi_matrix_ahblite_axi_bridge_0_1.vhd", 246: 

*Error* Syntax error at C_S_AHB_DATA_WIDTH
"/home/ICer/work/vivado/ahb_matrix/ahb_matrix.ip_user_files/bd/ahb_axi_matrix/ip/ahb_axi_matrix_ahblite_axi_bridge_0_1/sim/ahb_axi_matrix_ahblite_axi_bridge_0_1.vhd", 247: 

*Error* Syntax error at C_M_AXI_DATA_WIDTH
"/home/ICer/work/vivado/ahb_matrix/ahb_matrix.ip_user_files/bd/ahb_axi_matrix/ip/ahb_axi_matrix_ahblite_axi_bridge_0_1/sim/ahb_axi_matrix_ahblite_axi_bridge_0_1.vhd", 248: 

*Error* Syntax error at C_M_AXI_PROTOCOL
"/home/ICer/work/vivado/ahb_matrix/ahb_matrix.ip_user_files/bd/ahb_axi_matrix/ip/ahb_axi_matrix_ahblite_axi_bridge_0_1/sim/ahb_axi_matrix_ahblite_axi_bridge_0_1.vhd", 249: 

*Error* Syntax error at C_M_AXI_THREAD_ID_WIDTH
"/home/ICer/work/vivado/ahb_matrix/ahb_matrix.ip_user_files/bd/ahb_axi_matrix/ip/ahb_axi_matrix_ahblite_axi_bridge_0_1/sim/ahb_axi_matrix_ahblite_axi_bridge_0_1.vhd", 250: 

*Error* Syntax error at C_AHB_AXI_TIMEOUT
"/home/ICer/work/vivado/ahb_matrix/ahb_matrix.ip_user_files/bd/ahb_axi_matrix/ip/ahb_axi_matrix_ahblite_axi_bridge_0_1/sim/ahb_axi_matrix_ahblite_axi_bridge_0_1.vhd", 251: 

*Error* Syntax error at )
"/home/ICer/work/vivado/ahb_matrix/ahb_matrix.ip_user_files/bd/ahb_axi_matrix/ip/ahb_axi_matrix_ahblite_axi_bridge_0_1/sim/ahb_axi_matrix_ahblite_axi_bridge_0_1.vhd", 252: 

*Error* Syntax error at PORT
"/home/ICer/work/vivado/ahb_matrix/ahb_matrix.ip_user_files/bd/ahb_axi_matrix/ip/ahb_axi_matrix_ahblite_axi_bridge_0_1/sim/ahb_axi_matrix_ahblite_axi_bridge_0_1.vhd", 253: 

*Error* Syntax error at s_ahb_hclk
"/home/ICer/work/vivado/ahb_matrix/ahb_matrix.ip_user_files/bd/ahb_axi_matrix/ip/ahb_axi_matrix_ahblite_axi_bridge_0_1/sim/ahb_axi_matrix_ahblite_axi_bridge_0_1.vhd", 254: 

*Error* Syntax error at s_ahb_hresetn
"/home/ICer/work/vivado/ahb_matrix/ahb_matrix.ip_user_files/bd/ahb_axi_matrix/ip/ahb_axi_matrix_ahblite_axi_bridge_0_1/sim/ahb_axi_matrix_ahblite_axi_bridge_0_1.vhd", 255: 

*Error* Syntax error at s_ahb_hsel
"/home/ICer/work/vivado/ahb_matrix/ahb_matrix.ip_user_files/bd/ahb_axi_matrix/ip/ahb_axi_matrix_ahblite_axi_bridge_0_1/sim/ahb_axi_matrix_ahblite_axi_bridge_0_1.vhd", 256: 

*Error* Syntax error at s_ahb_haddr
"/home/ICer/work/vivado/ahb_matrix/ahb_matrix.ip_user_files/bd/ahb_axi_matrix/ip/ahb_axi_matrix_ahblite_axi_bridge_0_1/sim/ahb_axi_matrix_ahblite_axi_bridge_0_1.vhd", 257: 

*Error* Syntax error at s_ahb_hprot
"/home/ICer/work/vivado/ahb_matrix/ahb_matrix.ip_user_files/bd/ahb_axi_matrix/ip/ahb_axi_matrix_ahblite_axi_bridge_0_1/sim/ahb_axi_matrix_ahblite_axi_bridge_0_1.vhd", 258: 

*Error* Syntax error at s_ahb_htrans
"/home/ICer/work/vivado/ahb_matrix/ahb_matrix.ip_user_files/bd/ahb_axi_matrix/ip/ahb_axi_matrix_ahblite_axi_bridge_0_1/sim/ahb_axi_matrix_ahblite_axi_bridge_0_1.vhd", 259: 

*Error* Syntax error at s_ahb_hsize
"/home/ICer/work/vivado/ahb_matrix/ahb_matrix.ip_user_files/bd/ahb_axi_matrix/ip/ahb_axi_matrix_ahblite_axi_bridge_0_1/sim/ahb_axi_matrix_ahblite_axi_bridge_0_1.vhd", 260: 

*Error* Syntax error at s_ahb_hwrite
"/home/ICer/work/vivado/ahb_matrix/ahb_matrix.ip_user_files/bd/ahb_axi_matrix/ip/ahb_axi_matrix_ahblite_axi_bridge_0_1/sim/ahb_axi_matrix_ahblite_axi_bridge_0_1.vhd", 261: 

*Error* Syntax error at s_ahb_hburst
"/home/ICer/work/vivado/ahb_matrix/ahb_matrix.ip_user_files/bd/ahb_axi_matrix/ip/ahb_axi_matrix_ahblite_axi_bridge_0_1/sim/ahb_axi_matrix_ahblite_axi_bridge_0_1.vhd", 262: 

*Error* Syntax error at s_ahb_hwdata
"/home/ICer/work/vivado/ahb_matrix/ahb_matrix.ip_user_files/bd/ahb_axi_matrix/ip/ahb_axi_matrix_ahblite_axi_bridge_0_1/sim/ahb_axi_matrix_ahblite_axi_bridge_0_1.vhd", 263: 

*Error* Syntax error at s_ahb_hready_out
"/home/ICer/work/vivado/ahb_matrix/ahb_matrix.ip_user_files/bd/ahb_axi_matrix/ip/ahb_axi_matrix_ahblite_axi_bridge_0_1/sim/ahb_axi_matrix_ahblite_axi_bridge_0_1.vhd", 264: 

*Error* Syntax error at s_ahb_hready_in
"/home/ICer/work/vivado/ahb_matrix/ahb_matrix.ip_user_files/bd/ahb_axi_matrix/ip/ahb_axi_matrix_ahblite_axi_bridge_0_1/sim/ahb_axi_matrix_ahblite_axi_bridge_0_1.vhd", 265: 

*Error* Syntax error at s_ahb_hrdata
"/home/ICer/work/vivado/ahb_matrix/ahb_matrix.ip_user_files/bd/ahb_axi_matrix/ip/ahb_axi_matrix_ahblite_axi_bridge_0_1/sim/ahb_axi_matrix_ahblite_axi_bridge_0_1.vhd", 266: 

*Error* Syntax error at s_ahb_hresp
"/home/ICer/work/vivado/ahb_matrix/ahb_matrix.ip_user_files/bd/ahb_axi_matrix/ip/ahb_axi_matrix_ahblite_axi_bridge_0_1/sim/ahb_axi_matrix_ahblite_axi_bridge_0_1.vhd", 267: 

*Error* Syntax error at m_axi_awid
"/home/ICer/work/vivado/ahb_matrix/ahb_matrix.ip_user_files/bd/ahb_axi_matrix/ip/ahb_axi_matrix_ahblite_axi_bridge_0_1/sim/ahb_axi_matrix_ahblite_axi_bridge_0_1.vhd", 268: 

*Error* Syntax error at m_axi_awlen
"/home/ICer/work/vivado/ahb_matrix/ahb_matrix.ip_user_files/bd/ahb_axi_matrix/ip/ahb_axi_matrix_ahblite_axi_bridge_0_1/sim/ahb_axi_matrix_ahblite_axi_bridge_0_1.vhd", 269: 

*Error* Syntax error at m_axi_awsize
"/home/ICer/work/vivado/ahb_matrix/ahb_matrix.ip_user_files/bd/ahb_axi_matrix/ip/ahb_axi_matrix_ahblite_axi_bridge_0_1/sim/ahb_axi_matrix_ahblite_axi_bridge_0_1.vhd", 270: 

*Error* Syntax error at m_axi_awburst
"/home/ICer/work/vivado/ahb_matrix/ahb_matrix.ip_user_files/bd/ahb_axi_matrix/ip/ahb_axi_matrix_ahblite_axi_bridge_0_1/sim/ahb_axi_matrix_ahblite_axi_bridge_0_1.vhd", 271: 

*Error* Syntax error at m_axi_awcache
"/home/ICer/work/vivado/ahb_matrix/ahb_matrix.ip_user_files/bd/ahb_axi_matrix/ip/ahb_axi_matrix_ahblite_axi_bridge_0_1/sim/ahb_axi_matrix_ahblite_axi_bridge_0_1.vhd", 272: 

*Error* Syntax error at m_axi_awaddr
"/home/ICer/work/vivado/ahb_matrix/ahb_matrix.ip_user_files/bd/ahb_axi_matrix/ip/ahb_axi_matrix_ahblite_axi_bridge_0_1/sim/ahb_axi_matrix_ahblite_axi_bridge_0_1.vhd", 273: 

*Error* Syntax error at m_axi_awprot
"/home/ICer/work/vivado/ahb_matrix/ahb_matrix.ip_user_files/bd/ahb_axi_matrix/ip/ahb_axi_matrix_ahblite_axi_bridge_0_1/sim/ahb_axi_matrix_ahblite_axi_bridge_0_1.vhd", 274: 

*Error* Syntax error at m_axi_awvalid
"/home/ICer/work/vivado/ahb_matrix/ahb_matrix.ip_user_files/bd/ahb_axi_matrix/ip/ahb_axi_matrix_ahblite_axi_bridge_0_1/sim/ahb_axi_matrix_ahblite_axi_bridge_0_1.vhd", 275: 

*Error* Syntax error at m_axi_awready
"/home/ICer/work/vivado/ahb_matrix/ahb_matrix.ip_user_files/bd/ahb_axi_matrix/ip/ahb_axi_matrix_ahblite_axi_bridge_0_1/sim/ahb_axi_matrix_ahblite_axi_bridge_0_1.vhd", 276: 

*Error* Syntax error at m_axi_awlock
"/home/ICer/work/vivado/ahb_matrix/ahb_matrix.ip_user_files/bd/ahb_axi_matrix/ip/ahb_axi_matrix_ahblite_axi_bridge_0_1/sim/ahb_axi_matrix_ahblite_axi_bridge_0_1.vhd", 277: 

*Error* Syntax error at m_axi_wdata
"/home/ICer/work/vivado/ahb_matrix/ahb_matrix.ip_user_files/bd/ahb_axi_matrix/ip/ahb_axi_matrix_ahblite_axi_bridge_0_1/sim/ahb_axi_matrix_ahblite_axi_bridge_0_1.vhd", 278: 

*Error* Syntax error at m_axi_wstrb
"/home/ICer/work/vivado/ahb_matrix/ahb_matrix.ip_user_files/bd/ahb_axi_matrix/ip/ahb_axi_matrix_ahblite_axi_bridge_0_1/sim/ahb_axi_matrix_ahblite_axi_bridge_0_1.vhd", 279: 

*Error* Syntax error at m_axi_wlast
"/home/ICer/work/vivado/ahb_matrix/ahb_matrix.ip_user_files/bd/ahb_axi_matrix/ip/ahb_axi_matrix_ahblite_axi_bridge_0_1/sim/ahb_axi_matrix_ahblite_axi_bridge_0_1.vhd", 280: 

*Error* Syntax error at m_axi_wvalid
"/home/ICer/work/vivado/ahb_matrix/ahb_matrix.ip_user_files/bd/ahb_axi_matrix/ip/ahb_axi_matrix_ahblite_axi_bridge_0_1/sim/ahb_axi_matrix_ahblite_axi_bridge_0_1.vhd", 281: 

*Error* Syntax error at m_axi_wready
"/home/ICer/work/vivado/ahb_matrix/ahb_matrix.ip_user_files/bd/ahb_axi_matrix/ip/ahb_axi_matrix_ahblite_axi_bridge_0_1/sim/ahb_axi_matrix_ahblite_axi_bridge_0_1.vhd", 282: 

*Error* Syntax error at m_axi_bid
"/home/ICer/work/vivado/ahb_matrix/ahb_matrix.ip_user_files/bd/ahb_axi_matrix/ip/ahb_axi_matrix_ahblite_axi_bridge_0_1/sim/ahb_axi_matrix_ahblite_axi_bridge_0_1.vhd", 283: 

*Error* Syntax error at m_axi_bresp
"/home/ICer/work/vivado/ahb_matrix/ahb_matrix.ip_user_files/bd/ahb_axi_matrix/ip/ahb_axi_matrix_ahblite_axi_bridge_0_1/sim/ahb_axi_matrix_ahblite_axi_bridge_0_1.vhd", 284: 

*Error* Syntax error at m_axi_bvalid
"/home/ICer/work/vivado/ahb_matrix/ahb_matrix.ip_user_files/bd/ahb_axi_matrix/ip/ahb_axi_matrix_ahblite_axi_bridge_0_1/sim/ahb_axi_matrix_ahblite_axi_bridge_0_1.vhd", 285: 

*Error* Syntax error at m_axi_bready
"/home/ICer/work/vivado/ahb_matrix/ahb_matrix.ip_user_files/bd/ahb_axi_matrix/ip/ahb_axi_matrix_ahblite_axi_bridge_0_1/sim/ahb_axi_matrix_ahblite_axi_bridge_0_1.vhd", 286: 

*Error* Syntax error at m_axi_arid
"/home/ICer/work/vivado/ahb_matrix/ahb_matrix.ip_user_files/bd/ahb_axi_matrix/ip/ahb_axi_matrix_ahblite_axi_bridge_0_1/sim/ahb_axi_matrix_ahblite_axi_bridge_0_1.vhd", 287: 

*Error* Syntax error at m_axi_arlen
"/home/ICer/work/vivado/ahb_matrix/ahb_matrix.ip_user_files/bd/ahb_axi_matrix/ip/ahb_axi_matrix_ahblite_axi_bridge_0_1/sim/ahb_axi_matrix_ahblite_axi_bridge_0_1.vhd", 288: 

*Error* Syntax error at m_axi_arsize
"/home/ICer/work/vivado/ahb_matrix/ahb_matrix.ip_user_files/bd/ahb_axi_matrix/ip/ahb_axi_matrix_ahblite_axi_bridge_0_1/sim/ahb_axi_matrix_ahblite_axi_bridge_0_1.vhd", 289: 

*Error* Syntax error at m_axi_arburst
"/home/ICer/work/vivado/ahb_matrix/ahb_matrix.ip_user_files/bd/ahb_axi_matrix/ip/ahb_axi_matrix_ahblite_axi_bridge_0_1/sim/ahb_axi_matrix_ahblite_axi_bridge_0_1.vhd", 290: 

*Error* Syntax error at m_axi_arprot
"/home/ICer/work/vivado/ahb_matrix/ahb_matrix.ip_user_files/bd/ahb_axi_matrix/ip/ahb_axi_matrix_ahblite_axi_bridge_0_1/sim/ahb_axi_matrix_ahblite_axi_bridge_0_1.vhd", 291: 

*Error* Syntax error at m_axi_arcache
"/home/ICer/work/vivado/ahb_matrix/ahb_matrix.ip_user_files/bd/ahb_axi_matrix/ip/ahb_axi_matrix_ahblite_axi_bridge_0_1/sim/ahb_axi_matrix_ahblite_axi_bridge_0_1.vhd", 292: 

*Error* Syntax error at m_axi_arvalid
"/home/ICer/work/vivado/ahb_matrix/ahb_matrix.ip_user_files/bd/ahb_axi_matrix/ip/ahb_axi_matrix_ahblite_axi_bridge_0_1/sim/ahb_axi_matrix_ahblite_axi_bridge_0_1.vhd", 293: 

*Error* Syntax error at m_axi_araddr
"/home/ICer/work/vivado/ahb_matrix/ahb_matrix.ip_user_files/bd/ahb_axi_matrix/ip/ahb_axi_matrix_ahblite_axi_bridge_0_1/sim/ahb_axi_matrix_ahblite_axi_bridge_0_1.vhd", 294: 

*Error* Syntax error at m_axi_arlock
"/home/ICer/work/vivado/ahb_matrix/ahb_matrix.ip_user_files/bd/ahb_axi_matrix/ip/ahb_axi_matrix_ahblite_axi_bridge_0_1/sim/ahb_axi_matrix_ahblite_axi_bridge_0_1.vhd", 295: 

*Error* Syntax error at m_axi_arready
"/home/ICer/work/vivado/ahb_matrix/ahb_matrix.ip_user_files/bd/ahb_axi_matrix/ip/ahb_axi_matrix_ahblite_axi_bridge_0_1/sim/ahb_axi_matrix_ahblite_axi_bridge_0_1.vhd", 296: 

*Error* Syntax error at m_axi_rid
"/home/ICer/work/vivado/ahb_matrix/ahb_matrix.ip_user_files/bd/ahb_axi_matrix/ip/ahb_axi_matrix_ahblite_axi_bridge_0_1/sim/ahb_axi_matrix_ahblite_axi_bridge_0_1.vhd", 297: 

*Error* Syntax error at m_axi_rdata
"/home/ICer/work/vivado/ahb_matrix/ahb_matrix.ip_user_files/bd/ahb_axi_matrix/ip/ahb_axi_matrix_ahblite_axi_bridge_0_1/sim/ahb_axi_matrix_ahblite_axi_bridge_0_1.vhd", 298: 

*Error* Syntax error at m_axi_rresp
"/home/ICer/work/vivado/ahb_matrix/ahb_matrix.ip_user_files/bd/ahb_axi_matrix/ip/ahb_axi_matrix_ahblite_axi_bridge_0_1/sim/ahb_axi_matrix_ahblite_axi_bridge_0_1.vhd", 299: 

*Error* Syntax error at m_axi_rvalid
"/home/ICer/work/vivado/ahb_matrix/ahb_matrix.ip_user_files/bd/ahb_axi_matrix/ip/ahb_axi_matrix_ahblite_axi_bridge_0_1/sim/ahb_axi_matrix_ahblite_axi_bridge_0_1.vhd", 300: 

*Error* Syntax error at m_axi_rlast
"/home/ICer/work/vivado/ahb_matrix/ahb_matrix.ip_user_files/bd/ahb_axi_matrix/ip/ahb_axi_matrix_ahblite_axi_bridge_0_1/sim/ahb_axi_matrix_ahblite_axi_bridge_0_1.vhd", 301: 

*Error* Syntax error at m_axi_rready
"/home/ICer/work/vivado/ahb_matrix/ahb_matrix.ip_user_files/bd/ahb_axi_matrix/ip/ahb_axi_matrix_ahblite_axi_bridge_0_1/sim/ahb_axi_matrix_ahblite_axi_bridge_0_1.vhd", 302: 

*Error* Syntax error at )
"/home/ICer/work/vivado/ahb_matrix/ahb_matrix.ip_user_files/bd/ahb_axi_matrix/ip/ahb_axi_matrix_ahblite_axi_bridge_0_1/sim/ahb_axi_matrix_ahblite_axi_bridge_0_1.vhd", 303: 

*Error* Syntax error at END
"/home/ICer/work/vivado/ahb_matrix/ahb_matrix.ip_user_files/bd/ahb_axi_matrix/ip/ahb_axi_matrix_ahblite_axi_bridge_0_1/sim/ahb_axi_matrix_ahblite_axi_bridge_0_1.vhd", 304: 

*Error* Syntax error at --
"/home/ICer/work/vivado/ahb_matrix/ahb_matrix.ip_user_files/bd/ahb_axi_matrix/ip/ahb_axi_matrix_axi_ahblite_bridge_0_0/sim/ahb_axi_matrix_axi_ahblite_bridge_0_0.vhd", 1: 

*Error* Syntax error at --
"/home/ICer/work/vivado/ahb_matrix/ahb_matrix.ip_user_files/bd/ahb_axi_matrix/ip/ahb_axi_matrix_axi_ahblite_bridge_0_0/sim/ahb_axi_matrix_axi_ahblite_bridge_0_0.vhd", 2: 

*Error* Syntax error at --
"/home/ICer/work/vivado/ahb_matrix/ahb_matrix.ip_user_files/bd/ahb_axi_matrix/ip/ahb_axi_matrix_axi_ahblite_bridge_0_0/sim/ahb_axi_matrix_axi_ahblite_bridge_0_0.vhd", 3: 

*Error* Syntax error at --
"/home/ICer/work/vivado/ahb_matrix/ahb_matrix.ip_user_files/bd/ahb_axi_matrix/ip/ahb_axi_matrix_axi_ahblite_bridge_0_0/sim/ahb_axi_matrix_axi_ahblite_bridge_0_0.vhd", 4: 

*Error* Syntax error at --
"/home/ICer/work/vivado/ahb_matrix/ahb_matrix.ip_user_files/bd/ahb_axi_matrix/ip/ahb_axi_matrix_axi_ahblite_bridge_0_0/sim/ahb_axi_matrix_axi_ahblite_bridge_0_0.vhd", 5: 

*Error* Syntax error at --
"/home/ICer/work/vivado/ahb_matrix/ahb_matrix.ip_user_files/bd/ahb_axi_matrix/ip/ahb_axi_matrix_axi_ahblite_bridge_0_0/sim/ahb_axi_matrix_axi_ahblite_bridge_0_0.vhd", 6: 

*Error* Syntax error at --
"/home/ICer/work/vivado/ahb_matrix/ahb_matrix.ip_user_files/bd/ahb_axi_matrix/ip/ahb_axi_matrix_axi_ahblite_bridge_0_0/sim/ahb_axi_matrix_axi_ahblite_bridge_0_0.vhd", 7: 

*Error* Syntax error at --
"/home/ICer/work/vivado/ahb_matrix/ahb_matrix.ip_user_files/bd/ahb_axi_matrix/ip/ahb_axi_matrix_axi_ahblite_bridge_0_0/sim/ahb_axi_matrix_axi_ahblite_bridge_0_0.vhd", 8: 

*Error* Syntax error at --
"/home/ICer/work/vivado/ahb_matrix/ahb_matrix.ip_user_files/bd/ahb_axi_matrix/ip/ahb_axi_matrix_axi_ahblite_bridge_0_0/sim/ahb_axi_matrix_axi_ahblite_bridge_0_0.vhd", 9: 

*Error* Syntax error at --
"/home/ICer/work/vivado/ahb_matrix/ahb_matrix.ip_user_files/bd/ahb_axi_matrix/ip/ahb_axi_matrix_axi_ahblite_bridge_0_0/sim/ahb_axi_matrix_axi_ahblite_bridge_0_0.vhd", 10: 

*Error* Syntax error at --
"/home/ICer/work/vivado/ahb_matrix/ahb_matrix.ip_user_files/bd/ahb_axi_matrix/ip/ahb_axi_matrix_axi_ahblite_bridge_0_0/sim/ahb_axi_matrix_axi_ahblite_bridge_0_0.vhd", 11: 

*Error* Syntax error at --
"/home/ICer/work/vivado/ahb_matrix/ahb_matrix.ip_user_files/bd/ahb_axi_matrix/ip/ahb_axi_matrix_axi_ahblite_bridge_0_0/sim/ahb_axi_matrix_axi_ahblite_bridge_0_0.vhd", 12: 

*Error* Syntax error at --
"/home/ICer/work/vivado/ahb_matrix/ahb_matrix.ip_user_files/bd/ahb_axi_matrix/ip/ahb_axi_matrix_axi_ahblite_bridge_0_0/sim/ahb_axi_matrix_axi_ahblite_bridge_0_0.vhd", 13: 

*Error* Syntax error at --
"/home/ICer/work/vivado/ahb_matrix/ahb_matrix.ip_user_files/bd/ahb_axi_matrix/ip/ahb_axi_matrix_axi_ahblite_bridge_0_0/sim/ahb_axi_matrix_axi_ahblite_bridge_0_0.vhd", 14: 

*Error* Syntax error at --
"/home/ICer/work/vivado/ahb_matrix/ahb_matrix.ip_user_files/bd/ahb_axi_matrix/ip/ahb_axi_matrix_axi_ahblite_bridge_0_0/sim/ahb_axi_matrix_axi_ahblite_bridge_0_0.vhd", 15: 

*Error* Syntax error at --
"/home/ICer/work/vivado/ahb_matrix/ahb_matrix.ip_user_files/bd/ahb_axi_matrix/ip/ahb_axi_matrix_axi_ahblite_bridge_0_0/sim/ahb_axi_matrix_axi_ahblite_bridge_0_0.vhd", 16: 

*Error* Syntax error at --
"/home/ICer/work/vivado/ahb_matrix/ahb_matrix.ip_user_files/bd/ahb_axi_matrix/ip/ahb_axi_matrix_axi_ahblite_bridge_0_0/sim/ahb_axi_matrix_axi_ahblite_bridge_0_0.vhd", 17: 

*Error* Syntax error at --
"/home/ICer/work/vivado/ahb_matrix/ahb_matrix.ip_user_files/bd/ahb_axi_matrix/ip/ahb_axi_matrix_axi_ahblite_bridge_0_0/sim/ahb_axi_matrix_axi_ahblite_bridge_0_0.vhd", 18: 

*Error* Syntax error at --
"/home/ICer/work/vivado/ahb_matrix/ahb_matrix.ip_user_files/bd/ahb_axi_matrix/ip/ahb_axi_matrix_axi_ahblite_bridge_0_0/sim/ahb_axi_matrix_axi_ahblite_bridge_0_0.vhd", 19: 

*Error* Syntax error at --
"/home/ICer/work/vivado/ahb_matrix/ahb_matrix.ip_user_files/bd/ahb_axi_matrix/ip/ahb_axi_matrix_axi_ahblite_bridge_0_0/sim/ahb_axi_matrix_axi_ahblite_bridge_0_0.vhd", 20: 

*Error* Syntax error at --
"/home/ICer/work/vivado/ahb_matrix/ahb_matrix.ip_user_files/bd/ahb_axi_matrix/ip/ahb_axi_matrix_axi_ahblite_bridge_0_0/sim/ahb_axi_matrix_axi_ahblite_bridge_0_0.vhd", 21: 

*Error* Syntax error at --
"/home/ICer/work/vivado/ahb_matrix/ahb_matrix.ip_user_files/bd/ahb_axi_matrix/ip/ahb_axi_matrix_axi_ahblite_bridge_0_0/sim/ahb_axi_matrix_axi_ahblite_bridge_0_0.vhd", 22: 

*Error* Syntax error at --
"/home/ICer/work/vivado/ahb_matrix/ahb_matrix.ip_user_files/bd/ahb_axi_matrix/ip/ahb_axi_matrix_axi_ahblite_bridge_0_0/sim/ahb_axi_matrix_axi_ahblite_bridge_0_0.vhd", 23: 

*Error* Syntax error at --
"/home/ICer/work/vivado/ahb_matrix/ahb_matrix.ip_user_files/bd/ahb_axi_matrix/ip/ahb_axi_matrix_axi_ahblite_bridge_0_0/sim/ahb_axi_matrix_axi_ahblite_bridge_0_0.vhd", 24: 

*Error* Syntax error at --
"/home/ICer/work/vivado/ahb_matrix/ahb_matrix.ip_user_files/bd/ahb_axi_matrix/ip/ahb_axi_matrix_axi_ahblite_bridge_0_0/sim/ahb_axi_matrix_axi_ahblite_bridge_0_0.vhd", 25: 

*Error* Syntax error at --
"/home/ICer/work/vivado/ahb_matrix/ahb_matrix.ip_user_files/bd/ahb_axi_matrix/ip/ahb_axi_matrix_axi_ahblite_bridge_0_0/sim/ahb_axi_matrix_axi_ahblite_bridge_0_0.vhd", 26: 

*Error* Syntax error at --
"/home/ICer/work/vivado/ahb_matrix/ahb_matrix.ip_user_files/bd/ahb_axi_matrix/ip/ahb_axi_matrix_axi_ahblite_bridge_0_0/sim/ahb_axi_matrix_axi_ahblite_bridge_0_0.vhd", 27: 

*Error* Syntax error at --
"/home/ICer/work/vivado/ahb_matrix/ahb_matrix.ip_user_files/bd/ahb_axi_matrix/ip/ahb_axi_matrix_axi_ahblite_bridge_0_0/sim/ahb_axi_matrix_axi_ahblite_bridge_0_0.vhd", 28: 

*Error* Syntax error at --
"/home/ICer/work/vivado/ahb_matrix/ahb_matrix.ip_user_files/bd/ahb_axi_matrix/ip/ahb_axi_matrix_axi_ahblite_bridge_0_0/sim/ahb_axi_matrix_axi_ahblite_bridge_0_0.vhd", 29: 

*Error* Syntax error at --
"/home/ICer/work/vivado/ahb_matrix/ahb_matrix.ip_user_files/bd/ahb_axi_matrix/ip/ahb_axi_matrix_axi_ahblite_bridge_0_0/sim/ahb_axi_matrix_axi_ahblite_bridge_0_0.vhd", 30: 

*Error* Syntax error at --
"/home/ICer/work/vivado/ahb_matrix/ahb_matrix.ip_user_files/bd/ahb_axi_matrix/ip/ahb_axi_matrix_axi_ahblite_bridge_0_0/sim/ahb_axi_matrix_axi_ahblite_bridge_0_0.vhd", 31: 

*Error* Syntax error at --
"/home/ICer/work/vivado/ahb_matrix/ahb_matrix.ip_user_files/bd/ahb_axi_matrix/ip/ahb_axi_matrix_axi_ahblite_bridge_0_0/sim/ahb_axi_matrix_axi_ahblite_bridge_0_0.vhd", 32: 

*Error* Syntax error at --
"/home/ICer/work/vivado/ahb_matrix/ahb_matrix.ip_user_files/bd/ahb_axi_matrix/ip/ahb_axi_matrix_axi_ahblite_bridge_0_0/sim/ahb_axi_matrix_axi_ahblite_bridge_0_0.vhd", 33: 

*Error* Syntax error at --
"/home/ICer/work/vivado/ahb_matrix/ahb_matrix.ip_user_files/bd/ahb_axi_matrix/ip/ahb_axi_matrix_axi_ahblite_bridge_0_0/sim/ahb_axi_matrix_axi_ahblite_bridge_0_0.vhd", 34: 

*Error* Syntax error at --
"/home/ICer/work/vivado/ahb_matrix/ahb_matrix.ip_user_files/bd/ahb_axi_matrix/ip/ahb_axi_matrix_axi_ahblite_bridge_0_0/sim/ahb_axi_matrix_axi_ahblite_bridge_0_0.vhd", 35: 

*Error* Syntax error at --
"/home/ICer/work/vivado/ahb_matrix/ahb_matrix.ip_user_files/bd/ahb_axi_matrix/ip/ahb_axi_matrix_axi_ahblite_bridge_0_0/sim/ahb_axi_matrix_axi_ahblite_bridge_0_0.vhd", 36: 

*Error* Syntax error at --
"/home/ICer/work/vivado/ahb_matrix/ahb_matrix.ip_user_files/bd/ahb_axi_matrix/ip/ahb_axi_matrix_axi_ahblite_bridge_0_0/sim/ahb_axi_matrix_axi_ahblite_bridge_0_0.vhd", 37: 

*Error* Syntax error at --
"/home/ICer/work/vivado/ahb_matrix/ahb_matrix.ip_user_files/bd/ahb_axi_matrix/ip/ahb_axi_matrix_axi_ahblite_bridge_0_0/sim/ahb_axi_matrix_axi_ahblite_bridge_0_0.vhd", 38: 

*Error* Syntax error at --
"/home/ICer/work/vivado/ahb_matrix/ahb_matrix.ip_user_files/bd/ahb_axi_matrix/ip/ahb_axi_matrix_axi_ahblite_bridge_0_0/sim/ahb_axi_matrix_axi_ahblite_bridge_0_0.vhd", 39: 

*Error* Syntax error at --
"/home/ICer/work/vivado/ahb_matrix/ahb_matrix.ip_user_files/bd/ahb_axi_matrix/ip/ahb_axi_matrix_axi_ahblite_bridge_0_0/sim/ahb_axi_matrix_axi_ahblite_bridge_0_0.vhd", 40: 

*Error* Syntax error at --
"/home/ICer/work/vivado/ahb_matrix/ahb_matrix.ip_user_files/bd/ahb_axi_matrix/ip/ahb_axi_matrix_axi_ahblite_bridge_0_0/sim/ahb_axi_matrix_axi_ahblite_bridge_0_0.vhd", 41: 

*Error* Syntax error at --
"/home/ICer/work/vivado/ahb_matrix/ahb_matrix.ip_user_files/bd/ahb_axi_matrix/ip/ahb_axi_matrix_axi_ahblite_bridge_0_0/sim/ahb_axi_matrix_axi_ahblite_bridge_0_0.vhd", 42: 

*Error* Syntax error at --
"/home/ICer/work/vivado/ahb_matrix/ahb_matrix.ip_user_files/bd/ahb_axi_matrix/ip/ahb_axi_matrix_axi_ahblite_bridge_0_0/sim/ahb_axi_matrix_axi_ahblite_bridge_0_0.vhd", 43: 

*Error* Syntax error at --
"/home/ICer/work/vivado/ahb_matrix/ahb_matrix.ip_user_files/bd/ahb_axi_matrix/ip/ahb_axi_matrix_axi_ahblite_bridge_0_0/sim/ahb_axi_matrix_axi_ahblite_bridge_0_0.vhd", 44: 

*Error* Syntax error at --
"/home/ICer/work/vivado/ahb_matrix/ahb_matrix.ip_user_files/bd/ahb_axi_matrix/ip/ahb_axi_matrix_axi_ahblite_bridge_0_0/sim/ahb_axi_matrix_axi_ahblite_bridge_0_0.vhd", 45: 

*Error* Syntax error at --
"/home/ICer/work/vivado/ahb_matrix/ahb_matrix.ip_user_files/bd/ahb_axi_matrix/ip/ahb_axi_matrix_axi_ahblite_bridge_0_0/sim/ahb_axi_matrix_axi_ahblite_bridge_0_0.vhd", 46: 

*Error* Syntax error at --
"/home/ICer/work/vivado/ahb_matrix/ahb_matrix.ip_user_files/bd/ahb_axi_matrix/ip/ahb_axi_matrix_axi_ahblite_bridge_0_0/sim/ahb_axi_matrix_axi_ahblite_bridge_0_0.vhd", 47: 

*Error* Syntax error at --
"/home/ICer/work/vivado/ahb_matrix/ahb_matrix.ip_user_files/bd/ahb_axi_matrix/ip/ahb_axi_matrix_axi_ahblite_bridge_0_0/sim/ahb_axi_matrix_axi_ahblite_bridge_0_0.vhd", 49: 

*Error* Syntax error at --
"/home/ICer/work/vivado/ahb_matrix/ahb_matrix.ip_user_files/bd/ahb_axi_matrix/ip/ahb_axi_matrix_axi_ahblite_bridge_0_0/sim/ahb_axi_matrix_axi_ahblite_bridge_0_0.vhd", 50: 

*Error* Syntax error at LIBRARY
"/home/ICer/work/vivado/ahb_matrix/ahb_matrix.ip_user_files/bd/ahb_axi_matrix/ip/ahb_axi_matrix_axi_ahblite_bridge_0_0/sim/ahb_axi_matrix_axi_ahblite_bridge_0_0.vhd", 52: 

*Error* Syntax error at USE
"/home/ICer/work/vivado/ahb_matrix/ahb_matrix.ip_user_files/bd/ahb_axi_matrix/ip/ahb_axi_matrix_axi_ahblite_bridge_0_0/sim/ahb_axi_matrix_axi_ahblite_bridge_0_0.vhd", 53: 

*Error* Syntax error at USE
"/home/ICer/work/vivado/ahb_matrix/ahb_matrix.ip_user_files/bd/ahb_axi_matrix/ip/ahb_axi_matrix_axi_ahblite_bridge_0_0/sim/ahb_axi_matrix_axi_ahblite_bridge_0_0.vhd", 54: 

*Error* Syntax error at LIBRARY
"/home/ICer/work/vivado/ahb_matrix/ahb_matrix.ip_user_files/bd/ahb_axi_matrix/ip/ahb_axi_matrix_axi_ahblite_bridge_0_0/sim/ahb_axi_matrix_axi_ahblite_bridge_0_0.vhd", 56: 

*Error* Syntax error at USE
"/home/ICer/work/vivado/ahb_matrix/ahb_matrix.ip_user_files/bd/ahb_axi_matrix/ip/ahb_axi_matrix_axi_ahblite_bridge_0_0/sim/ahb_axi_matrix_axi_ahblite_bridge_0_0.vhd", 57: 

*Error* Syntax error at ENTITY
"/home/ICer/work/vivado/ahb_matrix/ahb_matrix.ip_user_files/bd/ahb_axi_matrix/ip/ahb_axi_matrix_axi_ahblite_bridge_0_0/sim/ahb_axi_matrix_axi_ahblite_bridge_0_0.vhd", 59: 

*Error* Syntax error at PORT
"/home/ICer/work/vivado/ahb_matrix/ahb_matrix.ip_user_files/bd/ahb_axi_matrix/ip/ahb_axi_matrix_axi_ahblite_bridge_0_0/sim/ahb_axi_matrix_axi_ahblite_bridge_0_0.vhd", 60: 

*Error* Syntax error at s_axi_aclk
"/home/ICer/work/vivado/ahb_matrix/ahb_matrix.ip_user_files/bd/ahb_axi_matrix/ip/ahb_axi_matrix_axi_ahblite_bridge_0_0/sim/ahb_axi_matrix_axi_ahblite_bridge_0_0.vhd", 61: 

*Error* Syntax error at s_axi_aresetn
"/home/ICer/work/vivado/ahb_matrix/ahb_matrix.ip_user_files/bd/ahb_axi_matrix/ip/ahb_axi_matrix_axi_ahblite_bridge_0_0/sim/ahb_axi_matrix_axi_ahblite_bridge_0_0.vhd", 62: 

*Error* Syntax error at s_axi_awid
"/home/ICer/work/vivado/ahb_matrix/ahb_matrix.ip_user_files/bd/ahb_axi_matrix/ip/ahb_axi_matrix_axi_ahblite_bridge_0_0/sim/ahb_axi_matrix_axi_ahblite_bridge_0_0.vhd", 63: 

*Error* Syntax error at s_axi_awlen
"/home/ICer/work/vivado/ahb_matrix/ahb_matrix.ip_user_files/bd/ahb_axi_matrix/ip/ahb_axi_matrix_axi_ahblite_bridge_0_0/sim/ahb_axi_matrix_axi_ahblite_bridge_0_0.vhd", 64: 

*Error* Syntax error at s_axi_awsize
"/home/ICer/work/vivado/ahb_matrix/ahb_matrix.ip_user_files/bd/ahb_axi_matrix/ip/ahb_axi_matrix_axi_ahblite_bridge_0_0/sim/ahb_axi_matrix_axi_ahblite_bridge_0_0.vhd", 65: 

*Error* Syntax error at s_axi_awburst
"/home/ICer/work/vivado/ahb_matrix/ahb_matrix.ip_user_files/bd/ahb_axi_matrix/ip/ahb_axi_matrix_axi_ahblite_bridge_0_0/sim/ahb_axi_matrix_axi_ahblite_bridge_0_0.vhd", 66: 

*Error* Syntax error at s_axi_awcache
"/home/ICer/work/vivado/ahb_matrix/ahb_matrix.ip_user_files/bd/ahb_axi_matrix/ip/ahb_axi_matrix_axi_ahblite_bridge_0_0/sim/ahb_axi_matrix_axi_ahblite_bridge_0_0.vhd", 67: 

*Error* Syntax error at s_axi_awaddr
"/home/ICer/work/vivado/ahb_matrix/ahb_matrix.ip_user_files/bd/ahb_axi_matrix/ip/ahb_axi_matrix_axi_ahblite_bridge_0_0/sim/ahb_axi_matrix_axi_ahblite_bridge_0_0.vhd", 68: 

*Error* Syntax error at s_axi_awprot
"/home/ICer/work/vivado/ahb_matrix/ahb_matrix.ip_user_files/bd/ahb_axi_matrix/ip/ahb_axi_matrix_axi_ahblite_bridge_0_0/sim/ahb_axi_matrix_axi_ahblite_bridge_0_0.vhd", 69: 

*Error* Syntax error at s_axi_awvalid
"/home/ICer/work/vivado/ahb_matrix/ahb_matrix.ip_user_files/bd/ahb_axi_matrix/ip/ahb_axi_matrix_axi_ahblite_bridge_0_0/sim/ahb_axi_matrix_axi_ahblite_bridge_0_0.vhd", 70: 

*Error* Syntax error at s_axi_awready
"/home/ICer/work/vivado/ahb_matrix/ahb_matrix.ip_user_files/bd/ahb_axi_matrix/ip/ahb_axi_matrix_axi_ahblite_bridge_0_0/sim/ahb_axi_matrix_axi_ahblite_bridge_0_0.vhd", 71: 

*Error* Syntax error at s_axi_awlock
"/home/ICer/work/vivado/ahb_matrix/ahb_matrix.ip_user_files/bd/ahb_axi_matrix/ip/ahb_axi_matrix_axi_ahblite_bridge_0_0/sim/ahb_axi_matrix_axi_ahblite_bridge_0_0.vhd", 72: 

*Error* Syntax error at s_axi_wdata
"/home/ICer/work/vivado/ahb_matrix/ahb_matrix.ip_user_files/bd/ahb_axi_matrix/ip/ahb_axi_matrix_axi_ahblite_bridge_0_0/sim/ahb_axi_matrix_axi_ahblite_bridge_0_0.vhd", 73: 

*Error* Syntax error at s_axi_wstrb
"/home/ICer/work/vivado/ahb_matrix/ahb_matrix.ip_user_files/bd/ahb_axi_matrix/ip/ahb_axi_matrix_axi_ahblite_bridge_0_0/sim/ahb_axi_matrix_axi_ahblite_bridge_0_0.vhd", 74: 

*Error* Syntax error at s_axi_wlast
"/home/ICer/work/vivado/ahb_matrix/ahb_matrix.ip_user_files/bd/ahb_axi_matrix/ip/ahb_axi_matrix_axi_ahblite_bridge_0_0/sim/ahb_axi_matrix_axi_ahblite_bridge_0_0.vhd", 75: 

*Error* Syntax error at s_axi_wvalid
"/home/ICer/work/vivado/ahb_matrix/ahb_matrix.ip_user_files/bd/ahb_axi_matrix/ip/ahb_axi_matrix_axi_ahblite_bridge_0_0/sim/ahb_axi_matrix_axi_ahblite_bridge_0_0.vhd", 76: 

*Error* Syntax error at s_axi_wready
"/home/ICer/work/vivado/ahb_matrix/ahb_matrix.ip_user_files/bd/ahb_axi_matrix/ip/ahb_axi_matrix_axi_ahblite_bridge_0_0/sim/ahb_axi_matrix_axi_ahblite_bridge_0_0.vhd", 77: 

*Error* Syntax error at s_axi_bid
"/home/ICer/work/vivado/ahb_matrix/ahb_matrix.ip_user_files/bd/ahb_axi_matrix/ip/ahb_axi_matrix_axi_ahblite_bridge_0_0/sim/ahb_axi_matrix_axi_ahblite_bridge_0_0.vhd", 78: 

*Error* Syntax error at s_axi_bresp
"/home/ICer/work/vivado/ahb_matrix/ahb_matrix.ip_user_files/bd/ahb_axi_matrix/ip/ahb_axi_matrix_axi_ahblite_bridge_0_0/sim/ahb_axi_matrix_axi_ahblite_bridge_0_0.vhd", 79: 

*Error* Syntax error at s_axi_bvalid
"/home/ICer/work/vivado/ahb_matrix/ahb_matrix.ip_user_files/bd/ahb_axi_matrix/ip/ahb_axi_matrix_axi_ahblite_bridge_0_0/sim/ahb_axi_matrix_axi_ahblite_bridge_0_0.vhd", 80: 

*Error* Syntax error at s_axi_bready
"/home/ICer/work/vivado/ahb_matrix/ahb_matrix.ip_user_files/bd/ahb_axi_matrix/ip/ahb_axi_matrix_axi_ahblite_bridge_0_0/sim/ahb_axi_matrix_axi_ahblite_bridge_0_0.vhd", 81: 

*Error* Syntax error at s_axi_arid
"/home/ICer/work/vivado/ahb_matrix/ahb_matrix.ip_user_files/bd/ahb_axi_matrix/ip/ahb_axi_matrix_axi_ahblite_bridge_0_0/sim/ahb_axi_matrix_axi_ahblite_bridge_0_0.vhd", 82: 

*Error* Syntax error at s_axi_araddr
"/home/ICer/work/vivado/ahb_matrix/ahb_matrix.ip_user_files/bd/ahb_axi_matrix/ip/ahb_axi_matrix_axi_ahblite_bridge_0_0/sim/ahb_axi_matrix_axi_ahblite_bridge_0_0.vhd", 83: 

*Error* Syntax error at s_axi_arprot
"/home/ICer/work/vivado/ahb_matrix/ahb_matrix.ip_user_files/bd/ahb_axi_matrix/ip/ahb_axi_matrix_axi_ahblite_bridge_0_0/sim/ahb_axi_matrix_axi_ahblite_bridge_0_0.vhd", 84: 

*Error* Syntax error at s_axi_arcache
"/home/ICer/work/vivado/ahb_matrix/ahb_matrix.ip_user_files/bd/ahb_axi_matrix/ip/ahb_axi_matrix_axi_ahblite_bridge_0_0/sim/ahb_axi_matrix_axi_ahblite_bridge_0_0.vhd", 85: 

*Error* Syntax error at s_axi_arvalid
"/home/ICer/work/vivado/ahb_matrix/ahb_matrix.ip_user_files/bd/ahb_axi_matrix/ip/ahb_axi_matrix_axi_ahblite_bridge_0_0/sim/ahb_axi_matrix_axi_ahblite_bridge_0_0.vhd", 86: 

*Error* Syntax error at s_axi_arlen
"/home/ICer/work/vivado/ahb_matrix/ahb_matrix.ip_user_files/bd/ahb_axi_matrix/ip/ahb_axi_matrix_axi_ahblite_bridge_0_0/sim/ahb_axi_matrix_axi_ahblite_bridge_0_0.vhd", 87: 

*Error* Syntax error at s_axi_arsize
"/home/ICer/work/vivado/ahb_matrix/ahb_matrix.ip_user_files/bd/ahb_axi_matrix/ip/ahb_axi_matrix_axi_ahblite_bridge_0_0/sim/ahb_axi_matrix_axi_ahblite_bridge_0_0.vhd", 88: 

*Error* Syntax error at s_axi_arburst
"/home/ICer/work/vivado/ahb_matrix/ahb_matrix.ip_user_files/bd/ahb_axi_matrix/ip/ahb_axi_matrix_axi_ahblite_bridge_0_0/sim/ahb_axi_matrix_axi_ahblite_bridge_0_0.vhd", 89: 

*Error* Syntax error at s_axi_arlock
"/home/ICer/work/vivado/ahb_matrix/ahb_matrix.ip_user_files/bd/ahb_axi_matrix/ip/ahb_axi_matrix_axi_ahblite_bridge_0_0/sim/ahb_axi_matrix_axi_ahblite_bridge_0_0.vhd", 90: 

*Error* Syntax error at s_axi_arready
"/home/ICer/work/vivado/ahb_matrix/ahb_matrix.ip_user_files/bd/ahb_axi_matrix/ip/ahb_axi_matrix_axi_ahblite_bridge_0_0/sim/ahb_axi_matrix_axi_ahblite_bridge_0_0.vhd", 91: 

*Error* Syntax error at s_axi_rid
"/home/ICer/work/vivado/ahb_matrix/ahb_matrix.ip_user_files/bd/ahb_axi_matrix/ip/ahb_axi_matrix_axi_ahblite_bridge_0_0/sim/ahb_axi_matrix_axi_ahblite_bridge_0_0.vhd", 92: 

*Error* Syntax error at s_axi_rdata
"/home/ICer/work/vivado/ahb_matrix/ahb_matrix.ip_user_files/bd/ahb_axi_matrix/ip/ahb_axi_matrix_axi_ahblite_bridge_0_0/sim/ahb_axi_matrix_axi_ahblite_bridge_0_0.vhd", 93: 

*Error* Syntax error at s_axi_rresp
"/home/ICer/work/vivado/ahb_matrix/ahb_matrix.ip_user_files/bd/ahb_axi_matrix/ip/ahb_axi_matrix_axi_ahblite_bridge_0_0/sim/ahb_axi_matrix_axi_ahblite_bridge_0_0.vhd", 94: 

*Error* Syntax error at s_axi_rvalid
"/home/ICer/work/vivado/ahb_matrix/ahb_matrix.ip_user_files/bd/ahb_axi_matrix/ip/ahb_axi_matrix_axi_ahblite_bridge_0_0/sim/ahb_axi_matrix_axi_ahblite_bridge_0_0.vhd", 95: 

*Error* Syntax error at s_axi_rlast
"/home/ICer/work/vivado/ahb_matrix/ahb_matrix.ip_user_files/bd/ahb_axi_matrix/ip/ahb_axi_matrix_axi_ahblite_bridge_0_0/sim/ahb_axi_matrix_axi_ahblite_bridge_0_0.vhd", 96: 

*Error* Syntax error at s_axi_rready
"/home/ICer/work/vivado/ahb_matrix/ahb_matrix.ip_user_files/bd/ahb_axi_matrix/ip/ahb_axi_matrix_axi_ahblite_bridge_0_0/sim/ahb_axi_matrix_axi_ahblite_bridge_0_0.vhd", 97: 

*Error* Syntax error at m_ahb_haddr
"/home/ICer/work/vivado/ahb_matrix/ahb_matrix.ip_user_files/bd/ahb_axi_matrix/ip/ahb_axi_matrix_axi_ahblite_bridge_0_0/sim/ahb_axi_matrix_axi_ahblite_bridge_0_0.vhd", 98: 

*Error* Syntax error at m_ahb_hwrite
"/home/ICer/work/vivado/ahb_matrix/ahb_matrix.ip_user_files/bd/ahb_axi_matrix/ip/ahb_axi_matrix_axi_ahblite_bridge_0_0/sim/ahb_axi_matrix_axi_ahblite_bridge_0_0.vhd", 99: 

*Error* Syntax error at m_ahb_hsize
"/home/ICer/work/vivado/ahb_matrix/ahb_matrix.ip_user_files/bd/ahb_axi_matrix/ip/ahb_axi_matrix_axi_ahblite_bridge_0_0/sim/ahb_axi_matrix_axi_ahblite_bridge_0_0.vhd", 100: 

*Error* Syntax error at m_ahb_hburst
"/home/ICer/work/vivado/ahb_matrix/ahb_matrix.ip_user_files/bd/ahb_axi_matrix/ip/ahb_axi_matrix_axi_ahblite_bridge_0_0/sim/ahb_axi_matrix_axi_ahblite_bridge_0_0.vhd", 101: 

*Error* Syntax error at m_ahb_hprot
"/home/ICer/work/vivado/ahb_matrix/ahb_matrix.ip_user_files/bd/ahb_axi_matrix/ip/ahb_axi_matrix_axi_ahblite_bridge_0_0/sim/ahb_axi_matrix_axi_ahblite_bridge_0_0.vhd", 102: 

*Error* Syntax error at m_ahb_htrans
"/home/ICer/work/vivado/ahb_matrix/ahb_matrix.ip_user_files/bd/ahb_axi_matrix/ip/ahb_axi_matrix_axi_ahblite_bridge_0_0/sim/ahb_axi_matrix_axi_ahblite_bridge_0_0.vhd", 103: 

*Error* Syntax error at m_ahb_hmastlock
"/home/ICer/work/vivado/ahb_matrix/ahb_matrix.ip_user_files/bd/ahb_axi_matrix/ip/ahb_axi_matrix_axi_ahblite_bridge_0_0/sim/ahb_axi_matrix_axi_ahblite_bridge_0_0.vhd", 104: 

*Error* Syntax error at m_ahb_hwdata
"/home/ICer/work/vivado/ahb_matrix/ahb_matrix.ip_user_files/bd/ahb_axi_matrix/ip/ahb_axi_matrix_axi_ahblite_bridge_0_0/sim/ahb_axi_matrix_axi_ahblite_bridge_0_0.vhd", 105: 

*Error* Syntax error at m_ahb_hready
"/home/ICer/work/vivado/ahb_matrix/ahb_matrix.ip_user_files/bd/ahb_axi_matrix/ip/ahb_axi_matrix_axi_ahblite_bridge_0_0/sim/ahb_axi_matrix_axi_ahblite_bridge_0_0.vhd", 106: 

*Error* Syntax error at m_ahb_hrdata
"/home/ICer/work/vivado/ahb_matrix/ahb_matrix.ip_user_files/bd/ahb_axi_matrix/ip/ahb_axi_matrix_axi_ahblite_bridge_0_0/sim/ahb_axi_matrix_axi_ahblite_bridge_0_0.vhd", 107: 

*Error* Syntax error at m_ahb_hresp
"/home/ICer/work/vivado/ahb_matrix/ahb_matrix.ip_user_files/bd/ahb_axi_matrix/ip/ahb_axi_matrix_axi_ahblite_bridge_0_0/sim/ahb_axi_matrix_axi_ahblite_bridge_0_0.vhd", 108: 

*Error* Syntax error at )
"/home/ICer/work/vivado/ahb_matrix/ahb_matrix.ip_user_files/bd/ahb_axi_matrix/ip/ahb_axi_matrix_axi_ahblite_bridge_0_0/sim/ahb_axi_matrix_axi_ahblite_bridge_0_0.vhd", 109: 

*Error* Syntax error at END
"/home/ICer/work/vivado/ahb_matrix/ahb_matrix.ip_user_files/bd/ahb_axi_matrix/ip/ahb_axi_matrix_axi_ahblite_bridge_0_0/sim/ahb_axi_matrix_axi_ahblite_bridge_0_0.vhd", 110: 

*Error* Syntax error at ARCHITECTURE
"/home/ICer/work/vivado/ahb_matrix/ahb_matrix.ip_user_files/bd/ahb_axi_matrix/ip/ahb_axi_matrix_axi_ahblite_bridge_0_0/sim/ahb_axi_matrix_axi_ahblite_bridge_0_0.vhd", 112: 

*Error* Syntax error at ATTRIBUTE
"/home/ICer/work/vivado/ahb_matrix/ahb_matrix.ip_user_files/bd/ahb_axi_matrix/ip/ahb_axi_matrix_axi_ahblite_bridge_0_0/sim/ahb_axi_matrix_axi_ahblite_bridge_0_0.vhd", 113: 

*Error* Syntax error at ATTRIBUTE
"/home/ICer/work/vivado/ahb_matrix/ahb_matrix.ip_user_files/bd/ahb_axi_matrix/ip/ahb_axi_matrix_axi_ahblite_bridge_0_0/sim/ahb_axi_matrix_axi_ahblite_bridge_0_0.vhd", 114: 

*Error* Syntax error at COMPONENT
"/home/ICer/work/vivado/ahb_matrix/ahb_matrix.ip_user_files/bd/ahb_axi_matrix/ip/ahb_axi_matrix_axi_ahblite_bridge_0_0/sim/ahb_axi_matrix_axi_ahblite_bridge_0_0.vhd", 115: 

*Error* Syntax error at GENERIC
"/home/ICer/work/vivado/ahb_matrix/ahb_matrix.ip_user_files/bd/ahb_axi_matrix/ip/ahb_axi_matrix_axi_ahblite_bridge_0_0/sim/ahb_axi_matrix_axi_ahblite_bridge_0_0.vhd", 116: 

*Error* Syntax error at C_FAMILY
"/home/ICer/work/vivado/ahb_matrix/ahb_matrix.ip_user_files/bd/ahb_axi_matrix/ip/ahb_axi_matrix_axi_ahblite_bridge_0_0/sim/ahb_axi_matrix_axi_ahblite_bridge_0_0.vhd", 117: 

*Error* Syntax error at C_INSTANCE
"/home/ICer/work/vivado/ahb_matrix/ahb_matrix.ip_user_files/bd/ahb_axi_matrix/ip/ahb_axi_matrix_axi_ahblite_bridge_0_0/sim/ahb_axi_matrix_axi_ahblite_bridge_0_0.vhd", 118: 

*Error* Syntax error at C_S_AXI_ADDR_WIDTH
"/home/ICer/work/vivado/ahb_matrix/ahb_matrix.ip_user_files/bd/ahb_axi_matrix/ip/ahb_axi_matrix_axi_ahblite_bridge_0_0/sim/ahb_axi_matrix_axi_ahblite_bridge_0_0.vhd", 119: 

*Error* Syntax error at C_S_AXI_DATA_WIDTH
"/home/ICer/work/vivado/ahb_matrix/ahb_matrix.ip_user_files/bd/ahb_axi_matrix/ip/ahb_axi_matrix_axi_ahblite_bridge_0_0/sim/ahb_axi_matrix_axi_ahblite_bridge_0_0.vhd", 120: 

*Error* Syntax error at C_S_AXI_SUPPORTS_NARROW_BURST
"/home/ICer/work/vivado/ahb_matrix/ahb_matrix.ip_user_files/bd/ahb_axi_matrix/ip/ahb_axi_matrix_axi_ahblite_bridge_0_0/sim/ahb_axi_matrix_axi_ahblite_bridge_0_0.vhd", 121: 

*Error* Syntax error at C_S_AXI_ID_WIDTH
"/home/ICer/work/vivado/ahb_matrix/ahb_matrix.ip_user_files/bd/ahb_axi_matrix/ip/ahb_axi_matrix_axi_ahblite_bridge_0_0/sim/ahb_axi_matrix_axi_ahblite_bridge_0_0.vhd", 122: 

*Error* Syntax error at C_M_AHB_ADDR_WIDTH
"/home/ICer/work/vivado/ahb_matrix/ahb_matrix.ip_user_files/bd/ahb_axi_matrix/ip/ahb_axi_matrix_axi_ahblite_bridge_0_0/sim/ahb_axi_matrix_axi_ahblite_bridge_0_0.vhd", 123: 

*Error* Syntax error at C_M_AHB_DATA_WIDTH
"/home/ICer/work/vivado/ahb_matrix/ahb_matrix.ip_user_files/bd/ahb_axi_matrix/ip/ahb_axi_matrix_axi_ahblite_bridge_0_0/sim/ahb_axi_matrix_axi_ahblite_bridge_0_0.vhd", 124: 

*Error* Syntax error at C_DPHASE_TIMEOUT
"/home/ICer/work/vivado/ahb_matrix/ahb_matrix.ip_user_files/bd/ahb_axi_matrix/ip/ahb_axi_matrix_axi_ahblite_bridge_0_0/sim/ahb_axi_matrix_axi_ahblite_bridge_0_0.vhd", 125: 

*Error* Syntax error at )
"/home/ICer/work/vivado/ahb_matrix/ahb_matrix.ip_user_files/bd/ahb_axi_matrix/ip/ahb_axi_matrix_axi_ahblite_bridge_0_0/sim/ahb_axi_matrix_axi_ahblite_bridge_0_0.vhd", 126: 

*Error* Syntax error at PORT
"/home/ICer/work/vivado/ahb_matrix/ahb_matrix.ip_user_files/bd/ahb_axi_matrix/ip/ahb_axi_matrix_axi_ahblite_bridge_0_0/sim/ahb_axi_matrix_axi_ahblite_bridge_0_0.vhd", 127: 

*Error* Syntax error at s_axi_aclk
"/home/ICer/work/vivado/ahb_matrix/ahb_matrix.ip_user_files/bd/ahb_axi_matrix/ip/ahb_axi_matrix_axi_ahblite_bridge_0_0/sim/ahb_axi_matrix_axi_ahblite_bridge_0_0.vhd", 128: 

*Error* Syntax error at s_axi_aresetn
"/home/ICer/work/vivado/ahb_matrix/ahb_matrix.ip_user_files/bd/ahb_axi_matrix/ip/ahb_axi_matrix_axi_ahblite_bridge_0_0/sim/ahb_axi_matrix_axi_ahblite_bridge_0_0.vhd", 129: 

*Error* Syntax error at s_axi_awid
"/home/ICer/work/vivado/ahb_matrix/ahb_matrix.ip_user_files/bd/ahb_axi_matrix/ip/ahb_axi_matrix_axi_ahblite_bridge_0_0/sim/ahb_axi_matrix_axi_ahblite_bridge_0_0.vhd", 130: 

*Error* Syntax error at s_axi_awlen
"/home/ICer/work/vivado/ahb_matrix/ahb_matrix.ip_user_files/bd/ahb_axi_matrix/ip/ahb_axi_matrix_axi_ahblite_bridge_0_0/sim/ahb_axi_matrix_axi_ahblite_bridge_0_0.vhd", 131: 

*Error* Syntax error at s_axi_awsize
"/home/ICer/work/vivado/ahb_matrix/ahb_matrix.ip_user_files/bd/ahb_axi_matrix/ip/ahb_axi_matrix_axi_ahblite_bridge_0_0/sim/ahb_axi_matrix_axi_ahblite_bridge_0_0.vhd", 132: 

*Error* Syntax error at s_axi_awburst
"/home/ICer/work/vivado/ahb_matrix/ahb_matrix.ip_user_files/bd/ahb_axi_matrix/ip/ahb_axi_matrix_axi_ahblite_bridge_0_0/sim/ahb_axi_matrix_axi_ahblite_bridge_0_0.vhd", 133: 

*Error* Syntax error at s_axi_awcache
"/home/ICer/work/vivado/ahb_matrix/ahb_matrix.ip_user_files/bd/ahb_axi_matrix/ip/ahb_axi_matrix_axi_ahblite_bridge_0_0/sim/ahb_axi_matrix_axi_ahblite_bridge_0_0.vhd", 134: 

*Error* Syntax error at s_axi_awaddr
"/home/ICer/work/vivado/ahb_matrix/ahb_matrix.ip_user_files/bd/ahb_axi_matrix/ip/ahb_axi_matrix_axi_ahblite_bridge_0_0/sim/ahb_axi_matrix_axi_ahblite_bridge_0_0.vhd", 135: 

*Error* Syntax error at s_axi_awprot
"/home/ICer/work/vivado/ahb_matrix/ahb_matrix.ip_user_files/bd/ahb_axi_matrix/ip/ahb_axi_matrix_axi_ahblite_bridge_0_0/sim/ahb_axi_matrix_axi_ahblite_bridge_0_0.vhd", 136: 

*Error* Syntax error at s_axi_awvalid
"/home/ICer/work/vivado/ahb_matrix/ahb_matrix.ip_user_files/bd/ahb_axi_matrix/ip/ahb_axi_matrix_axi_ahblite_bridge_0_0/sim/ahb_axi_matrix_axi_ahblite_bridge_0_0.vhd", 137: 

*Error* Syntax error at s_axi_awready
"/home/ICer/work/vivado/ahb_matrix/ahb_matrix.ip_user_files/bd/ahb_axi_matrix/ip/ahb_axi_matrix_axi_ahblite_bridge_0_0/sim/ahb_axi_matrix_axi_ahblite_bridge_0_0.vhd", 138: 

*Error* Syntax error at s_axi_awlock
"/home/ICer/work/vivado/ahb_matrix/ahb_matrix.ip_user_files/bd/ahb_axi_matrix/ip/ahb_axi_matrix_axi_ahblite_bridge_0_0/sim/ahb_axi_matrix_axi_ahblite_bridge_0_0.vhd", 139: 

*Error* Syntax error at s_axi_wdata
"/home/ICer/work/vivado/ahb_matrix/ahb_matrix.ip_user_files/bd/ahb_axi_matrix/ip/ahb_axi_matrix_axi_ahblite_bridge_0_0/sim/ahb_axi_matrix_axi_ahblite_bridge_0_0.vhd", 140: 

*Error* Syntax error at s_axi_wstrb
"/home/ICer/work/vivado/ahb_matrix/ahb_matrix.ip_user_files/bd/ahb_axi_matrix/ip/ahb_axi_matrix_axi_ahblite_bridge_0_0/sim/ahb_axi_matrix_axi_ahblite_bridge_0_0.vhd", 141: 

*Error* Syntax error at s_axi_wlast
"/home/ICer/work/vivado/ahb_matrix/ahb_matrix.ip_user_files/bd/ahb_axi_matrix/ip/ahb_axi_matrix_axi_ahblite_bridge_0_0/sim/ahb_axi_matrix_axi_ahblite_bridge_0_0.vhd", 142: 

*Error* Syntax error at s_axi_wvalid
"/home/ICer/work/vivado/ahb_matrix/ahb_matrix.ip_user_files/bd/ahb_axi_matrix/ip/ahb_axi_matrix_axi_ahblite_bridge_0_0/sim/ahb_axi_matrix_axi_ahblite_bridge_0_0.vhd", 143: 

*Error* Syntax error at s_axi_wready
"/home/ICer/work/vivado/ahb_matrix/ahb_matrix.ip_user_files/bd/ahb_axi_matrix/ip/ahb_axi_matrix_axi_ahblite_bridge_0_0/sim/ahb_axi_matrix_axi_ahblite_bridge_0_0.vhd", 144: 

*Error* Syntax error at s_axi_bid
"/home/ICer/work/vivado/ahb_matrix/ahb_matrix.ip_user_files/bd/ahb_axi_matrix/ip/ahb_axi_matrix_axi_ahblite_bridge_0_0/sim/ahb_axi_matrix_axi_ahblite_bridge_0_0.vhd", 145: 

*Error* Syntax error at s_axi_bresp
"/home/ICer/work/vivado/ahb_matrix/ahb_matrix.ip_user_files/bd/ahb_axi_matrix/ip/ahb_axi_matrix_axi_ahblite_bridge_0_0/sim/ahb_axi_matrix_axi_ahblite_bridge_0_0.vhd", 146: 

*Error* Syntax error at s_axi_bvalid
"/home/ICer/work/vivado/ahb_matrix/ahb_matrix.ip_user_files/bd/ahb_axi_matrix/ip/ahb_axi_matrix_axi_ahblite_bridge_0_0/sim/ahb_axi_matrix_axi_ahblite_bridge_0_0.vhd", 147: 

*Error* Syntax error at s_axi_bready
"/home/ICer/work/vivado/ahb_matrix/ahb_matrix.ip_user_files/bd/ahb_axi_matrix/ip/ahb_axi_matrix_axi_ahblite_bridge_0_0/sim/ahb_axi_matrix_axi_ahblite_bridge_0_0.vhd", 148: 

*Error* Syntax error at s_axi_arid
"/home/ICer/work/vivado/ahb_matrix/ahb_matrix.ip_user_files/bd/ahb_axi_matrix/ip/ahb_axi_matrix_axi_ahblite_bridge_0_0/sim/ahb_axi_matrix_axi_ahblite_bridge_0_0.vhd", 149: 

*Error* Syntax error at s_axi_araddr
"/home/ICer/work/vivado/ahb_matrix/ahb_matrix.ip_user_files/bd/ahb_axi_matrix/ip/ahb_axi_matrix_axi_ahblite_bridge_0_0/sim/ahb_axi_matrix_axi_ahblite_bridge_0_0.vhd", 150: 

*Error* Syntax error at s_axi_arprot
"/home/ICer/work/vivado/ahb_matrix/ahb_matrix.ip_user_files/bd/ahb_axi_matrix/ip/ahb_axi_matrix_axi_ahblite_bridge_0_0/sim/ahb_axi_matrix_axi_ahblite_bridge_0_0.vhd", 151: 

*Error* Syntax error at s_axi_arcache
"/home/ICer/work/vivado/ahb_matrix/ahb_matrix.ip_user_files/bd/ahb_axi_matrix/ip/ahb_axi_matrix_axi_ahblite_bridge_0_0/sim/ahb_axi_matrix_axi_ahblite_bridge_0_0.vhd", 152: 

*Error* Syntax error at s_axi_arvalid
"/home/ICer/work/vivado/ahb_matrix/ahb_matrix.ip_user_files/bd/ahb_axi_matrix/ip/ahb_axi_matrix_axi_ahblite_bridge_0_0/sim/ahb_axi_matrix_axi_ahblite_bridge_0_0.vhd", 153: 

*Error* Syntax error at s_axi_arlen
"/home/ICer/work/vivado/ahb_matrix/ahb_matrix.ip_user_files/bd/ahb_axi_matrix/ip/ahb_axi_matrix_axi_ahblite_bridge_0_0/sim/ahb_axi_matrix_axi_ahblite_bridge_0_0.vhd", 154: 

*Error* Syntax error at s_axi_arsize
"/home/ICer/work/vivado/ahb_matrix/ahb_matrix.ip_user_files/bd/ahb_axi_matrix/ip/ahb_axi_matrix_axi_ahblite_bridge_0_0/sim/ahb_axi_matrix_axi_ahblite_bridge_0_0.vhd", 155: 

*Error* Syntax error at s_axi_arburst
"/home/ICer/work/vivado/ahb_matrix/ahb_matrix.ip_user_files/bd/ahb_axi_matrix/ip/ahb_axi_matrix_axi_ahblite_bridge_0_0/sim/ahb_axi_matrix_axi_ahblite_bridge_0_0.vhd", 156: 

*Error* Syntax error at s_axi_arlock
"/home/ICer/work/vivado/ahb_matrix/ahb_matrix.ip_user_files/bd/ahb_axi_matrix/ip/ahb_axi_matrix_axi_ahblite_bridge_0_0/sim/ahb_axi_matrix_axi_ahblite_bridge_0_0.vhd", 157: 

*Error* Syntax error at s_axi_arready
"/home/ICer/work/vivado/ahb_matrix/ahb_matrix.ip_user_files/bd/ahb_axi_matrix/ip/ahb_axi_matrix_axi_ahblite_bridge_0_0/sim/ahb_axi_matrix_axi_ahblite_bridge_0_0.vhd", 158: 

*Error* Syntax error at s_axi_rid
"/home/ICer/work/vivado/ahb_matrix/ahb_matrix.ip_user_files/bd/ahb_axi_matrix/ip/ahb_axi_matrix_axi_ahblite_bridge_0_0/sim/ahb_axi_matrix_axi_ahblite_bridge_0_0.vhd", 159: 

*Error* Syntax error at s_axi_rdata
"/home/ICer/work/vivado/ahb_matrix/ahb_matrix.ip_user_files/bd/ahb_axi_matrix/ip/ahb_axi_matrix_axi_ahblite_bridge_0_0/sim/ahb_axi_matrix_axi_ahblite_bridge_0_0.vhd", 160: 

*Error* Syntax error at s_axi_rresp
"/home/ICer/work/vivado/ahb_matrix/ahb_matrix.ip_user_files/bd/ahb_axi_matrix/ip/ahb_axi_matrix_axi_ahblite_bridge_0_0/sim/ahb_axi_matrix_axi_ahblite_bridge_0_0.vhd", 161: 

*Error* Syntax error at s_axi_rvalid
"/home/ICer/work/vivado/ahb_matrix/ahb_matrix.ip_user_files/bd/ahb_axi_matrix/ip/ahb_axi_matrix_axi_ahblite_bridge_0_0/sim/ahb_axi_matrix_axi_ahblite_bridge_0_0.vhd", 162: 

*Error* Syntax error at s_axi_rlast
"/home/ICer/work/vivado/ahb_matrix/ahb_matrix.ip_user_files/bd/ahb_axi_matrix/ip/ahb_axi_matrix_axi_ahblite_bridge_0_0/sim/ahb_axi_matrix_axi_ahblite_bridge_0_0.vhd", 163: 

*Error* Syntax error at s_axi_rready
"/home/ICer/work/vivado/ahb_matrix/ahb_matrix.ip_user_files/bd/ahb_axi_matrix/ip/ahb_axi_matrix_axi_ahblite_bridge_0_0/sim/ahb_axi_matrix_axi_ahblite_bridge_0_0.vhd", 164: 

*Error* Syntax error at m_ahb_haddr
"/home/ICer/work/vivado/ahb_matrix/ahb_matrix.ip_user_files/bd/ahb_axi_matrix/ip/ahb_axi_matrix_axi_ahblite_bridge_0_0/sim/ahb_axi_matrix_axi_ahblite_bridge_0_0.vhd", 165: 

*Error* Syntax error at m_ahb_hwrite
"/home/ICer/work/vivado/ahb_matrix/ahb_matrix.ip_user_files/bd/ahb_axi_matrix/ip/ahb_axi_matrix_axi_ahblite_bridge_0_0/sim/ahb_axi_matrix_axi_ahblite_bridge_0_0.vhd", 166: 

*Error* Syntax error at m_ahb_hsize
"/home/ICer/work/vivado/ahb_matrix/ahb_matrix.ip_user_files/bd/ahb_axi_matrix/ip/ahb_axi_matrix_axi_ahblite_bridge_0_0/sim/ahb_axi_matrix_axi_ahblite_bridge_0_0.vhd", 167: 

*Error* Syntax error at m_ahb_hburst
"/home/ICer/work/vivado/ahb_matrix/ahb_matrix.ip_user_files/bd/ahb_axi_matrix/ip/ahb_axi_matrix_axi_ahblite_bridge_0_0/sim/ahb_axi_matrix_axi_ahblite_bridge_0_0.vhd", 168: 

*Error* Syntax error at m_ahb_hprot
"/home/ICer/work/vivado/ahb_matrix/ahb_matrix.ip_user_files/bd/ahb_axi_matrix/ip/ahb_axi_matrix_axi_ahblite_bridge_0_0/sim/ahb_axi_matrix_axi_ahblite_bridge_0_0.vhd", 169: 

*Error* Syntax error at m_ahb_htrans
"/home/ICer/work/vivado/ahb_matrix/ahb_matrix.ip_user_files/bd/ahb_axi_matrix/ip/ahb_axi_matrix_axi_ahblite_bridge_0_0/sim/ahb_axi_matrix_axi_ahblite_bridge_0_0.vhd", 170: 

*Error* Syntax error at m_ahb_hmastlock
"/home/ICer/work/vivado/ahb_matrix/ahb_matrix.ip_user_files/bd/ahb_axi_matrix/ip/ahb_axi_matrix_axi_ahblite_bridge_0_0/sim/ahb_axi_matrix_axi_ahblite_bridge_0_0.vhd", 171: 

*Error* Syntax error at m_ahb_hwdata
"/home/ICer/work/vivado/ahb_matrix/ahb_matrix.ip_user_files/bd/ahb_axi_matrix/ip/ahb_axi_matrix_axi_ahblite_bridge_0_0/sim/ahb_axi_matrix_axi_ahblite_bridge_0_0.vhd", 172: 

*Error* Syntax error at m_ahb_hready
"/home/ICer/work/vivado/ahb_matrix/ahb_matrix.ip_user_files/bd/ahb_axi_matrix/ip/ahb_axi_matrix_axi_ahblite_bridge_0_0/sim/ahb_axi_matrix_axi_ahblite_bridge_0_0.vhd", 173: 

*Error* Syntax error at m_ahb_hrdata
"/home/ICer/work/vivado/ahb_matrix/ahb_matrix.ip_user_files/bd/ahb_axi_matrix/ip/ahb_axi_matrix_axi_ahblite_bridge_0_0/sim/ahb_axi_matrix_axi_ahblite_bridge_0_0.vhd", 174: 

*Error* Syntax error at m_ahb_hresp
"/home/ICer/work/vivado/ahb_matrix/ahb_matrix.ip_user_files/bd/ahb_axi_matrix/ip/ahb_axi_matrix_axi_ahblite_bridge_0_0/sim/ahb_axi_matrix_axi_ahblite_bridge_0_0.vhd", 175: 

*Error* Syntax error at )
"/home/ICer/work/vivado/ahb_matrix/ahb_matrix.ip_user_files/bd/ahb_axi_matrix/ip/ahb_axi_matrix_axi_ahblite_bridge_0_0/sim/ahb_axi_matrix_axi_ahblite_bridge_0_0.vhd", 176: 

*Error* Syntax error at END
"/home/ICer/work/vivado/ahb_matrix/ahb_matrix.ip_user_files/bd/ahb_axi_matrix/ip/ahb_axi_matrix_axi_ahblite_bridge_0_0/sim/ahb_axi_matrix_axi_ahblite_bridge_0_0.vhd", 177: 

*Error* Syntax error at ATTRIBUTE
"/home/ICer/work/vivado/ahb_matrix/ahb_matrix.ip_user_files/bd/ahb_axi_matrix/ip/ahb_axi_matrix_axi_ahblite_bridge_0_0/sim/ahb_axi_matrix_axi_ahblite_bridge_0_0.vhd", 178: 

*Error* Syntax error at ATTRIBUTE
"/home/ICer/work/vivado/ahb_matrix/ahb_matrix.ip_user_files/bd/ahb_axi_matrix/ip/ahb_axi_matrix_axi_ahblite_bridge_0_0/sim/ahb_axi_matrix_axi_ahblite_bridge_0_0.vhd", 179: 

*Error* Syntax error at ATTRIBUTE
"/home/ICer/work/vivado/ahb_matrix/ahb_matrix.ip_user_files/bd/ahb_axi_matrix/ip/ahb_axi_matrix_axi_ahblite_bridge_0_0/sim/ahb_axi_matrix_axi_ahblite_bridge_0_0.vhd", 180: 

*Error* Syntax error at ATTRIBUTE
"/home/ICer/work/vivado/ahb_matrix/ahb_matrix.ip_user_files/bd/ahb_axi_matrix/ip/ahb_axi_matrix_axi_ahblite_bridge_0_0/sim/ahb_axi_matrix_axi_ahblite_bridge_0_0.vhd", 181: 

*Error* Syntax error at ATTRIBUTE
"/home/ICer/work/vivado/ahb_matrix/ahb_matrix.ip_user_files/bd/ahb_axi_matrix/ip/ahb_axi_matrix_axi_ahblite_bridge_0_0/sim/ahb_axi_matrix_axi_ahblite_bridge_0_0.vhd", 182: 

*Error* Syntax error at ATTRIBUTE
"/home/ICer/work/vivado/ahb_matrix/ahb_matrix.ip_user_files/bd/ahb_axi_matrix/ip/ahb_axi_matrix_axi_ahblite_bridge_0_0/sim/ahb_axi_matrix_axi_ahblite_bridge_0_0.vhd", 183: 

*Error* Syntax error at ATTRIBUTE
"/home/ICer/work/vivado/ahb_matrix/ahb_matrix.ip_user_files/bd/ahb_axi_matrix/ip/ahb_axi_matrix_axi_ahblite_bridge_0_0/sim/ahb_axi_matrix_axi_ahblite_bridge_0_0.vhd", 184: 

*Error* Syntax error at ATTRIBUTE
"/home/ICer/work/vivado/ahb_matrix/ahb_matrix.ip_user_files/bd/ahb_axi_matrix/ip/ahb_axi_matrix_axi_ahblite_bridge_0_0/sim/ahb_axi_matrix_axi_ahblite_bridge_0_0.vhd", 185: 

*Error* Syntax error at ATTRIBUTE
"/home/ICer/work/vivado/ahb_matrix/ahb_matrix.ip_user_files/bd/ahb_axi_matrix/ip/ahb_axi_matrix_axi_ahblite_bridge_0_0/sim/ahb_axi_matrix_axi_ahblite_bridge_0_0.vhd", 186: 

*Error* Syntax error at ATTRIBUTE
"/home/ICer/work/vivado/ahb_matrix/ahb_matrix.ip_user_files/bd/ahb_axi_matrix/ip/ahb_axi_matrix_axi_ahblite_bridge_0_0/sim/ahb_axi_matrix_axi_ahblite_bridge_0_0.vhd", 187: 

*Error* Syntax error at ATTRIBUTE
"/home/ICer/work/vivado/ahb_matrix/ahb_matrix.ip_user_files/bd/ahb_axi_matrix/ip/ahb_axi_matrix_axi_ahblite_bridge_0_0/sim/ahb_axi_matrix_axi_ahblite_bridge_0_0.vhd", 188: 

*Error* Syntax error at ATTRIBUTE
"/home/ICer/work/vivado/ahb_matrix/ahb_matrix.ip_user_files/bd/ahb_axi_matrix/ip/ahb_axi_matrix_axi_ahblite_bridge_0_0/sim/ahb_axi_matrix_axi_ahblite_bridge_0_0.vhd", 189: 

*Error* Syntax error at ATTRIBUTE
"/home/ICer/work/vivado/ahb_matrix/ahb_matrix.ip_user_files/bd/ahb_axi_matrix/ip/ahb_axi_matrix_axi_ahblite_bridge_0_0/sim/ahb_axi_matrix_axi_ahblite_bridge_0_0.vhd", 190: 

*Error* Syntax error at ATTRIBUTE
"/home/ICer/work/vivado/ahb_matrix/ahb_matrix.ip_user_files/bd/ahb_axi_matrix/ip/ahb_axi_matrix_axi_ahblite_bridge_0_0/sim/ahb_axi_matrix_axi_ahblite_bridge_0_0.vhd", 191: 

*Error* Syntax error at ATTRIBUTE
"/home/ICer/work/vivado/ahb_matrix/ahb_matrix.ip_user_files/bd/ahb_axi_matrix/ip/ahb_axi_matrix_axi_ahblite_bridge_0_0/sim/ahb_axi_matrix_axi_ahblite_bridge_0_0.vhd", 192: 

*Error* Syntax error at ATTRIBUTE
"/home/ICer/work/vivado/ahb_matrix/ahb_matrix.ip_user_files/bd/ahb_axi_matrix/ip/ahb_axi_matrix_axi_ahblite_bridge_0_0/sim/ahb_axi_matrix_axi_ahblite_bridge_0_0.vhd", 193: 

*Error* Syntax error at ATTRIBUTE
"/home/ICer/work/vivado/ahb_matrix/ahb_matrix.ip_user_files/bd/ahb_axi_matrix/ip/ahb_axi_matrix_axi_ahblite_bridge_0_0/sim/ahb_axi_matrix_axi_ahblite_bridge_0_0.vhd", 194: 

*Error* Syntax error at ATTRIBUTE
"/home/ICer/work/vivado/ahb_matrix/ahb_matrix.ip_user_files/bd/ahb_axi_matrix/ip/ahb_axi_matrix_axi_ahblite_bridge_0_0/sim/ahb_axi_matrix_axi_ahblite_bridge_0_0.vhd", 195: 

*Error* Syntax error at ATTRIBUTE
"/home/ICer/work/vivado/ahb_matrix/ahb_matrix.ip_user_files/bd/ahb_axi_matrix/ip/ahb_axi_matrix_axi_ahblite_bridge_0_0/sim/ahb_axi_matrix_axi_ahblite_bridge_0_0.vhd", 196: 

*Error* Syntax error at ATTRIBUTE
"/home/ICer/work/vivado/ahb_matrix/ahb_matrix.ip_user_files/bd/ahb_axi_matrix/ip/ahb_axi_matrix_axi_ahblite_bridge_0_0/sim/ahb_axi_matrix_axi_ahblite_bridge_0_0.vhd", 197: 

*Error* Syntax error at ATTRIBUTE
"/home/ICer/work/vivado/ahb_matrix/ahb_matrix.ip_user_files/bd/ahb_axi_matrix/ip/ahb_axi_matrix_axi_ahblite_bridge_0_0/sim/ahb_axi_matrix_axi_ahblite_bridge_0_0.vhd", 198: 

*Error* Syntax error at ATTRIBUTE
"/home/ICer/work/vivado/ahb_matrix/ahb_matrix.ip_user_files/bd/ahb_axi_matrix/ip/ahb_axi_matrix_axi_ahblite_bridge_0_0/sim/ahb_axi_matrix_axi_ahblite_bridge_0_0.vhd", 199: 

*Error* Syntax error at ATTRIBUTE
"/home/ICer/work/vivado/ahb_matrix/ahb_matrix.ip_user_files/bd/ahb_axi_matrix/ip/ahb_axi_matrix_axi_ahblite_bridge_0_0/sim/ahb_axi_matrix_axi_ahblite_bridge_0_0.vhd", 200: 

*Error* Syntax error at ATTRIBUTE
"/home/ICer/work/vivado/ahb_matrix/ahb_matrix.ip_user_files/bd/ahb_axi_matrix/ip/ahb_axi_matrix_axi_ahblite_bridge_0_0/sim/ahb_axi_matrix_axi_ahblite_bridge_0_0.vhd", 201: 

*Error* Syntax error at ATTRIBUTE
"/home/ICer/work/vivado/ahb_matrix/ahb_matrix.ip_user_files/bd/ahb_axi_matrix/ip/ahb_axi_matrix_axi_ahblite_bridge_0_0/sim/ahb_axi_matrix_axi_ahblite_bridge_0_0.vhd", 202: 

*Error* Syntax error at ATTRIBUTE
"/home/ICer/work/vivado/ahb_matrix/ahb_matrix.ip_user_files/bd/ahb_axi_matrix/ip/ahb_axi_matrix_axi_ahblite_bridge_0_0/sim/ahb_axi_matrix_axi_ahblite_bridge_0_0.vhd", 203: 

*Error* Syntax error at ATTRIBUTE
"/home/ICer/work/vivado/ahb_matrix/ahb_matrix.ip_user_files/bd/ahb_axi_matrix/ip/ahb_axi_matrix_axi_ahblite_bridge_0_0/sim/ahb_axi_matrix_axi_ahblite_bridge_0_0.vhd", 204: 

*Error* Syntax error at ATTRIBUTE
"/home/ICer/work/vivado/ahb_matrix/ahb_matrix.ip_user_files/bd/ahb_axi_matrix/ip/ahb_axi_matrix_axi_ahblite_bridge_0_0/sim/ahb_axi_matrix_axi_ahblite_bridge_0_0.vhd", 205: 

*Error* Syntax error at ATTRIBUTE
"/home/ICer/work/vivado/ahb_matrix/ahb_matrix.ip_user_files/bd/ahb_axi_matrix/ip/ahb_axi_matrix_axi_ahblite_bridge_0_0/sim/ahb_axi_matrix_axi_ahblite_bridge_0_0.vhd", 206: 

*Error* Syntax error at ATTRIBUTE
"/home/ICer/work/vivado/ahb_matrix/ahb_matrix.ip_user_files/bd/ahb_axi_matrix/ip/ahb_axi_matrix_axi_ahblite_bridge_0_0/sim/ahb_axi_matrix_axi_ahblite_bridge_0_0.vhd", 207: 

*Error* Syntax error at ATTRIBUTE
"/home/ICer/work/vivado/ahb_matrix/ahb_matrix.ip_user_files/bd/ahb_axi_matrix/ip/ahb_axi_matrix_axi_ahblite_bridge_0_0/sim/ahb_axi_matrix_axi_ahblite_bridge_0_0.vhd", 208: 

*Error* Syntax error at ATTRIBUTE
"/home/ICer/work/vivado/ahb_matrix/ahb_matrix.ip_user_files/bd/ahb_axi_matrix/ip/ahb_axi_matrix_axi_ahblite_bridge_0_0/sim/ahb_axi_matrix_axi_ahblite_bridge_0_0.vhd", 209: 

*Error* Syntax error at ATTRIBUTE
"/home/ICer/work/vivado/ahb_matrix/ahb_matrix.ip_user_files/bd/ahb_axi_matrix/ip/ahb_axi_matrix_axi_ahblite_bridge_0_0/sim/ahb_axi_matrix_axi_ahblite_bridge_0_0.vhd", 210: 

*Error* Syntax error at ATTRIBUTE
"/home/ICer/work/vivado/ahb_matrix/ahb_matrix.ip_user_files/bd/ahb_axi_matrix/ip/ahb_axi_matrix_axi_ahblite_bridge_0_0/sim/ahb_axi_matrix_axi_ahblite_bridge_0_0.vhd", 211: 

*Error* Syntax error at ATTRIBUTE
"/home/ICer/work/vivado/ahb_matrix/ahb_matrix.ip_user_files/bd/ahb_axi_matrix/ip/ahb_axi_matrix_axi_ahblite_bridge_0_0/sim/ahb_axi_matrix_axi_ahblite_bridge_0_0.vhd", 212: 

*Error* Syntax error at ATTRIBUTE
"/home/ICer/work/vivado/ahb_matrix/ahb_matrix.ip_user_files/bd/ahb_axi_matrix/ip/ahb_axi_matrix_axi_ahblite_bridge_0_0/sim/ahb_axi_matrix_axi_ahblite_bridge_0_0.vhd", 213: 

*Error* Syntax error at ATTRIBUTE
"/home/ICer/work/vivado/ahb_matrix/ahb_matrix.ip_user_files/bd/ahb_axi_matrix/ip/ahb_axi_matrix_axi_ahblite_bridge_0_0/sim/ahb_axi_matrix_axi_ahblite_bridge_0_0.vhd", 214: 

*Error* Syntax error at ATTRIBUTE
"/home/ICer/work/vivado/ahb_matrix/ahb_matrix.ip_user_files/bd/ahb_axi_matrix/ip/ahb_axi_matrix_axi_ahblite_bridge_0_0/sim/ahb_axi_matrix_axi_ahblite_bridge_0_0.vhd", 215: 

*Error* Syntax error at ATTRIBUTE
"/home/ICer/work/vivado/ahb_matrix/ahb_matrix.ip_user_files/bd/ahb_axi_matrix/ip/ahb_axi_matrix_axi_ahblite_bridge_0_0/sim/ahb_axi_matrix_axi_ahblite_bridge_0_0.vhd", 216: 

*Error* Syntax error at ATTRIBUTE
"/home/ICer/work/vivado/ahb_matrix/ahb_matrix.ip_user_files/bd/ahb_axi_matrix/ip/ahb_axi_matrix_axi_ahblite_bridge_0_0/sim/ahb_axi_matrix_axi_ahblite_bridge_0_0.vhd", 217: 

*Error* Syntax error at ATTRIBUTE
"/home/ICer/work/vivado/ahb_matrix/ahb_matrix.ip_user_files/bd/ahb_axi_matrix/ip/ahb_axi_matrix_axi_ahblite_bridge_0_0/sim/ahb_axi_matrix_axi_ahblite_bridge_0_0.vhd", 218: 

*Error* Syntax error at ATTRIBUTE
"/home/ICer/work/vivado/ahb_matrix/ahb_matrix.ip_user_files/bd/ahb_axi_matrix/ip/ahb_axi_matrix_axi_ahblite_bridge_0_0/sim/ahb_axi_matrix_axi_ahblite_bridge_0_0.vhd", 219: 

*Error* Syntax error at ATTRIBUTE
"/home/ICer/work/vivado/ahb_matrix/ahb_matrix.ip_user_files/bd/ahb_axi_matrix/ip/ahb_axi_matrix_axi_ahblite_bridge_0_0/sim/ahb_axi_matrix_axi_ahblite_bridge_0_0.vhd", 220: 

*Error* Syntax error at ATTRIBUTE
"/home/ICer/work/vivado/ahb_matrix/ahb_matrix.ip_user_files/bd/ahb_axi_matrix/ip/ahb_axi_matrix_axi_ahblite_bridge_0_0/sim/ahb_axi_matrix_axi_ahblite_bridge_0_0.vhd", 221: 

*Error* Syntax error at ATTRIBUTE
"/home/ICer/work/vivado/ahb_matrix/ahb_matrix.ip_user_files/bd/ahb_axi_matrix/ip/ahb_axi_matrix_axi_ahblite_bridge_0_0/sim/ahb_axi_matrix_axi_ahblite_bridge_0_0.vhd", 222: 

*Error* Syntax error at ATTRIBUTE
"/home/ICer/work/vivado/ahb_matrix/ahb_matrix.ip_user_files/bd/ahb_axi_matrix/ip/ahb_axi_matrix_axi_ahblite_bridge_0_0/sim/ahb_axi_matrix_axi_ahblite_bridge_0_0.vhd", 223: 

*Error* Syntax error at ATTRIBUTE
"/home/ICer/work/vivado/ahb_matrix/ahb_matrix.ip_user_files/bd/ahb_axi_matrix/ip/ahb_axi_matrix_axi_ahblite_bridge_0_0/sim/ahb_axi_matrix_axi_ahblite_bridge_0_0.vhd", 224: 

*Error* Syntax error at ATTRIBUTE
"/home/ICer/work/vivado/ahb_matrix/ahb_matrix.ip_user_files/bd/ahb_axi_matrix/ip/ahb_axi_matrix_axi_ahblite_bridge_0_0/sim/ahb_axi_matrix_axi_ahblite_bridge_0_0.vhd", 225: 

*Error* Syntax error at "D_THREADS 1, NUM_WRITE_THREADS 1, RUSER_BITS_PER_BYTE 0, WUSER_BITS_PER_BYTE 0, INSERT_VIP 0"
"/home/ICer/work/vivado/ahb_matrix/ahb_matrix.ip_user_files/bd/ahb_axi_matrix/ip/ahb_axi_matrix_axi_ahblite_bridge_0_0/sim/ahb_axi_matrix_axi_ahblite_bridge_0_0.vhd", 226: 

*Error* Syntax error at ATTRIBUTE
"/home/ICer/work/vivado/ahb_matrix/ahb_matrix.ip_user_files/bd/ahb_axi_matrix/ip/ahb_axi_matrix_axi_ahblite_bridge_0_0/sim/ahb_axi_matrix_axi_ahblite_bridge_0_0.vhd", 227: 

*Error* Syntax error at ATTRIBUTE
"/home/ICer/work/vivado/ahb_matrix/ahb_matrix.ip_user_files/bd/ahb_axi_matrix/ip/ahb_axi_matrix_axi_ahblite_bridge_0_0/sim/ahb_axi_matrix_axi_ahblite_bridge_0_0.vhd", 228: 

*Error* Syntax error at ATTRIBUTE
"/home/ICer/work/vivado/ahb_matrix/ahb_matrix.ip_user_files/bd/ahb_axi_matrix/ip/ahb_axi_matrix_axi_ahblite_bridge_0_0/sim/ahb_axi_matrix_axi_ahblite_bridge_0_0.vhd", 229: 

*Error* Syntax error at ATTRIBUTE
"/home/ICer/work/vivado/ahb_matrix/ahb_matrix.ip_user_files/bd/ahb_axi_matrix/ip/ahb_axi_matrix_axi_ahblite_bridge_0_0/sim/ahb_axi_matrix_axi_ahblite_bridge_0_0.vhd", 230: 

*Error* Syntax error at ATTRIBUTE
"/home/ICer/work/vivado/ahb_matrix/ahb_matrix.ip_user_files/bd/ahb_axi_matrix/ip/ahb_axi_matrix_axi_ahblite_bridge_0_0/sim/ahb_axi_matrix_axi_ahblite_bridge_0_0.vhd", 231: 

*Error* Syntax error at BEGIN
"/home/ICer/work/vivado/ahb_matrix/ahb_matrix.ip_user_files/bd/ahb_axi_matrix/ip/ahb_axi_matrix_axi_ahblite_bridge_0_0/sim/ahb_axi_matrix_axi_ahblite_bridge_0_0.vhd", 232: 

*Error* Syntax error at U0
"/home/ICer/work/vivado/ahb_matrix/ahb_matrix.ip_user_files/bd/ahb_axi_matrix/ip/ahb_axi_matrix_axi_ahblite_bridge_0_0/sim/ahb_axi_matrix_axi_ahblite_bridge_0_0.vhd", 233: 

*Error* Syntax error at GENERIC
"/home/ICer/work/vivado/ahb_matrix/ahb_matrix.ip_user_files/bd/ahb_axi_matrix/ip/ahb_axi_matrix_axi_ahblite_bridge_0_0/sim/ahb_axi_matrix_axi_ahblite_bridge_0_0.vhd", 234: 

*Error* Syntax error at C_FAMILY
"/home/ICer/work/vivado/ahb_matrix/ahb_matrix.ip_user_files/bd/ahb_axi_matrix/ip/ahb_axi_matrix_axi_ahblite_bridge_0_0/sim/ahb_axi_matrix_axi_ahblite_bridge_0_0.vhd", 235: 

*Error* Syntax error at C_INSTANCE
"/home/ICer/work/vivado/ahb_matrix/ahb_matrix.ip_user_files/bd/ahb_axi_matrix/ip/ahb_axi_matrix_axi_ahblite_bridge_0_0/sim/ahb_axi_matrix_axi_ahblite_bridge_0_0.vhd", 236: 

*Error* Syntax error at C_S_AXI_ADDR_WIDTH
"/home/ICer/work/vivado/ahb_matrix/ahb_matrix.ip_user_files/bd/ahb_axi_matrix/ip/ahb_axi_matrix_axi_ahblite_bridge_0_0/sim/ahb_axi_matrix_axi_ahblite_bridge_0_0.vhd", 237: 

*Error* Syntax error at C_S_AXI_DATA_WIDTH
"/home/ICer/work/vivado/ahb_matrix/ahb_matrix.ip_user_files/bd/ahb_axi_matrix/ip/ahb_axi_matrix_axi_ahblite_bridge_0_0/sim/ahb_axi_matrix_axi_ahblite_bridge_0_0.vhd", 238: 

*Error* Syntax error at C_S_AXI_SUPPORTS_NARROW_BURST
"/home/ICer/work/vivado/ahb_matrix/ahb_matrix.ip_user_files/bd/ahb_axi_matrix/ip/ahb_axi_matrix_axi_ahblite_bridge_0_0/sim/ahb_axi_matrix_axi_ahblite_bridge_0_0.vhd", 239: 

*Error* Syntax error at C_S_AXI_ID_WIDTH
"/home/ICer/work/vivado/ahb_matrix/ahb_matrix.ip_user_files/bd/ahb_axi_matrix/ip/ahb_axi_matrix_axi_ahblite_bridge_0_0/sim/ahb_axi_matrix_axi_ahblite_bridge_0_0.vhd", 240: 

*Error* Syntax error at C_M_AHB_ADDR_WIDTH
"/home/ICer/work/vivado/ahb_matrix/ahb_matrix.ip_user_files/bd/ahb_axi_matrix/ip/ahb_axi_matrix_axi_ahblite_bridge_0_0/sim/ahb_axi_matrix_axi_ahblite_bridge_0_0.vhd", 241: 

*Error* Syntax error at C_M_AHB_DATA_WIDTH
"/home/ICer/work/vivado/ahb_matrix/ahb_matrix.ip_user_files/bd/ahb_axi_matrix/ip/ahb_axi_matrix_axi_ahblite_bridge_0_0/sim/ahb_axi_matrix_axi_ahblite_bridge_0_0.vhd", 242: 

*Error* Syntax error at C_DPHASE_TIMEOUT
"/home/ICer/work/vivado/ahb_matrix/ahb_matrix.ip_user_files/bd/ahb_axi_matrix/ip/ahb_axi_matrix_axi_ahblite_bridge_0_0/sim/ahb_axi_matrix_axi_ahblite_bridge_0_0.vhd", 243: 

*Error* Syntax error at )
"/home/ICer/work/vivado/ahb_matrix/ahb_matrix.ip_user_files/bd/ahb_axi_matrix/ip/ahb_axi_matrix_axi_ahblite_bridge_0_0/sim/ahb_axi_matrix_axi_ahblite_bridge_0_0.vhd", 244: 

*Error* Syntax error at PORT
"/home/ICer/work/vivado/ahb_matrix/ahb_matrix.ip_user_files/bd/ahb_axi_matrix/ip/ahb_axi_matrix_axi_ahblite_bridge_0_0/sim/ahb_axi_matrix_axi_ahblite_bridge_0_0.vhd", 245: 

*Error* Syntax error at s_axi_aclk
"/home/ICer/work/vivado/ahb_matrix/ahb_matrix.ip_user_files/bd/ahb_axi_matrix/ip/ahb_axi_matrix_axi_ahblite_bridge_0_0/sim/ahb_axi_matrix_axi_ahblite_bridge_0_0.vhd", 246: 

*Error* Syntax error at s_axi_aresetn
"/home/ICer/work/vivado/ahb_matrix/ahb_matrix.ip_user_files/bd/ahb_axi_matrix/ip/ahb_axi_matrix_axi_ahblite_bridge_0_0/sim/ahb_axi_matrix_axi_ahblite_bridge_0_0.vhd", 247: 

*Error* Syntax error at s_axi_awid
"/home/ICer/work/vivado/ahb_matrix/ahb_matrix.ip_user_files/bd/ahb_axi_matrix/ip/ahb_axi_matrix_axi_ahblite_bridge_0_0/sim/ahb_axi_matrix_axi_ahblite_bridge_0_0.vhd", 248: 

*Error* Syntax error at s_axi_awlen
"/home/ICer/work/vivado/ahb_matrix/ahb_matrix.ip_user_files/bd/ahb_axi_matrix/ip/ahb_axi_matrix_axi_ahblite_bridge_0_0/sim/ahb_axi_matrix_axi_ahblite_bridge_0_0.vhd", 249: 

*Error* Syntax error at s_axi_awsize
"/home/ICer/work/vivado/ahb_matrix/ahb_matrix.ip_user_files/bd/ahb_axi_matrix/ip/ahb_axi_matrix_axi_ahblite_bridge_0_0/sim/ahb_axi_matrix_axi_ahblite_bridge_0_0.vhd", 250: 

*Error* Syntax error at s_axi_awburst
"/home/ICer/work/vivado/ahb_matrix/ahb_matrix.ip_user_files/bd/ahb_axi_matrix/ip/ahb_axi_matrix_axi_ahblite_bridge_0_0/sim/ahb_axi_matrix_axi_ahblite_bridge_0_0.vhd", 251: 

*Error* Syntax error at s_axi_awcache
"/home/ICer/work/vivado/ahb_matrix/ahb_matrix.ip_user_files/bd/ahb_axi_matrix/ip/ahb_axi_matrix_axi_ahblite_bridge_0_0/sim/ahb_axi_matrix_axi_ahblite_bridge_0_0.vhd", 252: 

*Error* Syntax error at s_axi_awaddr
"/home/ICer/work/vivado/ahb_matrix/ahb_matrix.ip_user_files/bd/ahb_axi_matrix/ip/ahb_axi_matrix_axi_ahblite_bridge_0_0/sim/ahb_axi_matrix_axi_ahblite_bridge_0_0.vhd", 253: 

*Error* Syntax error at s_axi_awprot
"/home/ICer/work/vivado/ahb_matrix/ahb_matrix.ip_user_files/bd/ahb_axi_matrix/ip/ahb_axi_matrix_axi_ahblite_bridge_0_0/sim/ahb_axi_matrix_axi_ahblite_bridge_0_0.vhd", 254: 

*Error* Syntax error at s_axi_awvalid
"/home/ICer/work/vivado/ahb_matrix/ahb_matrix.ip_user_files/bd/ahb_axi_matrix/ip/ahb_axi_matrix_axi_ahblite_bridge_0_0/sim/ahb_axi_matrix_axi_ahblite_bridge_0_0.vhd", 255: 

*Error* Syntax error at s_axi_awready
"/home/ICer/work/vivado/ahb_matrix/ahb_matrix.ip_user_files/bd/ahb_axi_matrix/ip/ahb_axi_matrix_axi_ahblite_bridge_0_0/sim/ahb_axi_matrix_axi_ahblite_bridge_0_0.vhd", 256: 

*Error* Syntax error at s_axi_awlock
"/home/ICer/work/vivado/ahb_matrix/ahb_matrix.ip_user_files/bd/ahb_axi_matrix/ip/ahb_axi_matrix_axi_ahblite_bridge_0_0/sim/ahb_axi_matrix_axi_ahblite_bridge_0_0.vhd", 257: 

*Error* Syntax error at s_axi_wdata
"/home/ICer/work/vivado/ahb_matrix/ahb_matrix.ip_user_files/bd/ahb_axi_matrix/ip/ahb_axi_matrix_axi_ahblite_bridge_0_0/sim/ahb_axi_matrix_axi_ahblite_bridge_0_0.vhd", 258: 

*Error* Syntax error at s_axi_wstrb
"/home/ICer/work/vivado/ahb_matrix/ahb_matrix.ip_user_files/bd/ahb_axi_matrix/ip/ahb_axi_matrix_axi_ahblite_bridge_0_0/sim/ahb_axi_matrix_axi_ahblite_bridge_0_0.vhd", 259: 

*Error* Syntax error at s_axi_wlast
"/home/ICer/work/vivado/ahb_matrix/ahb_matrix.ip_user_files/bd/ahb_axi_matrix/ip/ahb_axi_matrix_axi_ahblite_bridge_0_0/sim/ahb_axi_matrix_axi_ahblite_bridge_0_0.vhd", 260: 

*Error* Syntax error at s_axi_wvalid
"/home/ICer/work/vivado/ahb_matrix/ahb_matrix.ip_user_files/bd/ahb_axi_matrix/ip/ahb_axi_matrix_axi_ahblite_bridge_0_0/sim/ahb_axi_matrix_axi_ahblite_bridge_0_0.vhd", 261: 

*Error* Syntax error at s_axi_wready
"/home/ICer/work/vivado/ahb_matrix/ahb_matrix.ip_user_files/bd/ahb_axi_matrix/ip/ahb_axi_matrix_axi_ahblite_bridge_0_0/sim/ahb_axi_matrix_axi_ahblite_bridge_0_0.vhd", 262: 

*Error* Syntax error at s_axi_bid
"/home/ICer/work/vivado/ahb_matrix/ahb_matrix.ip_user_files/bd/ahb_axi_matrix/ip/ahb_axi_matrix_axi_ahblite_bridge_0_0/sim/ahb_axi_matrix_axi_ahblite_bridge_0_0.vhd", 263: 

*Error* Syntax error at s_axi_bresp
"/home/ICer/work/vivado/ahb_matrix/ahb_matrix.ip_user_files/bd/ahb_axi_matrix/ip/ahb_axi_matrix_axi_ahblite_bridge_0_0/sim/ahb_axi_matrix_axi_ahblite_bridge_0_0.vhd", 264: 

*Error* Syntax error at s_axi_bvalid
"/home/ICer/work/vivado/ahb_matrix/ahb_matrix.ip_user_files/bd/ahb_axi_matrix/ip/ahb_axi_matrix_axi_ahblite_bridge_0_0/sim/ahb_axi_matrix_axi_ahblite_bridge_0_0.vhd", 265: 

*Error* Syntax error at s_axi_bready
"/home/ICer/work/vivado/ahb_matrix/ahb_matrix.ip_user_files/bd/ahb_axi_matrix/ip/ahb_axi_matrix_axi_ahblite_bridge_0_0/sim/ahb_axi_matrix_axi_ahblite_bridge_0_0.vhd", 266: 

*Error* Syntax error at s_axi_arid
"/home/ICer/work/vivado/ahb_matrix/ahb_matrix.ip_user_files/bd/ahb_axi_matrix/ip/ahb_axi_matrix_axi_ahblite_bridge_0_0/sim/ahb_axi_matrix_axi_ahblite_bridge_0_0.vhd", 267: 

*Error* Syntax error at s_axi_araddr
"/home/ICer/work/vivado/ahb_matrix/ahb_matrix.ip_user_files/bd/ahb_axi_matrix/ip/ahb_axi_matrix_axi_ahblite_bridge_0_0/sim/ahb_axi_matrix_axi_ahblite_bridge_0_0.vhd", 268: 

*Error* Syntax error at s_axi_arprot
"/home/ICer/work/vivado/ahb_matrix/ahb_matrix.ip_user_files/bd/ahb_axi_matrix/ip/ahb_axi_matrix_axi_ahblite_bridge_0_0/sim/ahb_axi_matrix_axi_ahblite_bridge_0_0.vhd", 269: 

*Error* Syntax error at s_axi_arcache
"/home/ICer/work/vivado/ahb_matrix/ahb_matrix.ip_user_files/bd/ahb_axi_matrix/ip/ahb_axi_matrix_axi_ahblite_bridge_0_0/sim/ahb_axi_matrix_axi_ahblite_bridge_0_0.vhd", 270: 

*Error* Syntax error at s_axi_arvalid
"/home/ICer/work/vivado/ahb_matrix/ahb_matrix.ip_user_files/bd/ahb_axi_matrix/ip/ahb_axi_matrix_axi_ahblite_bridge_0_0/sim/ahb_axi_matrix_axi_ahblite_bridge_0_0.vhd", 271: 

*Error* Syntax error at s_axi_arlen
"/home/ICer/work/vivado/ahb_matrix/ahb_matrix.ip_user_files/bd/ahb_axi_matrix/ip/ahb_axi_matrix_axi_ahblite_bridge_0_0/sim/ahb_axi_matrix_axi_ahblite_bridge_0_0.vhd", 272: 

*Error* Syntax error at s_axi_arsize
"/home/ICer/work/vivado/ahb_matrix/ahb_matrix.ip_user_files/bd/ahb_axi_matrix/ip/ahb_axi_matrix_axi_ahblite_bridge_0_0/sim/ahb_axi_matrix_axi_ahblite_bridge_0_0.vhd", 273: 

*Error* Syntax error at s_axi_arburst
"/home/ICer/work/vivado/ahb_matrix/ahb_matrix.ip_user_files/bd/ahb_axi_matrix/ip/ahb_axi_matrix_axi_ahblite_bridge_0_0/sim/ahb_axi_matrix_axi_ahblite_bridge_0_0.vhd", 274: 

*Error* Syntax error at s_axi_arlock
"/home/ICer/work/vivado/ahb_matrix/ahb_matrix.ip_user_files/bd/ahb_axi_matrix/ip/ahb_axi_matrix_axi_ahblite_bridge_0_0/sim/ahb_axi_matrix_axi_ahblite_bridge_0_0.vhd", 275: 

*Error* Syntax error at s_axi_arready
"/home/ICer/work/vivado/ahb_matrix/ahb_matrix.ip_user_files/bd/ahb_axi_matrix/ip/ahb_axi_matrix_axi_ahblite_bridge_0_0/sim/ahb_axi_matrix_axi_ahblite_bridge_0_0.vhd", 276: 

*Error* Syntax error at s_axi_rid
"/home/ICer/work/vivado/ahb_matrix/ahb_matrix.ip_user_files/bd/ahb_axi_matrix/ip/ahb_axi_matrix_axi_ahblite_bridge_0_0/sim/ahb_axi_matrix_axi_ahblite_bridge_0_0.vhd", 277: 

*Error* Syntax error at s_axi_rdata
"/home/ICer/work/vivado/ahb_matrix/ahb_matrix.ip_user_files/bd/ahb_axi_matrix/ip/ahb_axi_matrix_axi_ahblite_bridge_0_0/sim/ahb_axi_matrix_axi_ahblite_bridge_0_0.vhd", 278: 

*Error* Syntax error at s_axi_rresp
"/home/ICer/work/vivado/ahb_matrix/ahb_matrix.ip_user_files/bd/ahb_axi_matrix/ip/ahb_axi_matrix_axi_ahblite_bridge_0_0/sim/ahb_axi_matrix_axi_ahblite_bridge_0_0.vhd", 279: 

*Error* Syntax error at s_axi_rvalid
"/home/ICer/work/vivado/ahb_matrix/ahb_matrix.ip_user_files/bd/ahb_axi_matrix/ip/ahb_axi_matrix_axi_ahblite_bridge_0_0/sim/ahb_axi_matrix_axi_ahblite_bridge_0_0.vhd", 280: 

*Error* Syntax error at s_axi_rlast
"/home/ICer/work/vivado/ahb_matrix/ahb_matrix.ip_user_files/bd/ahb_axi_matrix/ip/ahb_axi_matrix_axi_ahblite_bridge_0_0/sim/ahb_axi_matrix_axi_ahblite_bridge_0_0.vhd", 281: 

*Error* Syntax error at s_axi_rready
"/home/ICer/work/vivado/ahb_matrix/ahb_matrix.ip_user_files/bd/ahb_axi_matrix/ip/ahb_axi_matrix_axi_ahblite_bridge_0_0/sim/ahb_axi_matrix_axi_ahblite_bridge_0_0.vhd", 282: 

*Error* Syntax error at m_ahb_haddr
"/home/ICer/work/vivado/ahb_matrix/ahb_matrix.ip_user_files/bd/ahb_axi_matrix/ip/ahb_axi_matrix_axi_ahblite_bridge_0_0/sim/ahb_axi_matrix_axi_ahblite_bridge_0_0.vhd", 283: 

*Error* Syntax error at m_ahb_hwrite
"/home/ICer/work/vivado/ahb_matrix/ahb_matrix.ip_user_files/bd/ahb_axi_matrix/ip/ahb_axi_matrix_axi_ahblite_bridge_0_0/sim/ahb_axi_matrix_axi_ahblite_bridge_0_0.vhd", 284: 

*Error* Syntax error at m_ahb_hsize
"/home/ICer/work/vivado/ahb_matrix/ahb_matrix.ip_user_files/bd/ahb_axi_matrix/ip/ahb_axi_matrix_axi_ahblite_bridge_0_0/sim/ahb_axi_matrix_axi_ahblite_bridge_0_0.vhd", 285: 

*Error* Syntax error at m_ahb_hburst
"/home/ICer/work/vivado/ahb_matrix/ahb_matrix.ip_user_files/bd/ahb_axi_matrix/ip/ahb_axi_matrix_axi_ahblite_bridge_0_0/sim/ahb_axi_matrix_axi_ahblite_bridge_0_0.vhd", 286: 

*Error* Syntax error at m_ahb_hprot
"/home/ICer/work/vivado/ahb_matrix/ahb_matrix.ip_user_files/bd/ahb_axi_matrix/ip/ahb_axi_matrix_axi_ahblite_bridge_0_0/sim/ahb_axi_matrix_axi_ahblite_bridge_0_0.vhd", 287: 

*Error* Syntax error at m_ahb_htrans
"/home/ICer/work/vivado/ahb_matrix/ahb_matrix.ip_user_files/bd/ahb_axi_matrix/ip/ahb_axi_matrix_axi_ahblite_bridge_0_0/sim/ahb_axi_matrix_axi_ahblite_bridge_0_0.vhd", 288: 

*Error* Syntax error at m_ahb_hmastlock
"/home/ICer/work/vivado/ahb_matrix/ahb_matrix.ip_user_files/bd/ahb_axi_matrix/ip/ahb_axi_matrix_axi_ahblite_bridge_0_0/sim/ahb_axi_matrix_axi_ahblite_bridge_0_0.vhd", 289: 

*Error* Syntax error at m_ahb_hwdata
"/home/ICer/work/vivado/ahb_matrix/ahb_matrix.ip_user_files/bd/ahb_axi_matrix/ip/ahb_axi_matrix_axi_ahblite_bridge_0_0/sim/ahb_axi_matrix_axi_ahblite_bridge_0_0.vhd", 290: 

*Error* Syntax error at m_ahb_hready
"/home/ICer/work/vivado/ahb_matrix/ahb_matrix.ip_user_files/bd/ahb_axi_matrix/ip/ahb_axi_matrix_axi_ahblite_bridge_0_0/sim/ahb_axi_matrix_axi_ahblite_bridge_0_0.vhd", 291: 

*Error* Syntax error at m_ahb_hrdata
"/home/ICer/work/vivado/ahb_matrix/ahb_matrix.ip_user_files/bd/ahb_axi_matrix/ip/ahb_axi_matrix_axi_ahblite_bridge_0_0/sim/ahb_axi_matrix_axi_ahblite_bridge_0_0.vhd", 292: 

*Error* Syntax error at m_ahb_hresp
"/home/ICer/work/vivado/ahb_matrix/ahb_matrix.ip_user_files/bd/ahb_axi_matrix/ip/ahb_axi_matrix_axi_ahblite_bridge_0_0/sim/ahb_axi_matrix_axi_ahblite_bridge_0_0.vhd", 293: 

*Error* Syntax error at )
"/home/ICer/work/vivado/ahb_matrix/ahb_matrix.ip_user_files/bd/ahb_axi_matrix/ip/ahb_axi_matrix_axi_ahblite_bridge_0_0/sim/ahb_axi_matrix_axi_ahblite_bridge_0_0.vhd", 294: 

*Error* Syntax error at END
"/home/ICer/work/vivado/ahb_matrix/ahb_matrix.ip_user_files/bd/ahb_axi_matrix/ip/ahb_axi_matrix_axi_ahblite_bridge_0_0/sim/ahb_axi_matrix_axi_ahblite_bridge_0_0.vhd", 295: 

*Error* Syntax error at --
"/home/ICer/work/vivado/ahb_matrix/ahb_matrix.ip_user_files/bd/ahb_axi_matrix/ip/ahb_axi_matrix_axi_ahblite_bridge_0_1/sim/ahb_axi_matrix_axi_ahblite_bridge_0_1.vhd", 1: 

*Error* Syntax error at --
"/home/ICer/work/vivado/ahb_matrix/ahb_matrix.ip_user_files/bd/ahb_axi_matrix/ip/ahb_axi_matrix_axi_ahblite_bridge_0_1/sim/ahb_axi_matrix_axi_ahblite_bridge_0_1.vhd", 2: 

*Error* Syntax error at --
"/home/ICer/work/vivado/ahb_matrix/ahb_matrix.ip_user_files/bd/ahb_axi_matrix/ip/ahb_axi_matrix_axi_ahblite_bridge_0_1/sim/ahb_axi_matrix_axi_ahblite_bridge_0_1.vhd", 3: 

*Error* Syntax error at --
"/home/ICer/work/vivado/ahb_matrix/ahb_matrix.ip_user_files/bd/ahb_axi_matrix/ip/ahb_axi_matrix_axi_ahblite_bridge_0_1/sim/ahb_axi_matrix_axi_ahblite_bridge_0_1.vhd", 4: 

*Error* Syntax error at --
"/home/ICer/work/vivado/ahb_matrix/ahb_matrix.ip_user_files/bd/ahb_axi_matrix/ip/ahb_axi_matrix_axi_ahblite_bridge_0_1/sim/ahb_axi_matrix_axi_ahblite_bridge_0_1.vhd", 5: 

*Error* Syntax error at --
"/home/ICer/work/vivado/ahb_matrix/ahb_matrix.ip_user_files/bd/ahb_axi_matrix/ip/ahb_axi_matrix_axi_ahblite_bridge_0_1/sim/ahb_axi_matrix_axi_ahblite_bridge_0_1.vhd", 6: 

*Error* Syntax error at --
"/home/ICer/work/vivado/ahb_matrix/ahb_matrix.ip_user_files/bd/ahb_axi_matrix/ip/ahb_axi_matrix_axi_ahblite_bridge_0_1/sim/ahb_axi_matrix_axi_ahblite_bridge_0_1.vhd", 7: 

*Error* Syntax error at --
"/home/ICer/work/vivado/ahb_matrix/ahb_matrix.ip_user_files/bd/ahb_axi_matrix/ip/ahb_axi_matrix_axi_ahblite_bridge_0_1/sim/ahb_axi_matrix_axi_ahblite_bridge_0_1.vhd", 8: 

*Error* Syntax error at --
"/home/ICer/work/vivado/ahb_matrix/ahb_matrix.ip_user_files/bd/ahb_axi_matrix/ip/ahb_axi_matrix_axi_ahblite_bridge_0_1/sim/ahb_axi_matrix_axi_ahblite_bridge_0_1.vhd", 9: 

*Error* Syntax error at --
"/home/ICer/work/vivado/ahb_matrix/ahb_matrix.ip_user_files/bd/ahb_axi_matrix/ip/ahb_axi_matrix_axi_ahblite_bridge_0_1/sim/ahb_axi_matrix_axi_ahblite_bridge_0_1.vhd", 10: 

*Error* Syntax error at --
"/home/ICer/work/vivado/ahb_matrix/ahb_matrix.ip_user_files/bd/ahb_axi_matrix/ip/ahb_axi_matrix_axi_ahblite_bridge_0_1/sim/ahb_axi_matrix_axi_ahblite_bridge_0_1.vhd", 11: 

*Error* Syntax error at --
"/home/ICer/work/vivado/ahb_matrix/ahb_matrix.ip_user_files/bd/ahb_axi_matrix/ip/ahb_axi_matrix_axi_ahblite_bridge_0_1/sim/ahb_axi_matrix_axi_ahblite_bridge_0_1.vhd", 12: 

*Error* Syntax error at --
"/home/ICer/work/vivado/ahb_matrix/ahb_matrix.ip_user_files/bd/ahb_axi_matrix/ip/ahb_axi_matrix_axi_ahblite_bridge_0_1/sim/ahb_axi_matrix_axi_ahblite_bridge_0_1.vhd", 13: 

*Error* Syntax error at --
"/home/ICer/work/vivado/ahb_matrix/ahb_matrix.ip_user_files/bd/ahb_axi_matrix/ip/ahb_axi_matrix_axi_ahblite_bridge_0_1/sim/ahb_axi_matrix_axi_ahblite_bridge_0_1.vhd", 14: 

*Error* Syntax error at --
"/home/ICer/work/vivado/ahb_matrix/ahb_matrix.ip_user_files/bd/ahb_axi_matrix/ip/ahb_axi_matrix_axi_ahblite_bridge_0_1/sim/ahb_axi_matrix_axi_ahblite_bridge_0_1.vhd", 15: 

*Error* Syntax error at --
"/home/ICer/work/vivado/ahb_matrix/ahb_matrix.ip_user_files/bd/ahb_axi_matrix/ip/ahb_axi_matrix_axi_ahblite_bridge_0_1/sim/ahb_axi_matrix_axi_ahblite_bridge_0_1.vhd", 16: 

*Error* Syntax error at --
"/home/ICer/work/vivado/ahb_matrix/ahb_matrix.ip_user_files/bd/ahb_axi_matrix/ip/ahb_axi_matrix_axi_ahblite_bridge_0_1/sim/ahb_axi_matrix_axi_ahblite_bridge_0_1.vhd", 17: 

*Error* Syntax error at --
"/home/ICer/work/vivado/ahb_matrix/ahb_matrix.ip_user_files/bd/ahb_axi_matrix/ip/ahb_axi_matrix_axi_ahblite_bridge_0_1/sim/ahb_axi_matrix_axi_ahblite_bridge_0_1.vhd", 18: 

*Error* Syntax error at --
"/home/ICer/work/vivado/ahb_matrix/ahb_matrix.ip_user_files/bd/ahb_axi_matrix/ip/ahb_axi_matrix_axi_ahblite_bridge_0_1/sim/ahb_axi_matrix_axi_ahblite_bridge_0_1.vhd", 19: 

*Error* Syntax error at --
"/home/ICer/work/vivado/ahb_matrix/ahb_matrix.ip_user_files/bd/ahb_axi_matrix/ip/ahb_axi_matrix_axi_ahblite_bridge_0_1/sim/ahb_axi_matrix_axi_ahblite_bridge_0_1.vhd", 20: 

*Error* Syntax error at --
"/home/ICer/work/vivado/ahb_matrix/ahb_matrix.ip_user_files/bd/ahb_axi_matrix/ip/ahb_axi_matrix_axi_ahblite_bridge_0_1/sim/ahb_axi_matrix_axi_ahblite_bridge_0_1.vhd", 21: 

*Error* Syntax error at --
"/home/ICer/work/vivado/ahb_matrix/ahb_matrix.ip_user_files/bd/ahb_axi_matrix/ip/ahb_axi_matrix_axi_ahblite_bridge_0_1/sim/ahb_axi_matrix_axi_ahblite_bridge_0_1.vhd", 22: 

*Error* Syntax error at --
"/home/ICer/work/vivado/ahb_matrix/ahb_matrix.ip_user_files/bd/ahb_axi_matrix/ip/ahb_axi_matrix_axi_ahblite_bridge_0_1/sim/ahb_axi_matrix_axi_ahblite_bridge_0_1.vhd", 23: 

*Error* Syntax error at --
"/home/ICer/work/vivado/ahb_matrix/ahb_matrix.ip_user_files/bd/ahb_axi_matrix/ip/ahb_axi_matrix_axi_ahblite_bridge_0_1/sim/ahb_axi_matrix_axi_ahblite_bridge_0_1.vhd", 24: 

*Error* Syntax error at --
"/home/ICer/work/vivado/ahb_matrix/ahb_matrix.ip_user_files/bd/ahb_axi_matrix/ip/ahb_axi_matrix_axi_ahblite_bridge_0_1/sim/ahb_axi_matrix_axi_ahblite_bridge_0_1.vhd", 25: 

*Error* Syntax error at --
"/home/ICer/work/vivado/ahb_matrix/ahb_matrix.ip_user_files/bd/ahb_axi_matrix/ip/ahb_axi_matrix_axi_ahblite_bridge_0_1/sim/ahb_axi_matrix_axi_ahblite_bridge_0_1.vhd", 26: 

*Error* Syntax error at --
"/home/ICer/work/vivado/ahb_matrix/ahb_matrix.ip_user_files/bd/ahb_axi_matrix/ip/ahb_axi_matrix_axi_ahblite_bridge_0_1/sim/ahb_axi_matrix_axi_ahblite_bridge_0_1.vhd", 27: 

*Error* Syntax error at --
"/home/ICer/work/vivado/ahb_matrix/ahb_matrix.ip_user_files/bd/ahb_axi_matrix/ip/ahb_axi_matrix_axi_ahblite_bridge_0_1/sim/ahb_axi_matrix_axi_ahblite_bridge_0_1.vhd", 28: 

*Error* Syntax error at --
"/home/ICer/work/vivado/ahb_matrix/ahb_matrix.ip_user_files/bd/ahb_axi_matrix/ip/ahb_axi_matrix_axi_ahblite_bridge_0_1/sim/ahb_axi_matrix_axi_ahblite_bridge_0_1.vhd", 29: 

*Error* Syntax error at --
"/home/ICer/work/vivado/ahb_matrix/ahb_matrix.ip_user_files/bd/ahb_axi_matrix/ip/ahb_axi_matrix_axi_ahblite_bridge_0_1/sim/ahb_axi_matrix_axi_ahblite_bridge_0_1.vhd", 30: 

*Error* Syntax error at --
"/home/ICer/work/vivado/ahb_matrix/ahb_matrix.ip_user_files/bd/ahb_axi_matrix/ip/ahb_axi_matrix_axi_ahblite_bridge_0_1/sim/ahb_axi_matrix_axi_ahblite_bridge_0_1.vhd", 31: 

*Error* Syntax error at --
"/home/ICer/work/vivado/ahb_matrix/ahb_matrix.ip_user_files/bd/ahb_axi_matrix/ip/ahb_axi_matrix_axi_ahblite_bridge_0_1/sim/ahb_axi_matrix_axi_ahblite_bridge_0_1.vhd", 32: 

*Error* Syntax error at --
"/home/ICer/work/vivado/ahb_matrix/ahb_matrix.ip_user_files/bd/ahb_axi_matrix/ip/ahb_axi_matrix_axi_ahblite_bridge_0_1/sim/ahb_axi_matrix_axi_ahblite_bridge_0_1.vhd", 33: 

*Error* Syntax error at --
"/home/ICer/work/vivado/ahb_matrix/ahb_matrix.ip_user_files/bd/ahb_axi_matrix/ip/ahb_axi_matrix_axi_ahblite_bridge_0_1/sim/ahb_axi_matrix_axi_ahblite_bridge_0_1.vhd", 34: 

*Error* Syntax error at --
"/home/ICer/work/vivado/ahb_matrix/ahb_matrix.ip_user_files/bd/ahb_axi_matrix/ip/ahb_axi_matrix_axi_ahblite_bridge_0_1/sim/ahb_axi_matrix_axi_ahblite_bridge_0_1.vhd", 35: 

*Error* Syntax error at --
"/home/ICer/work/vivado/ahb_matrix/ahb_matrix.ip_user_files/bd/ahb_axi_matrix/ip/ahb_axi_matrix_axi_ahblite_bridge_0_1/sim/ahb_axi_matrix_axi_ahblite_bridge_0_1.vhd", 36: 

*Error* Syntax error at --
"/home/ICer/work/vivado/ahb_matrix/ahb_matrix.ip_user_files/bd/ahb_axi_matrix/ip/ahb_axi_matrix_axi_ahblite_bridge_0_1/sim/ahb_axi_matrix_axi_ahblite_bridge_0_1.vhd", 37: 

*Error* Syntax error at --
"/home/ICer/work/vivado/ahb_matrix/ahb_matrix.ip_user_files/bd/ahb_axi_matrix/ip/ahb_axi_matrix_axi_ahblite_bridge_0_1/sim/ahb_axi_matrix_axi_ahblite_bridge_0_1.vhd", 38: 

*Error* Syntax error at --
"/home/ICer/work/vivado/ahb_matrix/ahb_matrix.ip_user_files/bd/ahb_axi_matrix/ip/ahb_axi_matrix_axi_ahblite_bridge_0_1/sim/ahb_axi_matrix_axi_ahblite_bridge_0_1.vhd", 39: 

*Error* Syntax error at --
"/home/ICer/work/vivado/ahb_matrix/ahb_matrix.ip_user_files/bd/ahb_axi_matrix/ip/ahb_axi_matrix_axi_ahblite_bridge_0_1/sim/ahb_axi_matrix_axi_ahblite_bridge_0_1.vhd", 40: 

*Error* Syntax error at --
"/home/ICer/work/vivado/ahb_matrix/ahb_matrix.ip_user_files/bd/ahb_axi_matrix/ip/ahb_axi_matrix_axi_ahblite_bridge_0_1/sim/ahb_axi_matrix_axi_ahblite_bridge_0_1.vhd", 41: 

*Error* Syntax error at --
"/home/ICer/work/vivado/ahb_matrix/ahb_matrix.ip_user_files/bd/ahb_axi_matrix/ip/ahb_axi_matrix_axi_ahblite_bridge_0_1/sim/ahb_axi_matrix_axi_ahblite_bridge_0_1.vhd", 42: 

*Error* Syntax error at --
"/home/ICer/work/vivado/ahb_matrix/ahb_matrix.ip_user_files/bd/ahb_axi_matrix/ip/ahb_axi_matrix_axi_ahblite_bridge_0_1/sim/ahb_axi_matrix_axi_ahblite_bridge_0_1.vhd", 43: 

*Error* Syntax error at --
"/home/ICer/work/vivado/ahb_matrix/ahb_matrix.ip_user_files/bd/ahb_axi_matrix/ip/ahb_axi_matrix_axi_ahblite_bridge_0_1/sim/ahb_axi_matrix_axi_ahblite_bridge_0_1.vhd", 44: 

*Error* Syntax error at --
"/home/ICer/work/vivado/ahb_matrix/ahb_matrix.ip_user_files/bd/ahb_axi_matrix/ip/ahb_axi_matrix_axi_ahblite_bridge_0_1/sim/ahb_axi_matrix_axi_ahblite_bridge_0_1.vhd", 45: 

*Error* Syntax error at --
"/home/ICer/work/vivado/ahb_matrix/ahb_matrix.ip_user_files/bd/ahb_axi_matrix/ip/ahb_axi_matrix_axi_ahblite_bridge_0_1/sim/ahb_axi_matrix_axi_ahblite_bridge_0_1.vhd", 46: 

*Error* Syntax error at --
"/home/ICer/work/vivado/ahb_matrix/ahb_matrix.ip_user_files/bd/ahb_axi_matrix/ip/ahb_axi_matrix_axi_ahblite_bridge_0_1/sim/ahb_axi_matrix_axi_ahblite_bridge_0_1.vhd", 47: 

*Error* Syntax error at --
"/home/ICer/work/vivado/ahb_matrix/ahb_matrix.ip_user_files/bd/ahb_axi_matrix/ip/ahb_axi_matrix_axi_ahblite_bridge_0_1/sim/ahb_axi_matrix_axi_ahblite_bridge_0_1.vhd", 49: 

*Error* Syntax error at --
"/home/ICer/work/vivado/ahb_matrix/ahb_matrix.ip_user_files/bd/ahb_axi_matrix/ip/ahb_axi_matrix_axi_ahblite_bridge_0_1/sim/ahb_axi_matrix_axi_ahblite_bridge_0_1.vhd", 50: 

*Error* Syntax error at LIBRARY
"/home/ICer/work/vivado/ahb_matrix/ahb_matrix.ip_user_files/bd/ahb_axi_matrix/ip/ahb_axi_matrix_axi_ahblite_bridge_0_1/sim/ahb_axi_matrix_axi_ahblite_bridge_0_1.vhd", 52: 

*Error* Syntax error at USE
"/home/ICer/work/vivado/ahb_matrix/ahb_matrix.ip_user_files/bd/ahb_axi_matrix/ip/ahb_axi_matrix_axi_ahblite_bridge_0_1/sim/ahb_axi_matrix_axi_ahblite_bridge_0_1.vhd", 53: 

*Error* Syntax error at USE
"/home/ICer/work/vivado/ahb_matrix/ahb_matrix.ip_user_files/bd/ahb_axi_matrix/ip/ahb_axi_matrix_axi_ahblite_bridge_0_1/sim/ahb_axi_matrix_axi_ahblite_bridge_0_1.vhd", 54: 

*Error* Syntax error at LIBRARY
"/home/ICer/work/vivado/ahb_matrix/ahb_matrix.ip_user_files/bd/ahb_axi_matrix/ip/ahb_axi_matrix_axi_ahblite_bridge_0_1/sim/ahb_axi_matrix_axi_ahblite_bridge_0_1.vhd", 56: 

*Error* Syntax error at USE
"/home/ICer/work/vivado/ahb_matrix/ahb_matrix.ip_user_files/bd/ahb_axi_matrix/ip/ahb_axi_matrix_axi_ahblite_bridge_0_1/sim/ahb_axi_matrix_axi_ahblite_bridge_0_1.vhd", 57: 

*Error* Syntax error at ENTITY
"/home/ICer/work/vivado/ahb_matrix/ahb_matrix.ip_user_files/bd/ahb_axi_matrix/ip/ahb_axi_matrix_axi_ahblite_bridge_0_1/sim/ahb_axi_matrix_axi_ahblite_bridge_0_1.vhd", 59: 

*Error* Syntax error at PORT
"/home/ICer/work/vivado/ahb_matrix/ahb_matrix.ip_user_files/bd/ahb_axi_matrix/ip/ahb_axi_matrix_axi_ahblite_bridge_0_1/sim/ahb_axi_matrix_axi_ahblite_bridge_0_1.vhd", 60: 

*Error* Syntax error at s_axi_aclk
"/home/ICer/work/vivado/ahb_matrix/ahb_matrix.ip_user_files/bd/ahb_axi_matrix/ip/ahb_axi_matrix_axi_ahblite_bridge_0_1/sim/ahb_axi_matrix_axi_ahblite_bridge_0_1.vhd", 61: 

*Error* Syntax error at s_axi_aresetn
"/home/ICer/work/vivado/ahb_matrix/ahb_matrix.ip_user_files/bd/ahb_axi_matrix/ip/ahb_axi_matrix_axi_ahblite_bridge_0_1/sim/ahb_axi_matrix_axi_ahblite_bridge_0_1.vhd", 62: 

*Error* Syntax error at s_axi_awid
"/home/ICer/work/vivado/ahb_matrix/ahb_matrix.ip_user_files/bd/ahb_axi_matrix/ip/ahb_axi_matrix_axi_ahblite_bridge_0_1/sim/ahb_axi_matrix_axi_ahblite_bridge_0_1.vhd", 63: 

*Error* Syntax error at s_axi_awlen
"/home/ICer/work/vivado/ahb_matrix/ahb_matrix.ip_user_files/bd/ahb_axi_matrix/ip/ahb_axi_matrix_axi_ahblite_bridge_0_1/sim/ahb_axi_matrix_axi_ahblite_bridge_0_1.vhd", 64: 

*Error* Syntax error at s_axi_awsize
"/home/ICer/work/vivado/ahb_matrix/ahb_matrix.ip_user_files/bd/ahb_axi_matrix/ip/ahb_axi_matrix_axi_ahblite_bridge_0_1/sim/ahb_axi_matrix_axi_ahblite_bridge_0_1.vhd", 65: 

*Error* Syntax error at s_axi_awburst
"/home/ICer/work/vivado/ahb_matrix/ahb_matrix.ip_user_files/bd/ahb_axi_matrix/ip/ahb_axi_matrix_axi_ahblite_bridge_0_1/sim/ahb_axi_matrix_axi_ahblite_bridge_0_1.vhd", 66: 

*Error* Syntax error at s_axi_awcache
"/home/ICer/work/vivado/ahb_matrix/ahb_matrix.ip_user_files/bd/ahb_axi_matrix/ip/ahb_axi_matrix_axi_ahblite_bridge_0_1/sim/ahb_axi_matrix_axi_ahblite_bridge_0_1.vhd", 67: 

*Error* Syntax error at s_axi_awaddr
"/home/ICer/work/vivado/ahb_matrix/ahb_matrix.ip_user_files/bd/ahb_axi_matrix/ip/ahb_axi_matrix_axi_ahblite_bridge_0_1/sim/ahb_axi_matrix_axi_ahblite_bridge_0_1.vhd", 68: 

*Error* Syntax error at s_axi_awprot
"/home/ICer/work/vivado/ahb_matrix/ahb_matrix.ip_user_files/bd/ahb_axi_matrix/ip/ahb_axi_matrix_axi_ahblite_bridge_0_1/sim/ahb_axi_matrix_axi_ahblite_bridge_0_1.vhd", 69: 

*Error* Syntax error at s_axi_awvalid
"/home/ICer/work/vivado/ahb_matrix/ahb_matrix.ip_user_files/bd/ahb_axi_matrix/ip/ahb_axi_matrix_axi_ahblite_bridge_0_1/sim/ahb_axi_matrix_axi_ahblite_bridge_0_1.vhd", 70: 

*Error* Syntax error at s_axi_awready
"/home/ICer/work/vivado/ahb_matrix/ahb_matrix.ip_user_files/bd/ahb_axi_matrix/ip/ahb_axi_matrix_axi_ahblite_bridge_0_1/sim/ahb_axi_matrix_axi_ahblite_bridge_0_1.vhd", 71: 

*Error* Syntax error at s_axi_awlock
"/home/ICer/work/vivado/ahb_matrix/ahb_matrix.ip_user_files/bd/ahb_axi_matrix/ip/ahb_axi_matrix_axi_ahblite_bridge_0_1/sim/ahb_axi_matrix_axi_ahblite_bridge_0_1.vhd", 72: 

*Error* Syntax error at s_axi_wdata
"/home/ICer/work/vivado/ahb_matrix/ahb_matrix.ip_user_files/bd/ahb_axi_matrix/ip/ahb_axi_matrix_axi_ahblite_bridge_0_1/sim/ahb_axi_matrix_axi_ahblite_bridge_0_1.vhd", 73: 

*Error* Syntax error at s_axi_wstrb
"/home/ICer/work/vivado/ahb_matrix/ahb_matrix.ip_user_files/bd/ahb_axi_matrix/ip/ahb_axi_matrix_axi_ahblite_bridge_0_1/sim/ahb_axi_matrix_axi_ahblite_bridge_0_1.vhd", 74: 

*Error* Syntax error at s_axi_wlast
"/home/ICer/work/vivado/ahb_matrix/ahb_matrix.ip_user_files/bd/ahb_axi_matrix/ip/ahb_axi_matrix_axi_ahblite_bridge_0_1/sim/ahb_axi_matrix_axi_ahblite_bridge_0_1.vhd", 75: 

*Error* Syntax error at s_axi_wvalid
"/home/ICer/work/vivado/ahb_matrix/ahb_matrix.ip_user_files/bd/ahb_axi_matrix/ip/ahb_axi_matrix_axi_ahblite_bridge_0_1/sim/ahb_axi_matrix_axi_ahblite_bridge_0_1.vhd", 76: 

*Error* Syntax error at s_axi_wready
"/home/ICer/work/vivado/ahb_matrix/ahb_matrix.ip_user_files/bd/ahb_axi_matrix/ip/ahb_axi_matrix_axi_ahblite_bridge_0_1/sim/ahb_axi_matrix_axi_ahblite_bridge_0_1.vhd", 77: 

*Error* Syntax error at s_axi_bid
"/home/ICer/work/vivado/ahb_matrix/ahb_matrix.ip_user_files/bd/ahb_axi_matrix/ip/ahb_axi_matrix_axi_ahblite_bridge_0_1/sim/ahb_axi_matrix_axi_ahblite_bridge_0_1.vhd", 78: 

*Error* Syntax error at s_axi_bresp
"/home/ICer/work/vivado/ahb_matrix/ahb_matrix.ip_user_files/bd/ahb_axi_matrix/ip/ahb_axi_matrix_axi_ahblite_bridge_0_1/sim/ahb_axi_matrix_axi_ahblite_bridge_0_1.vhd", 79: 

*Error* Syntax error at s_axi_bvalid
"/home/ICer/work/vivado/ahb_matrix/ahb_matrix.ip_user_files/bd/ahb_axi_matrix/ip/ahb_axi_matrix_axi_ahblite_bridge_0_1/sim/ahb_axi_matrix_axi_ahblite_bridge_0_1.vhd", 80: 

*Error* Syntax error at s_axi_bready
"/home/ICer/work/vivado/ahb_matrix/ahb_matrix.ip_user_files/bd/ahb_axi_matrix/ip/ahb_axi_matrix_axi_ahblite_bridge_0_1/sim/ahb_axi_matrix_axi_ahblite_bridge_0_1.vhd", 81: 

*Error* Syntax error at s_axi_arid
"/home/ICer/work/vivado/ahb_matrix/ahb_matrix.ip_user_files/bd/ahb_axi_matrix/ip/ahb_axi_matrix_axi_ahblite_bridge_0_1/sim/ahb_axi_matrix_axi_ahblite_bridge_0_1.vhd", 82: 

*Error* Syntax error at s_axi_araddr
"/home/ICer/work/vivado/ahb_matrix/ahb_matrix.ip_user_files/bd/ahb_axi_matrix/ip/ahb_axi_matrix_axi_ahblite_bridge_0_1/sim/ahb_axi_matrix_axi_ahblite_bridge_0_1.vhd", 83: 

*Error* Syntax error at s_axi_arprot
"/home/ICer/work/vivado/ahb_matrix/ahb_matrix.ip_user_files/bd/ahb_axi_matrix/ip/ahb_axi_matrix_axi_ahblite_bridge_0_1/sim/ahb_axi_matrix_axi_ahblite_bridge_0_1.vhd", 84: 

*Error* Syntax error at s_axi_arcache
"/home/ICer/work/vivado/ahb_matrix/ahb_matrix.ip_user_files/bd/ahb_axi_matrix/ip/ahb_axi_matrix_axi_ahblite_bridge_0_1/sim/ahb_axi_matrix_axi_ahblite_bridge_0_1.vhd", 85: 

*Error* Syntax error at s_axi_arvalid
"/home/ICer/work/vivado/ahb_matrix/ahb_matrix.ip_user_files/bd/ahb_axi_matrix/ip/ahb_axi_matrix_axi_ahblite_bridge_0_1/sim/ahb_axi_matrix_axi_ahblite_bridge_0_1.vhd", 86: 

*Error* Syntax error at s_axi_arlen
"/home/ICer/work/vivado/ahb_matrix/ahb_matrix.ip_user_files/bd/ahb_axi_matrix/ip/ahb_axi_matrix_axi_ahblite_bridge_0_1/sim/ahb_axi_matrix_axi_ahblite_bridge_0_1.vhd", 87: 

*Error* Syntax error at s_axi_arsize
"/home/ICer/work/vivado/ahb_matrix/ahb_matrix.ip_user_files/bd/ahb_axi_matrix/ip/ahb_axi_matrix_axi_ahblite_bridge_0_1/sim/ahb_axi_matrix_axi_ahblite_bridge_0_1.vhd", 88: 

*Error* Syntax error at s_axi_arburst
"/home/ICer/work/vivado/ahb_matrix/ahb_matrix.ip_user_files/bd/ahb_axi_matrix/ip/ahb_axi_matrix_axi_ahblite_bridge_0_1/sim/ahb_axi_matrix_axi_ahblite_bridge_0_1.vhd", 89: 

*Error* Syntax error at s_axi_arlock
"/home/ICer/work/vivado/ahb_matrix/ahb_matrix.ip_user_files/bd/ahb_axi_matrix/ip/ahb_axi_matrix_axi_ahblite_bridge_0_1/sim/ahb_axi_matrix_axi_ahblite_bridge_0_1.vhd", 90: 

*Error* Syntax error at s_axi_arready
"/home/ICer/work/vivado/ahb_matrix/ahb_matrix.ip_user_files/bd/ahb_axi_matrix/ip/ahb_axi_matrix_axi_ahblite_bridge_0_1/sim/ahb_axi_matrix_axi_ahblite_bridge_0_1.vhd", 91: 

*Error* Syntax error at s_axi_rid
"/home/ICer/work/vivado/ahb_matrix/ahb_matrix.ip_user_files/bd/ahb_axi_matrix/ip/ahb_axi_matrix_axi_ahblite_bridge_0_1/sim/ahb_axi_matrix_axi_ahblite_bridge_0_1.vhd", 92: 

*Error* Syntax error at s_axi_rdata
"/home/ICer/work/vivado/ahb_matrix/ahb_matrix.ip_user_files/bd/ahb_axi_matrix/ip/ahb_axi_matrix_axi_ahblite_bridge_0_1/sim/ahb_axi_matrix_axi_ahblite_bridge_0_1.vhd", 93: 

*Error* Syntax error at s_axi_rresp
"/home/ICer/work/vivado/ahb_matrix/ahb_matrix.ip_user_files/bd/ahb_axi_matrix/ip/ahb_axi_matrix_axi_ahblite_bridge_0_1/sim/ahb_axi_matrix_axi_ahblite_bridge_0_1.vhd", 94: 

*Error* Syntax error at s_axi_rvalid
"/home/ICer/work/vivado/ahb_matrix/ahb_matrix.ip_user_files/bd/ahb_axi_matrix/ip/ahb_axi_matrix_axi_ahblite_bridge_0_1/sim/ahb_axi_matrix_axi_ahblite_bridge_0_1.vhd", 95: 

*Error* Syntax error at s_axi_rlast
"/home/ICer/work/vivado/ahb_matrix/ahb_matrix.ip_user_files/bd/ahb_axi_matrix/ip/ahb_axi_matrix_axi_ahblite_bridge_0_1/sim/ahb_axi_matrix_axi_ahblite_bridge_0_1.vhd", 96: 

*Error* Syntax error at s_axi_rready
"/home/ICer/work/vivado/ahb_matrix/ahb_matrix.ip_user_files/bd/ahb_axi_matrix/ip/ahb_axi_matrix_axi_ahblite_bridge_0_1/sim/ahb_axi_matrix_axi_ahblite_bridge_0_1.vhd", 97: 

*Error* Syntax error at m_ahb_haddr
"/home/ICer/work/vivado/ahb_matrix/ahb_matrix.ip_user_files/bd/ahb_axi_matrix/ip/ahb_axi_matrix_axi_ahblite_bridge_0_1/sim/ahb_axi_matrix_axi_ahblite_bridge_0_1.vhd", 98: 

*Error* Syntax error at m_ahb_hwrite
"/home/ICer/work/vivado/ahb_matrix/ahb_matrix.ip_user_files/bd/ahb_axi_matrix/ip/ahb_axi_matrix_axi_ahblite_bridge_0_1/sim/ahb_axi_matrix_axi_ahblite_bridge_0_1.vhd", 99: 

*Error* Syntax error at m_ahb_hsize
"/home/ICer/work/vivado/ahb_matrix/ahb_matrix.ip_user_files/bd/ahb_axi_matrix/ip/ahb_axi_matrix_axi_ahblite_bridge_0_1/sim/ahb_axi_matrix_axi_ahblite_bridge_0_1.vhd", 100: 

*Error* Syntax error at m_ahb_hburst
"/home/ICer/work/vivado/ahb_matrix/ahb_matrix.ip_user_files/bd/ahb_axi_matrix/ip/ahb_axi_matrix_axi_ahblite_bridge_0_1/sim/ahb_axi_matrix_axi_ahblite_bridge_0_1.vhd", 101: 

*Error* Syntax error at m_ahb_hprot
"/home/ICer/work/vivado/ahb_matrix/ahb_matrix.ip_user_files/bd/ahb_axi_matrix/ip/ahb_axi_matrix_axi_ahblite_bridge_0_1/sim/ahb_axi_matrix_axi_ahblite_bridge_0_1.vhd", 102: 

*Error* Syntax error at m_ahb_htrans
"/home/ICer/work/vivado/ahb_matrix/ahb_matrix.ip_user_files/bd/ahb_axi_matrix/ip/ahb_axi_matrix_axi_ahblite_bridge_0_1/sim/ahb_axi_matrix_axi_ahblite_bridge_0_1.vhd", 103: 

*Error* Syntax error at m_ahb_hmastlock
"/home/ICer/work/vivado/ahb_matrix/ahb_matrix.ip_user_files/bd/ahb_axi_matrix/ip/ahb_axi_matrix_axi_ahblite_bridge_0_1/sim/ahb_axi_matrix_axi_ahblite_bridge_0_1.vhd", 104: 

*Error* Syntax error at m_ahb_hwdata
"/home/ICer/work/vivado/ahb_matrix/ahb_matrix.ip_user_files/bd/ahb_axi_matrix/ip/ahb_axi_matrix_axi_ahblite_bridge_0_1/sim/ahb_axi_matrix_axi_ahblite_bridge_0_1.vhd", 105: 

*Error* Syntax error at m_ahb_hready
"/home/ICer/work/vivado/ahb_matrix/ahb_matrix.ip_user_files/bd/ahb_axi_matrix/ip/ahb_axi_matrix_axi_ahblite_bridge_0_1/sim/ahb_axi_matrix_axi_ahblite_bridge_0_1.vhd", 106: 

*Error* Syntax error at m_ahb_hrdata
"/home/ICer/work/vivado/ahb_matrix/ahb_matrix.ip_user_files/bd/ahb_axi_matrix/ip/ahb_axi_matrix_axi_ahblite_bridge_0_1/sim/ahb_axi_matrix_axi_ahblite_bridge_0_1.vhd", 107: 

*Error* Syntax error at m_ahb_hresp
"/home/ICer/work/vivado/ahb_matrix/ahb_matrix.ip_user_files/bd/ahb_axi_matrix/ip/ahb_axi_matrix_axi_ahblite_bridge_0_1/sim/ahb_axi_matrix_axi_ahblite_bridge_0_1.vhd", 108: 

*Error* Syntax error at )
"/home/ICer/work/vivado/ahb_matrix/ahb_matrix.ip_user_files/bd/ahb_axi_matrix/ip/ahb_axi_matrix_axi_ahblite_bridge_0_1/sim/ahb_axi_matrix_axi_ahblite_bridge_0_1.vhd", 109: 

*Error* Syntax error at END
"/home/ICer/work/vivado/ahb_matrix/ahb_matrix.ip_user_files/bd/ahb_axi_matrix/ip/ahb_axi_matrix_axi_ahblite_bridge_0_1/sim/ahb_axi_matrix_axi_ahblite_bridge_0_1.vhd", 110: 

*Error* Syntax error at ARCHITECTURE
"/home/ICer/work/vivado/ahb_matrix/ahb_matrix.ip_user_files/bd/ahb_axi_matrix/ip/ahb_axi_matrix_axi_ahblite_bridge_0_1/sim/ahb_axi_matrix_axi_ahblite_bridge_0_1.vhd", 112: 

*Error* Syntax error at ATTRIBUTE
"/home/ICer/work/vivado/ahb_matrix/ahb_matrix.ip_user_files/bd/ahb_axi_matrix/ip/ahb_axi_matrix_axi_ahblite_bridge_0_1/sim/ahb_axi_matrix_axi_ahblite_bridge_0_1.vhd", 113: 

*Error* Syntax error at ATTRIBUTE
"/home/ICer/work/vivado/ahb_matrix/ahb_matrix.ip_user_files/bd/ahb_axi_matrix/ip/ahb_axi_matrix_axi_ahblite_bridge_0_1/sim/ahb_axi_matrix_axi_ahblite_bridge_0_1.vhd", 114: 

*Error* Syntax error at COMPONENT
"/home/ICer/work/vivado/ahb_matrix/ahb_matrix.ip_user_files/bd/ahb_axi_matrix/ip/ahb_axi_matrix_axi_ahblite_bridge_0_1/sim/ahb_axi_matrix_axi_ahblite_bridge_0_1.vhd", 115: 

*Error* Syntax error at GENERIC
"/home/ICer/work/vivado/ahb_matrix/ahb_matrix.ip_user_files/bd/ahb_axi_matrix/ip/ahb_axi_matrix_axi_ahblite_bridge_0_1/sim/ahb_axi_matrix_axi_ahblite_bridge_0_1.vhd", 116: 

*Error* Syntax error at C_FAMILY
"/home/ICer/work/vivado/ahb_matrix/ahb_matrix.ip_user_files/bd/ahb_axi_matrix/ip/ahb_axi_matrix_axi_ahblite_bridge_0_1/sim/ahb_axi_matrix_axi_ahblite_bridge_0_1.vhd", 117: 

*Error* Syntax error at C_INSTANCE
"/home/ICer/work/vivado/ahb_matrix/ahb_matrix.ip_user_files/bd/ahb_axi_matrix/ip/ahb_axi_matrix_axi_ahblite_bridge_0_1/sim/ahb_axi_matrix_axi_ahblite_bridge_0_1.vhd", 118: 

*Error* Syntax error at C_S_AXI_ADDR_WIDTH
"/home/ICer/work/vivado/ahb_matrix/ahb_matrix.ip_user_files/bd/ahb_axi_matrix/ip/ahb_axi_matrix_axi_ahblite_bridge_0_1/sim/ahb_axi_matrix_axi_ahblite_bridge_0_1.vhd", 119: 

*Error* Syntax error at C_S_AXI_DATA_WIDTH
"/home/ICer/work/vivado/ahb_matrix/ahb_matrix.ip_user_files/bd/ahb_axi_matrix/ip/ahb_axi_matrix_axi_ahblite_bridge_0_1/sim/ahb_axi_matrix_axi_ahblite_bridge_0_1.vhd", 120: 

*Error* Syntax error at C_S_AXI_SUPPORTS_NARROW_BURST
"/home/ICer/work/vivado/ahb_matrix/ahb_matrix.ip_user_files/bd/ahb_axi_matrix/ip/ahb_axi_matrix_axi_ahblite_bridge_0_1/sim/ahb_axi_matrix_axi_ahblite_bridge_0_1.vhd", 121: 

*Error* Syntax error at C_S_AXI_ID_WIDTH
"/home/ICer/work/vivado/ahb_matrix/ahb_matrix.ip_user_files/bd/ahb_axi_matrix/ip/ahb_axi_matrix_axi_ahblite_bridge_0_1/sim/ahb_axi_matrix_axi_ahblite_bridge_0_1.vhd", 122: 

*Error* Syntax error at C_M_AHB_ADDR_WIDTH
"/home/ICer/work/vivado/ahb_matrix/ahb_matrix.ip_user_files/bd/ahb_axi_matrix/ip/ahb_axi_matrix_axi_ahblite_bridge_0_1/sim/ahb_axi_matrix_axi_ahblite_bridge_0_1.vhd", 123: 

*Error* Syntax error at C_M_AHB_DATA_WIDTH
"/home/ICer/work/vivado/ahb_matrix/ahb_matrix.ip_user_files/bd/ahb_axi_matrix/ip/ahb_axi_matrix_axi_ahblite_bridge_0_1/sim/ahb_axi_matrix_axi_ahblite_bridge_0_1.vhd", 124: 

*Error* Syntax error at C_DPHASE_TIMEOUT
"/home/ICer/work/vivado/ahb_matrix/ahb_matrix.ip_user_files/bd/ahb_axi_matrix/ip/ahb_axi_matrix_axi_ahblite_bridge_0_1/sim/ahb_axi_matrix_axi_ahblite_bridge_0_1.vhd", 125: 

*Error* Syntax error at )
"/home/ICer/work/vivado/ahb_matrix/ahb_matrix.ip_user_files/bd/ahb_axi_matrix/ip/ahb_axi_matrix_axi_ahblite_bridge_0_1/sim/ahb_axi_matrix_axi_ahblite_bridge_0_1.vhd", 126: 

*Error* Syntax error at PORT
"/home/ICer/work/vivado/ahb_matrix/ahb_matrix.ip_user_files/bd/ahb_axi_matrix/ip/ahb_axi_matrix_axi_ahblite_bridge_0_1/sim/ahb_axi_matrix_axi_ahblite_bridge_0_1.vhd", 127: 

*Error* Syntax error at s_axi_aclk
"/home/ICer/work/vivado/ahb_matrix/ahb_matrix.ip_user_files/bd/ahb_axi_matrix/ip/ahb_axi_matrix_axi_ahblite_bridge_0_1/sim/ahb_axi_matrix_axi_ahblite_bridge_0_1.vhd", 128: 

*Error* Syntax error at s_axi_aresetn
"/home/ICer/work/vivado/ahb_matrix/ahb_matrix.ip_user_files/bd/ahb_axi_matrix/ip/ahb_axi_matrix_axi_ahblite_bridge_0_1/sim/ahb_axi_matrix_axi_ahblite_bridge_0_1.vhd", 129: 

*Error* Syntax error at s_axi_awid
"/home/ICer/work/vivado/ahb_matrix/ahb_matrix.ip_user_files/bd/ahb_axi_matrix/ip/ahb_axi_matrix_axi_ahblite_bridge_0_1/sim/ahb_axi_matrix_axi_ahblite_bridge_0_1.vhd", 130: 

*Error* Syntax error at s_axi_awlen
"/home/ICer/work/vivado/ahb_matrix/ahb_matrix.ip_user_files/bd/ahb_axi_matrix/ip/ahb_axi_matrix_axi_ahblite_bridge_0_1/sim/ahb_axi_matrix_axi_ahblite_bridge_0_1.vhd", 131: 

*Error* Syntax error at s_axi_awsize
"/home/ICer/work/vivado/ahb_matrix/ahb_matrix.ip_user_files/bd/ahb_axi_matrix/ip/ahb_axi_matrix_axi_ahblite_bridge_0_1/sim/ahb_axi_matrix_axi_ahblite_bridge_0_1.vhd", 132: 

*Error* Syntax error at s_axi_awburst
"/home/ICer/work/vivado/ahb_matrix/ahb_matrix.ip_user_files/bd/ahb_axi_matrix/ip/ahb_axi_matrix_axi_ahblite_bridge_0_1/sim/ahb_axi_matrix_axi_ahblite_bridge_0_1.vhd", 133: 

*Error* Syntax error at s_axi_awcache
"/home/ICer/work/vivado/ahb_matrix/ahb_matrix.ip_user_files/bd/ahb_axi_matrix/ip/ahb_axi_matrix_axi_ahblite_bridge_0_1/sim/ahb_axi_matrix_axi_ahblite_bridge_0_1.vhd", 134: 

*Error* Syntax error at s_axi_awaddr
"/home/ICer/work/vivado/ahb_matrix/ahb_matrix.ip_user_files/bd/ahb_axi_matrix/ip/ahb_axi_matrix_axi_ahblite_bridge_0_1/sim/ahb_axi_matrix_axi_ahblite_bridge_0_1.vhd", 135: 

*Error* Syntax error at s_axi_awprot
"/home/ICer/work/vivado/ahb_matrix/ahb_matrix.ip_user_files/bd/ahb_axi_matrix/ip/ahb_axi_matrix_axi_ahblite_bridge_0_1/sim/ahb_axi_matrix_axi_ahblite_bridge_0_1.vhd", 136: 

*Error* Syntax error at s_axi_awvalid
"/home/ICer/work/vivado/ahb_matrix/ahb_matrix.ip_user_files/bd/ahb_axi_matrix/ip/ahb_axi_matrix_axi_ahblite_bridge_0_1/sim/ahb_axi_matrix_axi_ahblite_bridge_0_1.vhd", 137: 

*Error* Syntax error at s_axi_awready
"/home/ICer/work/vivado/ahb_matrix/ahb_matrix.ip_user_files/bd/ahb_axi_matrix/ip/ahb_axi_matrix_axi_ahblite_bridge_0_1/sim/ahb_axi_matrix_axi_ahblite_bridge_0_1.vhd", 138: 

*Error* Syntax error at s_axi_awlock
"/home/ICer/work/vivado/ahb_matrix/ahb_matrix.ip_user_files/bd/ahb_axi_matrix/ip/ahb_axi_matrix_axi_ahblite_bridge_0_1/sim/ahb_axi_matrix_axi_ahblite_bridge_0_1.vhd", 139: 

*Error* Syntax error at s_axi_wdata
"/home/ICer/work/vivado/ahb_matrix/ahb_matrix.ip_user_files/bd/ahb_axi_matrix/ip/ahb_axi_matrix_axi_ahblite_bridge_0_1/sim/ahb_axi_matrix_axi_ahblite_bridge_0_1.vhd", 140: 

*Error* Syntax error at s_axi_wstrb
"/home/ICer/work/vivado/ahb_matrix/ahb_matrix.ip_user_files/bd/ahb_axi_matrix/ip/ahb_axi_matrix_axi_ahblite_bridge_0_1/sim/ahb_axi_matrix_axi_ahblite_bridge_0_1.vhd", 141: 

*Error* Syntax error at s_axi_wlast
"/home/ICer/work/vivado/ahb_matrix/ahb_matrix.ip_user_files/bd/ahb_axi_matrix/ip/ahb_axi_matrix_axi_ahblite_bridge_0_1/sim/ahb_axi_matrix_axi_ahblite_bridge_0_1.vhd", 142: 

*Error* Syntax error at s_axi_wvalid
"/home/ICer/work/vivado/ahb_matrix/ahb_matrix.ip_user_files/bd/ahb_axi_matrix/ip/ahb_axi_matrix_axi_ahblite_bridge_0_1/sim/ahb_axi_matrix_axi_ahblite_bridge_0_1.vhd", 143: 

*Error* Syntax error at s_axi_wready
"/home/ICer/work/vivado/ahb_matrix/ahb_matrix.ip_user_files/bd/ahb_axi_matrix/ip/ahb_axi_matrix_axi_ahblite_bridge_0_1/sim/ahb_axi_matrix_axi_ahblite_bridge_0_1.vhd", 144: 

*Error* Syntax error at s_axi_bid
"/home/ICer/work/vivado/ahb_matrix/ahb_matrix.ip_user_files/bd/ahb_axi_matrix/ip/ahb_axi_matrix_axi_ahblite_bridge_0_1/sim/ahb_axi_matrix_axi_ahblite_bridge_0_1.vhd", 145: 

*Error* Syntax error at s_axi_bresp
"/home/ICer/work/vivado/ahb_matrix/ahb_matrix.ip_user_files/bd/ahb_axi_matrix/ip/ahb_axi_matrix_axi_ahblite_bridge_0_1/sim/ahb_axi_matrix_axi_ahblite_bridge_0_1.vhd", 146: 

*Error* Syntax error at s_axi_bvalid
"/home/ICer/work/vivado/ahb_matrix/ahb_matrix.ip_user_files/bd/ahb_axi_matrix/ip/ahb_axi_matrix_axi_ahblite_bridge_0_1/sim/ahb_axi_matrix_axi_ahblite_bridge_0_1.vhd", 147: 

*Error* Syntax error at s_axi_bready
"/home/ICer/work/vivado/ahb_matrix/ahb_matrix.ip_user_files/bd/ahb_axi_matrix/ip/ahb_axi_matrix_axi_ahblite_bridge_0_1/sim/ahb_axi_matrix_axi_ahblite_bridge_0_1.vhd", 148: 

*Error* Syntax error at s_axi_arid
"/home/ICer/work/vivado/ahb_matrix/ahb_matrix.ip_user_files/bd/ahb_axi_matrix/ip/ahb_axi_matrix_axi_ahblite_bridge_0_1/sim/ahb_axi_matrix_axi_ahblite_bridge_0_1.vhd", 149: 

*Error* Syntax error at s_axi_araddr
"/home/ICer/work/vivado/ahb_matrix/ahb_matrix.ip_user_files/bd/ahb_axi_matrix/ip/ahb_axi_matrix_axi_ahblite_bridge_0_1/sim/ahb_axi_matrix_axi_ahblite_bridge_0_1.vhd", 150: 

*Error* Syntax error at s_axi_arprot
"/home/ICer/work/vivado/ahb_matrix/ahb_matrix.ip_user_files/bd/ahb_axi_matrix/ip/ahb_axi_matrix_axi_ahblite_bridge_0_1/sim/ahb_axi_matrix_axi_ahblite_bridge_0_1.vhd", 151: 

*Error* Syntax error at s_axi_arcache
"/home/ICer/work/vivado/ahb_matrix/ahb_matrix.ip_user_files/bd/ahb_axi_matrix/ip/ahb_axi_matrix_axi_ahblite_bridge_0_1/sim/ahb_axi_matrix_axi_ahblite_bridge_0_1.vhd", 152: 

*Error* Syntax error at s_axi_arvalid
"/home/ICer/work/vivado/ahb_matrix/ahb_matrix.ip_user_files/bd/ahb_axi_matrix/ip/ahb_axi_matrix_axi_ahblite_bridge_0_1/sim/ahb_axi_matrix_axi_ahblite_bridge_0_1.vhd", 153: 

*Error* Syntax error at s_axi_arlen
"/home/ICer/work/vivado/ahb_matrix/ahb_matrix.ip_user_files/bd/ahb_axi_matrix/ip/ahb_axi_matrix_axi_ahblite_bridge_0_1/sim/ahb_axi_matrix_axi_ahblite_bridge_0_1.vhd", 154: 

*Error* Syntax error at s_axi_arsize
"/home/ICer/work/vivado/ahb_matrix/ahb_matrix.ip_user_files/bd/ahb_axi_matrix/ip/ahb_axi_matrix_axi_ahblite_bridge_0_1/sim/ahb_axi_matrix_axi_ahblite_bridge_0_1.vhd", 155: 

*Error* Syntax error at s_axi_arburst
"/home/ICer/work/vivado/ahb_matrix/ahb_matrix.ip_user_files/bd/ahb_axi_matrix/ip/ahb_axi_matrix_axi_ahblite_bridge_0_1/sim/ahb_axi_matrix_axi_ahblite_bridge_0_1.vhd", 156: 

*Error* Syntax error at s_axi_arlock
"/home/ICer/work/vivado/ahb_matrix/ahb_matrix.ip_user_files/bd/ahb_axi_matrix/ip/ahb_axi_matrix_axi_ahblite_bridge_0_1/sim/ahb_axi_matrix_axi_ahblite_bridge_0_1.vhd", 157: 

*Error* Syntax error at s_axi_arready
"/home/ICer/work/vivado/ahb_matrix/ahb_matrix.ip_user_files/bd/ahb_axi_matrix/ip/ahb_axi_matrix_axi_ahblite_bridge_0_1/sim/ahb_axi_matrix_axi_ahblite_bridge_0_1.vhd", 158: 

*Error* Syntax error at s_axi_rid
"/home/ICer/work/vivado/ahb_matrix/ahb_matrix.ip_user_files/bd/ahb_axi_matrix/ip/ahb_axi_matrix_axi_ahblite_bridge_0_1/sim/ahb_axi_matrix_axi_ahblite_bridge_0_1.vhd", 159: 

*Error* Syntax error at s_axi_rdata
"/home/ICer/work/vivado/ahb_matrix/ahb_matrix.ip_user_files/bd/ahb_axi_matrix/ip/ahb_axi_matrix_axi_ahblite_bridge_0_1/sim/ahb_axi_matrix_axi_ahblite_bridge_0_1.vhd", 160: 

*Error* Syntax error at s_axi_rresp
"/home/ICer/work/vivado/ahb_matrix/ahb_matrix.ip_user_files/bd/ahb_axi_matrix/ip/ahb_axi_matrix_axi_ahblite_bridge_0_1/sim/ahb_axi_matrix_axi_ahblite_bridge_0_1.vhd", 161: 

*Error* Syntax error at s_axi_rvalid
"/home/ICer/work/vivado/ahb_matrix/ahb_matrix.ip_user_files/bd/ahb_axi_matrix/ip/ahb_axi_matrix_axi_ahblite_bridge_0_1/sim/ahb_axi_matrix_axi_ahblite_bridge_0_1.vhd", 162: 

*Error* Syntax error at s_axi_rlast
"/home/ICer/work/vivado/ahb_matrix/ahb_matrix.ip_user_files/bd/ahb_axi_matrix/ip/ahb_axi_matrix_axi_ahblite_bridge_0_1/sim/ahb_axi_matrix_axi_ahblite_bridge_0_1.vhd", 163: 

*Error* Syntax error at s_axi_rready
"/home/ICer/work/vivado/ahb_matrix/ahb_matrix.ip_user_files/bd/ahb_axi_matrix/ip/ahb_axi_matrix_axi_ahblite_bridge_0_1/sim/ahb_axi_matrix_axi_ahblite_bridge_0_1.vhd", 164: 

*Error* Syntax error at m_ahb_haddr
"/home/ICer/work/vivado/ahb_matrix/ahb_matrix.ip_user_files/bd/ahb_axi_matrix/ip/ahb_axi_matrix_axi_ahblite_bridge_0_1/sim/ahb_axi_matrix_axi_ahblite_bridge_0_1.vhd", 165: 

*Error* Syntax error at m_ahb_hwrite
"/home/ICer/work/vivado/ahb_matrix/ahb_matrix.ip_user_files/bd/ahb_axi_matrix/ip/ahb_axi_matrix_axi_ahblite_bridge_0_1/sim/ahb_axi_matrix_axi_ahblite_bridge_0_1.vhd", 166: 

*Error* Syntax error at m_ahb_hsize
"/home/ICer/work/vivado/ahb_matrix/ahb_matrix.ip_user_files/bd/ahb_axi_matrix/ip/ahb_axi_matrix_axi_ahblite_bridge_0_1/sim/ahb_axi_matrix_axi_ahblite_bridge_0_1.vhd", 167: 

*Error* Syntax error at m_ahb_hburst
"/home/ICer/work/vivado/ahb_matrix/ahb_matrix.ip_user_files/bd/ahb_axi_matrix/ip/ahb_axi_matrix_axi_ahblite_bridge_0_1/sim/ahb_axi_matrix_axi_ahblite_bridge_0_1.vhd", 168: 

*Error* Syntax error at m_ahb_hprot
"/home/ICer/work/vivado/ahb_matrix/ahb_matrix.ip_user_files/bd/ahb_axi_matrix/ip/ahb_axi_matrix_axi_ahblite_bridge_0_1/sim/ahb_axi_matrix_axi_ahblite_bridge_0_1.vhd", 169: 

*Error* Syntax error at m_ahb_htrans
"/home/ICer/work/vivado/ahb_matrix/ahb_matrix.ip_user_files/bd/ahb_axi_matrix/ip/ahb_axi_matrix_axi_ahblite_bridge_0_1/sim/ahb_axi_matrix_axi_ahblite_bridge_0_1.vhd", 170: 

*Error* Syntax error at m_ahb_hmastlock
"/home/ICer/work/vivado/ahb_matrix/ahb_matrix.ip_user_files/bd/ahb_axi_matrix/ip/ahb_axi_matrix_axi_ahblite_bridge_0_1/sim/ahb_axi_matrix_axi_ahblite_bridge_0_1.vhd", 171: 

*Error* Syntax error at m_ahb_hwdata
"/home/ICer/work/vivado/ahb_matrix/ahb_matrix.ip_user_files/bd/ahb_axi_matrix/ip/ahb_axi_matrix_axi_ahblite_bridge_0_1/sim/ahb_axi_matrix_axi_ahblite_bridge_0_1.vhd", 172: 

*Error* Syntax error at m_ahb_hready
"/home/ICer/work/vivado/ahb_matrix/ahb_matrix.ip_user_files/bd/ahb_axi_matrix/ip/ahb_axi_matrix_axi_ahblite_bridge_0_1/sim/ahb_axi_matrix_axi_ahblite_bridge_0_1.vhd", 173: 

*Error* Syntax error at m_ahb_hrdata
"/home/ICer/work/vivado/ahb_matrix/ahb_matrix.ip_user_files/bd/ahb_axi_matrix/ip/ahb_axi_matrix_axi_ahblite_bridge_0_1/sim/ahb_axi_matrix_axi_ahblite_bridge_0_1.vhd", 174: 

*Error* Syntax error at m_ahb_hresp
"/home/ICer/work/vivado/ahb_matrix/ahb_matrix.ip_user_files/bd/ahb_axi_matrix/ip/ahb_axi_matrix_axi_ahblite_bridge_0_1/sim/ahb_axi_matrix_axi_ahblite_bridge_0_1.vhd", 175: 

*Error* Syntax error at )
"/home/ICer/work/vivado/ahb_matrix/ahb_matrix.ip_user_files/bd/ahb_axi_matrix/ip/ahb_axi_matrix_axi_ahblite_bridge_0_1/sim/ahb_axi_matrix_axi_ahblite_bridge_0_1.vhd", 176: 

*Error* Syntax error at END
"/home/ICer/work/vivado/ahb_matrix/ahb_matrix.ip_user_files/bd/ahb_axi_matrix/ip/ahb_axi_matrix_axi_ahblite_bridge_0_1/sim/ahb_axi_matrix_axi_ahblite_bridge_0_1.vhd", 177: 

*Error* Syntax error at ATTRIBUTE
"/home/ICer/work/vivado/ahb_matrix/ahb_matrix.ip_user_files/bd/ahb_axi_matrix/ip/ahb_axi_matrix_axi_ahblite_bridge_0_1/sim/ahb_axi_matrix_axi_ahblite_bridge_0_1.vhd", 178: 

*Error* Syntax error at ATTRIBUTE
"/home/ICer/work/vivado/ahb_matrix/ahb_matrix.ip_user_files/bd/ahb_axi_matrix/ip/ahb_axi_matrix_axi_ahblite_bridge_0_1/sim/ahb_axi_matrix_axi_ahblite_bridge_0_1.vhd", 179: 

*Error* Syntax error at ATTRIBUTE
"/home/ICer/work/vivado/ahb_matrix/ahb_matrix.ip_user_files/bd/ahb_axi_matrix/ip/ahb_axi_matrix_axi_ahblite_bridge_0_1/sim/ahb_axi_matrix_axi_ahblite_bridge_0_1.vhd", 180: 

*Error* Syntax error at ATTRIBUTE
"/home/ICer/work/vivado/ahb_matrix/ahb_matrix.ip_user_files/bd/ahb_axi_matrix/ip/ahb_axi_matrix_axi_ahblite_bridge_0_1/sim/ahb_axi_matrix_axi_ahblite_bridge_0_1.vhd", 181: 

*Error* Syntax error at ATTRIBUTE
"/home/ICer/work/vivado/ahb_matrix/ahb_matrix.ip_user_files/bd/ahb_axi_matrix/ip/ahb_axi_matrix_axi_ahblite_bridge_0_1/sim/ahb_axi_matrix_axi_ahblite_bridge_0_1.vhd", 182: 

*Error* Syntax error at ATTRIBUTE
"/home/ICer/work/vivado/ahb_matrix/ahb_matrix.ip_user_files/bd/ahb_axi_matrix/ip/ahb_axi_matrix_axi_ahblite_bridge_0_1/sim/ahb_axi_matrix_axi_ahblite_bridge_0_1.vhd", 183: 

*Error* Syntax error at ATTRIBUTE
"/home/ICer/work/vivado/ahb_matrix/ahb_matrix.ip_user_files/bd/ahb_axi_matrix/ip/ahb_axi_matrix_axi_ahblite_bridge_0_1/sim/ahb_axi_matrix_axi_ahblite_bridge_0_1.vhd", 184: 

*Error* Syntax error at ATTRIBUTE
"/home/ICer/work/vivado/ahb_matrix/ahb_matrix.ip_user_files/bd/ahb_axi_matrix/ip/ahb_axi_matrix_axi_ahblite_bridge_0_1/sim/ahb_axi_matrix_axi_ahblite_bridge_0_1.vhd", 185: 

*Error* Syntax error at ATTRIBUTE
"/home/ICer/work/vivado/ahb_matrix/ahb_matrix.ip_user_files/bd/ahb_axi_matrix/ip/ahb_axi_matrix_axi_ahblite_bridge_0_1/sim/ahb_axi_matrix_axi_ahblite_bridge_0_1.vhd", 186: 

*Error* Syntax error at ATTRIBUTE
"/home/ICer/work/vivado/ahb_matrix/ahb_matrix.ip_user_files/bd/ahb_axi_matrix/ip/ahb_axi_matrix_axi_ahblite_bridge_0_1/sim/ahb_axi_matrix_axi_ahblite_bridge_0_1.vhd", 187: 

*Error* Syntax error at ATTRIBUTE
"/home/ICer/work/vivado/ahb_matrix/ahb_matrix.ip_user_files/bd/ahb_axi_matrix/ip/ahb_axi_matrix_axi_ahblite_bridge_0_1/sim/ahb_axi_matrix_axi_ahblite_bridge_0_1.vhd", 188: 

*Error* Syntax error at ATTRIBUTE
"/home/ICer/work/vivado/ahb_matrix/ahb_matrix.ip_user_files/bd/ahb_axi_matrix/ip/ahb_axi_matrix_axi_ahblite_bridge_0_1/sim/ahb_axi_matrix_axi_ahblite_bridge_0_1.vhd", 189: 

*Error* Syntax error at ATTRIBUTE
"/home/ICer/work/vivado/ahb_matrix/ahb_matrix.ip_user_files/bd/ahb_axi_matrix/ip/ahb_axi_matrix_axi_ahblite_bridge_0_1/sim/ahb_axi_matrix_axi_ahblite_bridge_0_1.vhd", 190: 

*Error* Syntax error at ATTRIBUTE
"/home/ICer/work/vivado/ahb_matrix/ahb_matrix.ip_user_files/bd/ahb_axi_matrix/ip/ahb_axi_matrix_axi_ahblite_bridge_0_1/sim/ahb_axi_matrix_axi_ahblite_bridge_0_1.vhd", 191: 

*Error* Syntax error at ATTRIBUTE
"/home/ICer/work/vivado/ahb_matrix/ahb_matrix.ip_user_files/bd/ahb_axi_matrix/ip/ahb_axi_matrix_axi_ahblite_bridge_0_1/sim/ahb_axi_matrix_axi_ahblite_bridge_0_1.vhd", 192: 

*Error* Syntax error at ATTRIBUTE
"/home/ICer/work/vivado/ahb_matrix/ahb_matrix.ip_user_files/bd/ahb_axi_matrix/ip/ahb_axi_matrix_axi_ahblite_bridge_0_1/sim/ahb_axi_matrix_axi_ahblite_bridge_0_1.vhd", 193: 

*Error* Syntax error at ATTRIBUTE
"/home/ICer/work/vivado/ahb_matrix/ahb_matrix.ip_user_files/bd/ahb_axi_matrix/ip/ahb_axi_matrix_axi_ahblite_bridge_0_1/sim/ahb_axi_matrix_axi_ahblite_bridge_0_1.vhd", 194: 

*Error* Syntax error at ATTRIBUTE
"/home/ICer/work/vivado/ahb_matrix/ahb_matrix.ip_user_files/bd/ahb_axi_matrix/ip/ahb_axi_matrix_axi_ahblite_bridge_0_1/sim/ahb_axi_matrix_axi_ahblite_bridge_0_1.vhd", 195: 

*Error* Syntax error at ATTRIBUTE
"/home/ICer/work/vivado/ahb_matrix/ahb_matrix.ip_user_files/bd/ahb_axi_matrix/ip/ahb_axi_matrix_axi_ahblite_bridge_0_1/sim/ahb_axi_matrix_axi_ahblite_bridge_0_1.vhd", 196: 

*Error* Syntax error at ATTRIBUTE
"/home/ICer/work/vivado/ahb_matrix/ahb_matrix.ip_user_files/bd/ahb_axi_matrix/ip/ahb_axi_matrix_axi_ahblite_bridge_0_1/sim/ahb_axi_matrix_axi_ahblite_bridge_0_1.vhd", 197: 

*Error* Syntax error at ATTRIBUTE
"/home/ICer/work/vivado/ahb_matrix/ahb_matrix.ip_user_files/bd/ahb_axi_matrix/ip/ahb_axi_matrix_axi_ahblite_bridge_0_1/sim/ahb_axi_matrix_axi_ahblite_bridge_0_1.vhd", 198: 

*Error* Syntax error at ATTRIBUTE
"/home/ICer/work/vivado/ahb_matrix/ahb_matrix.ip_user_files/bd/ahb_axi_matrix/ip/ahb_axi_matrix_axi_ahblite_bridge_0_1/sim/ahb_axi_matrix_axi_ahblite_bridge_0_1.vhd", 199: 

*Error* Syntax error at ATTRIBUTE
"/home/ICer/work/vivado/ahb_matrix/ahb_matrix.ip_user_files/bd/ahb_axi_matrix/ip/ahb_axi_matrix_axi_ahblite_bridge_0_1/sim/ahb_axi_matrix_axi_ahblite_bridge_0_1.vhd", 200: 

*Error* Syntax error at ATTRIBUTE
"/home/ICer/work/vivado/ahb_matrix/ahb_matrix.ip_user_files/bd/ahb_axi_matrix/ip/ahb_axi_matrix_axi_ahblite_bridge_0_1/sim/ahb_axi_matrix_axi_ahblite_bridge_0_1.vhd", 201: 

*Error* Syntax error at ATTRIBUTE
"/home/ICer/work/vivado/ahb_matrix/ahb_matrix.ip_user_files/bd/ahb_axi_matrix/ip/ahb_axi_matrix_axi_ahblite_bridge_0_1/sim/ahb_axi_matrix_axi_ahblite_bridge_0_1.vhd", 202: 

*Error* Syntax error at ATTRIBUTE
"/home/ICer/work/vivado/ahb_matrix/ahb_matrix.ip_user_files/bd/ahb_axi_matrix/ip/ahb_axi_matrix_axi_ahblite_bridge_0_1/sim/ahb_axi_matrix_axi_ahblite_bridge_0_1.vhd", 203: 

*Error* Syntax error at ATTRIBUTE
"/home/ICer/work/vivado/ahb_matrix/ahb_matrix.ip_user_files/bd/ahb_axi_matrix/ip/ahb_axi_matrix_axi_ahblite_bridge_0_1/sim/ahb_axi_matrix_axi_ahblite_bridge_0_1.vhd", 204: 

*Error* Syntax error at ATTRIBUTE
"/home/ICer/work/vivado/ahb_matrix/ahb_matrix.ip_user_files/bd/ahb_axi_matrix/ip/ahb_axi_matrix_axi_ahblite_bridge_0_1/sim/ahb_axi_matrix_axi_ahblite_bridge_0_1.vhd", 205: 

*Error* Syntax error at ATTRIBUTE
"/home/ICer/work/vivado/ahb_matrix/ahb_matrix.ip_user_files/bd/ahb_axi_matrix/ip/ahb_axi_matrix_axi_ahblite_bridge_0_1/sim/ahb_axi_matrix_axi_ahblite_bridge_0_1.vhd", 206: 

*Error* Syntax error at ATTRIBUTE
"/home/ICer/work/vivado/ahb_matrix/ahb_matrix.ip_user_files/bd/ahb_axi_matrix/ip/ahb_axi_matrix_axi_ahblite_bridge_0_1/sim/ahb_axi_matrix_axi_ahblite_bridge_0_1.vhd", 207: 

*Error* Syntax error at ATTRIBUTE
"/home/ICer/work/vivado/ahb_matrix/ahb_matrix.ip_user_files/bd/ahb_axi_matrix/ip/ahb_axi_matrix_axi_ahblite_bridge_0_1/sim/ahb_axi_matrix_axi_ahblite_bridge_0_1.vhd", 208: 

*Error* Syntax error at ATTRIBUTE
"/home/ICer/work/vivado/ahb_matrix/ahb_matrix.ip_user_files/bd/ahb_axi_matrix/ip/ahb_axi_matrix_axi_ahblite_bridge_0_1/sim/ahb_axi_matrix_axi_ahblite_bridge_0_1.vhd", 209: 

*Error* Syntax error at ATTRIBUTE
"/home/ICer/work/vivado/ahb_matrix/ahb_matrix.ip_user_files/bd/ahb_axi_matrix/ip/ahb_axi_matrix_axi_ahblite_bridge_0_1/sim/ahb_axi_matrix_axi_ahblite_bridge_0_1.vhd", 210: 

*Error* Syntax error at ATTRIBUTE
"/home/ICer/work/vivado/ahb_matrix/ahb_matrix.ip_user_files/bd/ahb_axi_matrix/ip/ahb_axi_matrix_axi_ahblite_bridge_0_1/sim/ahb_axi_matrix_axi_ahblite_bridge_0_1.vhd", 211: 

*Error* Syntax error at ATTRIBUTE
"/home/ICer/work/vivado/ahb_matrix/ahb_matrix.ip_user_files/bd/ahb_axi_matrix/ip/ahb_axi_matrix_axi_ahblite_bridge_0_1/sim/ahb_axi_matrix_axi_ahblite_bridge_0_1.vhd", 212: 

*Error* Syntax error at ATTRIBUTE
"/home/ICer/work/vivado/ahb_matrix/ahb_matrix.ip_user_files/bd/ahb_axi_matrix/ip/ahb_axi_matrix_axi_ahblite_bridge_0_1/sim/ahb_axi_matrix_axi_ahblite_bridge_0_1.vhd", 213: 

*Error* Syntax error at ATTRIBUTE
"/home/ICer/work/vivado/ahb_matrix/ahb_matrix.ip_user_files/bd/ahb_axi_matrix/ip/ahb_axi_matrix_axi_ahblite_bridge_0_1/sim/ahb_axi_matrix_axi_ahblite_bridge_0_1.vhd", 214: 

*Error* Syntax error at ATTRIBUTE
"/home/ICer/work/vivado/ahb_matrix/ahb_matrix.ip_user_files/bd/ahb_axi_matrix/ip/ahb_axi_matrix_axi_ahblite_bridge_0_1/sim/ahb_axi_matrix_axi_ahblite_bridge_0_1.vhd", 215: 

*Error* Syntax error at ATTRIBUTE
"/home/ICer/work/vivado/ahb_matrix/ahb_matrix.ip_user_files/bd/ahb_axi_matrix/ip/ahb_axi_matrix_axi_ahblite_bridge_0_1/sim/ahb_axi_matrix_axi_ahblite_bridge_0_1.vhd", 216: 

*Error* Syntax error at ATTRIBUTE
"/home/ICer/work/vivado/ahb_matrix/ahb_matrix.ip_user_files/bd/ahb_axi_matrix/ip/ahb_axi_matrix_axi_ahblite_bridge_0_1/sim/ahb_axi_matrix_axi_ahblite_bridge_0_1.vhd", 217: 

*Error* Syntax error at ATTRIBUTE
"/home/ICer/work/vivado/ahb_matrix/ahb_matrix.ip_user_files/bd/ahb_axi_matrix/ip/ahb_axi_matrix_axi_ahblite_bridge_0_1/sim/ahb_axi_matrix_axi_ahblite_bridge_0_1.vhd", 218: 

*Error* Syntax error at ATTRIBUTE
"/home/ICer/work/vivado/ahb_matrix/ahb_matrix.ip_user_files/bd/ahb_axi_matrix/ip/ahb_axi_matrix_axi_ahblite_bridge_0_1/sim/ahb_axi_matrix_axi_ahblite_bridge_0_1.vhd", 219: 

*Error* Syntax error at ATTRIBUTE
"/home/ICer/work/vivado/ahb_matrix/ahb_matrix.ip_user_files/bd/ahb_axi_matrix/ip/ahb_axi_matrix_axi_ahblite_bridge_0_1/sim/ahb_axi_matrix_axi_ahblite_bridge_0_1.vhd", 220: 

*Error* Syntax error at ATTRIBUTE
"/home/ICer/work/vivado/ahb_matrix/ahb_matrix.ip_user_files/bd/ahb_axi_matrix/ip/ahb_axi_matrix_axi_ahblite_bridge_0_1/sim/ahb_axi_matrix_axi_ahblite_bridge_0_1.vhd", 221: 

*Error* Syntax error at ATTRIBUTE
"/home/ICer/work/vivado/ahb_matrix/ahb_matrix.ip_user_files/bd/ahb_axi_matrix/ip/ahb_axi_matrix_axi_ahblite_bridge_0_1/sim/ahb_axi_matrix_axi_ahblite_bridge_0_1.vhd", 222: 

*Error* Syntax error at ATTRIBUTE
"/home/ICer/work/vivado/ahb_matrix/ahb_matrix.ip_user_files/bd/ahb_axi_matrix/ip/ahb_axi_matrix_axi_ahblite_bridge_0_1/sim/ahb_axi_matrix_axi_ahblite_bridge_0_1.vhd", 223: 

*Error* Syntax error at ATTRIBUTE
"/home/ICer/work/vivado/ahb_matrix/ahb_matrix.ip_user_files/bd/ahb_axi_matrix/ip/ahb_axi_matrix_axi_ahblite_bridge_0_1/sim/ahb_axi_matrix_axi_ahblite_bridge_0_1.vhd", 224: 

*Error* Syntax error at ATTRIBUTE
"/home/ICer/work/vivado/ahb_matrix/ahb_matrix.ip_user_files/bd/ahb_axi_matrix/ip/ahb_axi_matrix_axi_ahblite_bridge_0_1/sim/ahb_axi_matrix_axi_ahblite_bridge_0_1.vhd", 225: 

*Error* Syntax error at "D_THREADS 1, NUM_WRITE_THREADS 1, RUSER_BITS_PER_BYTE 0, WUSER_BITS_PER_BYTE 0, INSERT_VIP 0"
"/home/ICer/work/vivado/ahb_matrix/ahb_matrix.ip_user_files/bd/ahb_axi_matrix/ip/ahb_axi_matrix_axi_ahblite_bridge_0_1/sim/ahb_axi_matrix_axi_ahblite_bridge_0_1.vhd", 226: 

*Error* Syntax error at ATTRIBUTE
"/home/ICer/work/vivado/ahb_matrix/ahb_matrix.ip_user_files/bd/ahb_axi_matrix/ip/ahb_axi_matrix_axi_ahblite_bridge_0_1/sim/ahb_axi_matrix_axi_ahblite_bridge_0_1.vhd", 227: 

*Error* Syntax error at ATTRIBUTE
"/home/ICer/work/vivado/ahb_matrix/ahb_matrix.ip_user_files/bd/ahb_axi_matrix/ip/ahb_axi_matrix_axi_ahblite_bridge_0_1/sim/ahb_axi_matrix_axi_ahblite_bridge_0_1.vhd", 228: 

*Error* Syntax error at ATTRIBUTE
"/home/ICer/work/vivado/ahb_matrix/ahb_matrix.ip_user_files/bd/ahb_axi_matrix/ip/ahb_axi_matrix_axi_ahblite_bridge_0_1/sim/ahb_axi_matrix_axi_ahblite_bridge_0_1.vhd", 229: 

*Error* Syntax error at ATTRIBUTE
"/home/ICer/work/vivado/ahb_matrix/ahb_matrix.ip_user_files/bd/ahb_axi_matrix/ip/ahb_axi_matrix_axi_ahblite_bridge_0_1/sim/ahb_axi_matrix_axi_ahblite_bridge_0_1.vhd", 230: 

*Error* Syntax error at ATTRIBUTE
"/home/ICer/work/vivado/ahb_matrix/ahb_matrix.ip_user_files/bd/ahb_axi_matrix/ip/ahb_axi_matrix_axi_ahblite_bridge_0_1/sim/ahb_axi_matrix_axi_ahblite_bridge_0_1.vhd", 231: 

*Error* Syntax error at BEGIN
"/home/ICer/work/vivado/ahb_matrix/ahb_matrix.ip_user_files/bd/ahb_axi_matrix/ip/ahb_axi_matrix_axi_ahblite_bridge_0_1/sim/ahb_axi_matrix_axi_ahblite_bridge_0_1.vhd", 232: 

*Error* Syntax error at U0
"/home/ICer/work/vivado/ahb_matrix/ahb_matrix.ip_user_files/bd/ahb_axi_matrix/ip/ahb_axi_matrix_axi_ahblite_bridge_0_1/sim/ahb_axi_matrix_axi_ahblite_bridge_0_1.vhd", 233: 

*Error* Syntax error at GENERIC
"/home/ICer/work/vivado/ahb_matrix/ahb_matrix.ip_user_files/bd/ahb_axi_matrix/ip/ahb_axi_matrix_axi_ahblite_bridge_0_1/sim/ahb_axi_matrix_axi_ahblite_bridge_0_1.vhd", 234: 

*Error* Syntax error at C_FAMILY
"/home/ICer/work/vivado/ahb_matrix/ahb_matrix.ip_user_files/bd/ahb_axi_matrix/ip/ahb_axi_matrix_axi_ahblite_bridge_0_1/sim/ahb_axi_matrix_axi_ahblite_bridge_0_1.vhd", 235: 

*Error* Syntax error at C_INSTANCE
"/home/ICer/work/vivado/ahb_matrix/ahb_matrix.ip_user_files/bd/ahb_axi_matrix/ip/ahb_axi_matrix_axi_ahblite_bridge_0_1/sim/ahb_axi_matrix_axi_ahblite_bridge_0_1.vhd", 236: 

*Error* Syntax error at C_S_AXI_ADDR_WIDTH
"/home/ICer/work/vivado/ahb_matrix/ahb_matrix.ip_user_files/bd/ahb_axi_matrix/ip/ahb_axi_matrix_axi_ahblite_bridge_0_1/sim/ahb_axi_matrix_axi_ahblite_bridge_0_1.vhd", 237: 

*Error* Syntax error at C_S_AXI_DATA_WIDTH
"/home/ICer/work/vivado/ahb_matrix/ahb_matrix.ip_user_files/bd/ahb_axi_matrix/ip/ahb_axi_matrix_axi_ahblite_bridge_0_1/sim/ahb_axi_matrix_axi_ahblite_bridge_0_1.vhd", 238: 

*Error* Syntax error at C_S_AXI_SUPPORTS_NARROW_BURST
"/home/ICer/work/vivado/ahb_matrix/ahb_matrix.ip_user_files/bd/ahb_axi_matrix/ip/ahb_axi_matrix_axi_ahblite_bridge_0_1/sim/ahb_axi_matrix_axi_ahblite_bridge_0_1.vhd", 239: 

*Error* Syntax error at C_S_AXI_ID_WIDTH
"/home/ICer/work/vivado/ahb_matrix/ahb_matrix.ip_user_files/bd/ahb_axi_matrix/ip/ahb_axi_matrix_axi_ahblite_bridge_0_1/sim/ahb_axi_matrix_axi_ahblite_bridge_0_1.vhd", 240: 

*Error* Syntax error at C_M_AHB_ADDR_WIDTH
"/home/ICer/work/vivado/ahb_matrix/ahb_matrix.ip_user_files/bd/ahb_axi_matrix/ip/ahb_axi_matrix_axi_ahblite_bridge_0_1/sim/ahb_axi_matrix_axi_ahblite_bridge_0_1.vhd", 241: 

*Error* Syntax error at C_M_AHB_DATA_WIDTH
"/home/ICer/work/vivado/ahb_matrix/ahb_matrix.ip_user_files/bd/ahb_axi_matrix/ip/ahb_axi_matrix_axi_ahblite_bridge_0_1/sim/ahb_axi_matrix_axi_ahblite_bridge_0_1.vhd", 242: 

*Error* Syntax error at C_DPHASE_TIMEOUT
"/home/ICer/work/vivado/ahb_matrix/ahb_matrix.ip_user_files/bd/ahb_axi_matrix/ip/ahb_axi_matrix_axi_ahblite_bridge_0_1/sim/ahb_axi_matrix_axi_ahblite_bridge_0_1.vhd", 243: 

*Error* Syntax error at )
"/home/ICer/work/vivado/ahb_matrix/ahb_matrix.ip_user_files/bd/ahb_axi_matrix/ip/ahb_axi_matrix_axi_ahblite_bridge_0_1/sim/ahb_axi_matrix_axi_ahblite_bridge_0_1.vhd", 244: 

*Error* Syntax error at PORT
"/home/ICer/work/vivado/ahb_matrix/ahb_matrix.ip_user_files/bd/ahb_axi_matrix/ip/ahb_axi_matrix_axi_ahblite_bridge_0_1/sim/ahb_axi_matrix_axi_ahblite_bridge_0_1.vhd", 245: 

*Error* Syntax error at s_axi_aclk
"/home/ICer/work/vivado/ahb_matrix/ahb_matrix.ip_user_files/bd/ahb_axi_matrix/ip/ahb_axi_matrix_axi_ahblite_bridge_0_1/sim/ahb_axi_matrix_axi_ahblite_bridge_0_1.vhd", 246: 

*Error* Syntax error at s_axi_aresetn
"/home/ICer/work/vivado/ahb_matrix/ahb_matrix.ip_user_files/bd/ahb_axi_matrix/ip/ahb_axi_matrix_axi_ahblite_bridge_0_1/sim/ahb_axi_matrix_axi_ahblite_bridge_0_1.vhd", 247: 

*Error* Syntax error at s_axi_awid
"/home/ICer/work/vivado/ahb_matrix/ahb_matrix.ip_user_files/bd/ahb_axi_matrix/ip/ahb_axi_matrix_axi_ahblite_bridge_0_1/sim/ahb_axi_matrix_axi_ahblite_bridge_0_1.vhd", 248: 

*Error* Syntax error at s_axi_awlen
"/home/ICer/work/vivado/ahb_matrix/ahb_matrix.ip_user_files/bd/ahb_axi_matrix/ip/ahb_axi_matrix_axi_ahblite_bridge_0_1/sim/ahb_axi_matrix_axi_ahblite_bridge_0_1.vhd", 249: 

*Error* Syntax error at s_axi_awsize
"/home/ICer/work/vivado/ahb_matrix/ahb_matrix.ip_user_files/bd/ahb_axi_matrix/ip/ahb_axi_matrix_axi_ahblite_bridge_0_1/sim/ahb_axi_matrix_axi_ahblite_bridge_0_1.vhd", 250: 

*Error* Syntax error at s_axi_awburst
"/home/ICer/work/vivado/ahb_matrix/ahb_matrix.ip_user_files/bd/ahb_axi_matrix/ip/ahb_axi_matrix_axi_ahblite_bridge_0_1/sim/ahb_axi_matrix_axi_ahblite_bridge_0_1.vhd", 251: 

*Error* Syntax error at s_axi_awcache
"/home/ICer/work/vivado/ahb_matrix/ahb_matrix.ip_user_files/bd/ahb_axi_matrix/ip/ahb_axi_matrix_axi_ahblite_bridge_0_1/sim/ahb_axi_matrix_axi_ahblite_bridge_0_1.vhd", 252: 

*Error* Syntax error at s_axi_awaddr
"/home/ICer/work/vivado/ahb_matrix/ahb_matrix.ip_user_files/bd/ahb_axi_matrix/ip/ahb_axi_matrix_axi_ahblite_bridge_0_1/sim/ahb_axi_matrix_axi_ahblite_bridge_0_1.vhd", 253: 

*Error* Syntax error at s_axi_awprot
"/home/ICer/work/vivado/ahb_matrix/ahb_matrix.ip_user_files/bd/ahb_axi_matrix/ip/ahb_axi_matrix_axi_ahblite_bridge_0_1/sim/ahb_axi_matrix_axi_ahblite_bridge_0_1.vhd", 254: 

*Error* Syntax error at s_axi_awvalid
"/home/ICer/work/vivado/ahb_matrix/ahb_matrix.ip_user_files/bd/ahb_axi_matrix/ip/ahb_axi_matrix_axi_ahblite_bridge_0_1/sim/ahb_axi_matrix_axi_ahblite_bridge_0_1.vhd", 255: 

*Error* Syntax error at s_axi_awready
"/home/ICer/work/vivado/ahb_matrix/ahb_matrix.ip_user_files/bd/ahb_axi_matrix/ip/ahb_axi_matrix_axi_ahblite_bridge_0_1/sim/ahb_axi_matrix_axi_ahblite_bridge_0_1.vhd", 256: 

*Error* Syntax error at s_axi_awlock
"/home/ICer/work/vivado/ahb_matrix/ahb_matrix.ip_user_files/bd/ahb_axi_matrix/ip/ahb_axi_matrix_axi_ahblite_bridge_0_1/sim/ahb_axi_matrix_axi_ahblite_bridge_0_1.vhd", 257: 

*Error* Syntax error at s_axi_wdata
"/home/ICer/work/vivado/ahb_matrix/ahb_matrix.ip_user_files/bd/ahb_axi_matrix/ip/ahb_axi_matrix_axi_ahblite_bridge_0_1/sim/ahb_axi_matrix_axi_ahblite_bridge_0_1.vhd", 258: 

*Error* Syntax error at s_axi_wstrb
"/home/ICer/work/vivado/ahb_matrix/ahb_matrix.ip_user_files/bd/ahb_axi_matrix/ip/ahb_axi_matrix_axi_ahblite_bridge_0_1/sim/ahb_axi_matrix_axi_ahblite_bridge_0_1.vhd", 259: 

*Error* Syntax error at s_axi_wlast
"/home/ICer/work/vivado/ahb_matrix/ahb_matrix.ip_user_files/bd/ahb_axi_matrix/ip/ahb_axi_matrix_axi_ahblite_bridge_0_1/sim/ahb_axi_matrix_axi_ahblite_bridge_0_1.vhd", 260: 

*Error* Syntax error at s_axi_wvalid
"/home/ICer/work/vivado/ahb_matrix/ahb_matrix.ip_user_files/bd/ahb_axi_matrix/ip/ahb_axi_matrix_axi_ahblite_bridge_0_1/sim/ahb_axi_matrix_axi_ahblite_bridge_0_1.vhd", 261: 

*Error* Syntax error at s_axi_wready
"/home/ICer/work/vivado/ahb_matrix/ahb_matrix.ip_user_files/bd/ahb_axi_matrix/ip/ahb_axi_matrix_axi_ahblite_bridge_0_1/sim/ahb_axi_matrix_axi_ahblite_bridge_0_1.vhd", 262: 

*Error* Syntax error at s_axi_bid
"/home/ICer/work/vivado/ahb_matrix/ahb_matrix.ip_user_files/bd/ahb_axi_matrix/ip/ahb_axi_matrix_axi_ahblite_bridge_0_1/sim/ahb_axi_matrix_axi_ahblite_bridge_0_1.vhd", 263: 

*Error* Syntax error at s_axi_bresp
"/home/ICer/work/vivado/ahb_matrix/ahb_matrix.ip_user_files/bd/ahb_axi_matrix/ip/ahb_axi_matrix_axi_ahblite_bridge_0_1/sim/ahb_axi_matrix_axi_ahblite_bridge_0_1.vhd", 264: 

*Error* Syntax error at s_axi_bvalid
"/home/ICer/work/vivado/ahb_matrix/ahb_matrix.ip_user_files/bd/ahb_axi_matrix/ip/ahb_axi_matrix_axi_ahblite_bridge_0_1/sim/ahb_axi_matrix_axi_ahblite_bridge_0_1.vhd", 265: 

*Error* Syntax error at s_axi_bready
"/home/ICer/work/vivado/ahb_matrix/ahb_matrix.ip_user_files/bd/ahb_axi_matrix/ip/ahb_axi_matrix_axi_ahblite_bridge_0_1/sim/ahb_axi_matrix_axi_ahblite_bridge_0_1.vhd", 266: 

*Error* Syntax error at s_axi_arid
"/home/ICer/work/vivado/ahb_matrix/ahb_matrix.ip_user_files/bd/ahb_axi_matrix/ip/ahb_axi_matrix_axi_ahblite_bridge_0_1/sim/ahb_axi_matrix_axi_ahblite_bridge_0_1.vhd", 267: 

*Error* Syntax error at s_axi_araddr
"/home/ICer/work/vivado/ahb_matrix/ahb_matrix.ip_user_files/bd/ahb_axi_matrix/ip/ahb_axi_matrix_axi_ahblite_bridge_0_1/sim/ahb_axi_matrix_axi_ahblite_bridge_0_1.vhd", 268: 

*Error* Syntax error at s_axi_arprot
"/home/ICer/work/vivado/ahb_matrix/ahb_matrix.ip_user_files/bd/ahb_axi_matrix/ip/ahb_axi_matrix_axi_ahblite_bridge_0_1/sim/ahb_axi_matrix_axi_ahblite_bridge_0_1.vhd", 269: 

*Error* Syntax error at s_axi_arcache
"/home/ICer/work/vivado/ahb_matrix/ahb_matrix.ip_user_files/bd/ahb_axi_matrix/ip/ahb_axi_matrix_axi_ahblite_bridge_0_1/sim/ahb_axi_matrix_axi_ahblite_bridge_0_1.vhd", 270: 

*Error* Syntax error at s_axi_arvalid
"/home/ICer/work/vivado/ahb_matrix/ahb_matrix.ip_user_files/bd/ahb_axi_matrix/ip/ahb_axi_matrix_axi_ahblite_bridge_0_1/sim/ahb_axi_matrix_axi_ahblite_bridge_0_1.vhd", 271: 

*Error* Syntax error at s_axi_arlen
"/home/ICer/work/vivado/ahb_matrix/ahb_matrix.ip_user_files/bd/ahb_axi_matrix/ip/ahb_axi_matrix_axi_ahblite_bridge_0_1/sim/ahb_axi_matrix_axi_ahblite_bridge_0_1.vhd", 272: 

*Error* Syntax error at s_axi_arsize
"/home/ICer/work/vivado/ahb_matrix/ahb_matrix.ip_user_files/bd/ahb_axi_matrix/ip/ahb_axi_matrix_axi_ahblite_bridge_0_1/sim/ahb_axi_matrix_axi_ahblite_bridge_0_1.vhd", 273: 

*Error* Syntax error at s_axi_arburst
"/home/ICer/work/vivado/ahb_matrix/ahb_matrix.ip_user_files/bd/ahb_axi_matrix/ip/ahb_axi_matrix_axi_ahblite_bridge_0_1/sim/ahb_axi_matrix_axi_ahblite_bridge_0_1.vhd", 274: 

*Error* Syntax error at s_axi_arlock
"/home/ICer/work/vivado/ahb_matrix/ahb_matrix.ip_user_files/bd/ahb_axi_matrix/ip/ahb_axi_matrix_axi_ahblite_bridge_0_1/sim/ahb_axi_matrix_axi_ahblite_bridge_0_1.vhd", 275: 

*Error* Syntax error at s_axi_arready
"/home/ICer/work/vivado/ahb_matrix/ahb_matrix.ip_user_files/bd/ahb_axi_matrix/ip/ahb_axi_matrix_axi_ahblite_bridge_0_1/sim/ahb_axi_matrix_axi_ahblite_bridge_0_1.vhd", 276: 

*Error* Syntax error at s_axi_rid
"/home/ICer/work/vivado/ahb_matrix/ahb_matrix.ip_user_files/bd/ahb_axi_matrix/ip/ahb_axi_matrix_axi_ahblite_bridge_0_1/sim/ahb_axi_matrix_axi_ahblite_bridge_0_1.vhd", 277: 

*Error* Syntax error at s_axi_rdata
"/home/ICer/work/vivado/ahb_matrix/ahb_matrix.ip_user_files/bd/ahb_axi_matrix/ip/ahb_axi_matrix_axi_ahblite_bridge_0_1/sim/ahb_axi_matrix_axi_ahblite_bridge_0_1.vhd", 278: 

*Error* Syntax error at s_axi_rresp
"/home/ICer/work/vivado/ahb_matrix/ahb_matrix.ip_user_files/bd/ahb_axi_matrix/ip/ahb_axi_matrix_axi_ahblite_bridge_0_1/sim/ahb_axi_matrix_axi_ahblite_bridge_0_1.vhd", 279: 

*Error* Syntax error at s_axi_rvalid
"/home/ICer/work/vivado/ahb_matrix/ahb_matrix.ip_user_files/bd/ahb_axi_matrix/ip/ahb_axi_matrix_axi_ahblite_bridge_0_1/sim/ahb_axi_matrix_axi_ahblite_bridge_0_1.vhd", 280: 

*Error* Syntax error at s_axi_rlast
"/home/ICer/work/vivado/ahb_matrix/ahb_matrix.ip_user_files/bd/ahb_axi_matrix/ip/ahb_axi_matrix_axi_ahblite_bridge_0_1/sim/ahb_axi_matrix_axi_ahblite_bridge_0_1.vhd", 281: 

*Error* Syntax error at s_axi_rready
"/home/ICer/work/vivado/ahb_matrix/ahb_matrix.ip_user_files/bd/ahb_axi_matrix/ip/ahb_axi_matrix_axi_ahblite_bridge_0_1/sim/ahb_axi_matrix_axi_ahblite_bridge_0_1.vhd", 282: 

*Error* Syntax error at m_ahb_haddr
"/home/ICer/work/vivado/ahb_matrix/ahb_matrix.ip_user_files/bd/ahb_axi_matrix/ip/ahb_axi_matrix_axi_ahblite_bridge_0_1/sim/ahb_axi_matrix_axi_ahblite_bridge_0_1.vhd", 283: 

*Error* Syntax error at m_ahb_hwrite
"/home/ICer/work/vivado/ahb_matrix/ahb_matrix.ip_user_files/bd/ahb_axi_matrix/ip/ahb_axi_matrix_axi_ahblite_bridge_0_1/sim/ahb_axi_matrix_axi_ahblite_bridge_0_1.vhd", 284: 

*Error* Syntax error at m_ahb_hsize
"/home/ICer/work/vivado/ahb_matrix/ahb_matrix.ip_user_files/bd/ahb_axi_matrix/ip/ahb_axi_matrix_axi_ahblite_bridge_0_1/sim/ahb_axi_matrix_axi_ahblite_bridge_0_1.vhd", 285: 

*Error* Syntax error at m_ahb_hburst
"/home/ICer/work/vivado/ahb_matrix/ahb_matrix.ip_user_files/bd/ahb_axi_matrix/ip/ahb_axi_matrix_axi_ahblite_bridge_0_1/sim/ahb_axi_matrix_axi_ahblite_bridge_0_1.vhd", 286: 

*Error* Syntax error at m_ahb_hprot
"/home/ICer/work/vivado/ahb_matrix/ahb_matrix.ip_user_files/bd/ahb_axi_matrix/ip/ahb_axi_matrix_axi_ahblite_bridge_0_1/sim/ahb_axi_matrix_axi_ahblite_bridge_0_1.vhd", 287: 

*Error* Syntax error at m_ahb_htrans
"/home/ICer/work/vivado/ahb_matrix/ahb_matrix.ip_user_files/bd/ahb_axi_matrix/ip/ahb_axi_matrix_axi_ahblite_bridge_0_1/sim/ahb_axi_matrix_axi_ahblite_bridge_0_1.vhd", 288: 

*Error* Syntax error at m_ahb_hmastlock
"/home/ICer/work/vivado/ahb_matrix/ahb_matrix.ip_user_files/bd/ahb_axi_matrix/ip/ahb_axi_matrix_axi_ahblite_bridge_0_1/sim/ahb_axi_matrix_axi_ahblite_bridge_0_1.vhd", 289: 

*Error* Syntax error at m_ahb_hwdata
"/home/ICer/work/vivado/ahb_matrix/ahb_matrix.ip_user_files/bd/ahb_axi_matrix/ip/ahb_axi_matrix_axi_ahblite_bridge_0_1/sim/ahb_axi_matrix_axi_ahblite_bridge_0_1.vhd", 290: 

*Error* Syntax error at m_ahb_hready
"/home/ICer/work/vivado/ahb_matrix/ahb_matrix.ip_user_files/bd/ahb_axi_matrix/ip/ahb_axi_matrix_axi_ahblite_bridge_0_1/sim/ahb_axi_matrix_axi_ahblite_bridge_0_1.vhd", 291: 

*Error* Syntax error at m_ahb_hrdata
"/home/ICer/work/vivado/ahb_matrix/ahb_matrix.ip_user_files/bd/ahb_axi_matrix/ip/ahb_axi_matrix_axi_ahblite_bridge_0_1/sim/ahb_axi_matrix_axi_ahblite_bridge_0_1.vhd", 292: 

*Error* Syntax error at m_ahb_hresp
"/home/ICer/work/vivado/ahb_matrix/ahb_matrix.ip_user_files/bd/ahb_axi_matrix/ip/ahb_axi_matrix_axi_ahblite_bridge_0_1/sim/ahb_axi_matrix_axi_ahblite_bridge_0_1.vhd", 293: 

*Error* Syntax error at )
"/home/ICer/work/vivado/ahb_matrix/ahb_matrix.ip_user_files/bd/ahb_axi_matrix/ip/ahb_axi_matrix_axi_ahblite_bridge_0_1/sim/ahb_axi_matrix_axi_ahblite_bridge_0_1.vhd", 294: 

*Error* Syntax error at END
"/home/ICer/work/vivado/ahb_matrix/ahb_matrix.ip_user_files/bd/ahb_axi_matrix/ip/ahb_axi_matrix_axi_ahblite_bridge_0_1/sim/ahb_axi_matrix_axi_ahblite_bridge_0_1.vhd", 295: 

*Error* Syntax error at --
"/home/ICer/work/vivado/ahb_matrix/ahb_matrix.ip_user_files/bd/ahb_axi_matrix/ip/ahb_axi_matrix_axi_ahblite_bridge_1_0/sim/ahb_axi_matrix_axi_ahblite_bridge_1_0.vhd", 1: 

*Error* Syntax error at --
"/home/ICer/work/vivado/ahb_matrix/ahb_matrix.ip_user_files/bd/ahb_axi_matrix/ip/ahb_axi_matrix_axi_ahblite_bridge_1_0/sim/ahb_axi_matrix_axi_ahblite_bridge_1_0.vhd", 2: 

*Error* Syntax error at --
"/home/ICer/work/vivado/ahb_matrix/ahb_matrix.ip_user_files/bd/ahb_axi_matrix/ip/ahb_axi_matrix_axi_ahblite_bridge_1_0/sim/ahb_axi_matrix_axi_ahblite_bridge_1_0.vhd", 3: 

*Error* Syntax error at --
"/home/ICer/work/vivado/ahb_matrix/ahb_matrix.ip_user_files/bd/ahb_axi_matrix/ip/ahb_axi_matrix_axi_ahblite_bridge_1_0/sim/ahb_axi_matrix_axi_ahblite_bridge_1_0.vhd", 4: 

*Error* Syntax error at --
"/home/ICer/work/vivado/ahb_matrix/ahb_matrix.ip_user_files/bd/ahb_axi_matrix/ip/ahb_axi_matrix_axi_ahblite_bridge_1_0/sim/ahb_axi_matrix_axi_ahblite_bridge_1_0.vhd", 5: 

*Error* Syntax error at --
"/home/ICer/work/vivado/ahb_matrix/ahb_matrix.ip_user_files/bd/ahb_axi_matrix/ip/ahb_axi_matrix_axi_ahblite_bridge_1_0/sim/ahb_axi_matrix_axi_ahblite_bridge_1_0.vhd", 6: 

*Error* Syntax error at --
"/home/ICer/work/vivado/ahb_matrix/ahb_matrix.ip_user_files/bd/ahb_axi_matrix/ip/ahb_axi_matrix_axi_ahblite_bridge_1_0/sim/ahb_axi_matrix_axi_ahblite_bridge_1_0.vhd", 7: 

*Error* Syntax error at --
"/home/ICer/work/vivado/ahb_matrix/ahb_matrix.ip_user_files/bd/ahb_axi_matrix/ip/ahb_axi_matrix_axi_ahblite_bridge_1_0/sim/ahb_axi_matrix_axi_ahblite_bridge_1_0.vhd", 8: 

*Error* Syntax error at --
"/home/ICer/work/vivado/ahb_matrix/ahb_matrix.ip_user_files/bd/ahb_axi_matrix/ip/ahb_axi_matrix_axi_ahblite_bridge_1_0/sim/ahb_axi_matrix_axi_ahblite_bridge_1_0.vhd", 9: 

*Error* Syntax error at --
"/home/ICer/work/vivado/ahb_matrix/ahb_matrix.ip_user_files/bd/ahb_axi_matrix/ip/ahb_axi_matrix_axi_ahblite_bridge_1_0/sim/ahb_axi_matrix_axi_ahblite_bridge_1_0.vhd", 10: 

*Error* Syntax error at --
"/home/ICer/work/vivado/ahb_matrix/ahb_matrix.ip_user_files/bd/ahb_axi_matrix/ip/ahb_axi_matrix_axi_ahblite_bridge_1_0/sim/ahb_axi_matrix_axi_ahblite_bridge_1_0.vhd", 11: 

*Error* Syntax error at --
"/home/ICer/work/vivado/ahb_matrix/ahb_matrix.ip_user_files/bd/ahb_axi_matrix/ip/ahb_axi_matrix_axi_ahblite_bridge_1_0/sim/ahb_axi_matrix_axi_ahblite_bridge_1_0.vhd", 12: 

*Error* Syntax error at --
"/home/ICer/work/vivado/ahb_matrix/ahb_matrix.ip_user_files/bd/ahb_axi_matrix/ip/ahb_axi_matrix_axi_ahblite_bridge_1_0/sim/ahb_axi_matrix_axi_ahblite_bridge_1_0.vhd", 13: 

*Error* Syntax error at --
"/home/ICer/work/vivado/ahb_matrix/ahb_matrix.ip_user_files/bd/ahb_axi_matrix/ip/ahb_axi_matrix_axi_ahblite_bridge_1_0/sim/ahb_axi_matrix_axi_ahblite_bridge_1_0.vhd", 14: 

*Error* Syntax error at --
"/home/ICer/work/vivado/ahb_matrix/ahb_matrix.ip_user_files/bd/ahb_axi_matrix/ip/ahb_axi_matrix_axi_ahblite_bridge_1_0/sim/ahb_axi_matrix_axi_ahblite_bridge_1_0.vhd", 15: 

*Error* Syntax error at --
"/home/ICer/work/vivado/ahb_matrix/ahb_matrix.ip_user_files/bd/ahb_axi_matrix/ip/ahb_axi_matrix_axi_ahblite_bridge_1_0/sim/ahb_axi_matrix_axi_ahblite_bridge_1_0.vhd", 16: 

*Error* Syntax error at --
"/home/ICer/work/vivado/ahb_matrix/ahb_matrix.ip_user_files/bd/ahb_axi_matrix/ip/ahb_axi_matrix_axi_ahblite_bridge_1_0/sim/ahb_axi_matrix_axi_ahblite_bridge_1_0.vhd", 17: 

*Error* Syntax error at --
"/home/ICer/work/vivado/ahb_matrix/ahb_matrix.ip_user_files/bd/ahb_axi_matrix/ip/ahb_axi_matrix_axi_ahblite_bridge_1_0/sim/ahb_axi_matrix_axi_ahblite_bridge_1_0.vhd", 18: 

*Error* Syntax error at --
"/home/ICer/work/vivado/ahb_matrix/ahb_matrix.ip_user_files/bd/ahb_axi_matrix/ip/ahb_axi_matrix_axi_ahblite_bridge_1_0/sim/ahb_axi_matrix_axi_ahblite_bridge_1_0.vhd", 19: 

*Error* Syntax error at --
"/home/ICer/work/vivado/ahb_matrix/ahb_matrix.ip_user_files/bd/ahb_axi_matrix/ip/ahb_axi_matrix_axi_ahblite_bridge_1_0/sim/ahb_axi_matrix_axi_ahblite_bridge_1_0.vhd", 20: 

*Error* Syntax error at --
"/home/ICer/work/vivado/ahb_matrix/ahb_matrix.ip_user_files/bd/ahb_axi_matrix/ip/ahb_axi_matrix_axi_ahblite_bridge_1_0/sim/ahb_axi_matrix_axi_ahblite_bridge_1_0.vhd", 21: 

*Error* Syntax error at --
"/home/ICer/work/vivado/ahb_matrix/ahb_matrix.ip_user_files/bd/ahb_axi_matrix/ip/ahb_axi_matrix_axi_ahblite_bridge_1_0/sim/ahb_axi_matrix_axi_ahblite_bridge_1_0.vhd", 22: 

*Error* Syntax error at --
"/home/ICer/work/vivado/ahb_matrix/ahb_matrix.ip_user_files/bd/ahb_axi_matrix/ip/ahb_axi_matrix_axi_ahblite_bridge_1_0/sim/ahb_axi_matrix_axi_ahblite_bridge_1_0.vhd", 23: 

*Error* Syntax error at --
"/home/ICer/work/vivado/ahb_matrix/ahb_matrix.ip_user_files/bd/ahb_axi_matrix/ip/ahb_axi_matrix_axi_ahblite_bridge_1_0/sim/ahb_axi_matrix_axi_ahblite_bridge_1_0.vhd", 24: 

*Error* Syntax error at --
"/home/ICer/work/vivado/ahb_matrix/ahb_matrix.ip_user_files/bd/ahb_axi_matrix/ip/ahb_axi_matrix_axi_ahblite_bridge_1_0/sim/ahb_axi_matrix_axi_ahblite_bridge_1_0.vhd", 25: 

*Error* Syntax error at --
"/home/ICer/work/vivado/ahb_matrix/ahb_matrix.ip_user_files/bd/ahb_axi_matrix/ip/ahb_axi_matrix_axi_ahblite_bridge_1_0/sim/ahb_axi_matrix_axi_ahblite_bridge_1_0.vhd", 26: 

*Error* Syntax error at --
"/home/ICer/work/vivado/ahb_matrix/ahb_matrix.ip_user_files/bd/ahb_axi_matrix/ip/ahb_axi_matrix_axi_ahblite_bridge_1_0/sim/ahb_axi_matrix_axi_ahblite_bridge_1_0.vhd", 27: 

*Error* Syntax error at --
"/home/ICer/work/vivado/ahb_matrix/ahb_matrix.ip_user_files/bd/ahb_axi_matrix/ip/ahb_axi_matrix_axi_ahblite_bridge_1_0/sim/ahb_axi_matrix_axi_ahblite_bridge_1_0.vhd", 28: 

*Error* Syntax error at --
"/home/ICer/work/vivado/ahb_matrix/ahb_matrix.ip_user_files/bd/ahb_axi_matrix/ip/ahb_axi_matrix_axi_ahblite_bridge_1_0/sim/ahb_axi_matrix_axi_ahblite_bridge_1_0.vhd", 29: 

*Error* Syntax error at --
"/home/ICer/work/vivado/ahb_matrix/ahb_matrix.ip_user_files/bd/ahb_axi_matrix/ip/ahb_axi_matrix_axi_ahblite_bridge_1_0/sim/ahb_axi_matrix_axi_ahblite_bridge_1_0.vhd", 30: 

*Error* Syntax error at --
"/home/ICer/work/vivado/ahb_matrix/ahb_matrix.ip_user_files/bd/ahb_axi_matrix/ip/ahb_axi_matrix_axi_ahblite_bridge_1_0/sim/ahb_axi_matrix_axi_ahblite_bridge_1_0.vhd", 31: 

*Error* Syntax error at --
"/home/ICer/work/vivado/ahb_matrix/ahb_matrix.ip_user_files/bd/ahb_axi_matrix/ip/ahb_axi_matrix_axi_ahblite_bridge_1_0/sim/ahb_axi_matrix_axi_ahblite_bridge_1_0.vhd", 32: 

*Error* Syntax error at --
"/home/ICer/work/vivado/ahb_matrix/ahb_matrix.ip_user_files/bd/ahb_axi_matrix/ip/ahb_axi_matrix_axi_ahblite_bridge_1_0/sim/ahb_axi_matrix_axi_ahblite_bridge_1_0.vhd", 33: 

*Error* Syntax error at --
"/home/ICer/work/vivado/ahb_matrix/ahb_matrix.ip_user_files/bd/ahb_axi_matrix/ip/ahb_axi_matrix_axi_ahblite_bridge_1_0/sim/ahb_axi_matrix_axi_ahblite_bridge_1_0.vhd", 34: 

*Error* Syntax error at --
"/home/ICer/work/vivado/ahb_matrix/ahb_matrix.ip_user_files/bd/ahb_axi_matrix/ip/ahb_axi_matrix_axi_ahblite_bridge_1_0/sim/ahb_axi_matrix_axi_ahblite_bridge_1_0.vhd", 35: 

*Error* Syntax error at --
"/home/ICer/work/vivado/ahb_matrix/ahb_matrix.ip_user_files/bd/ahb_axi_matrix/ip/ahb_axi_matrix_axi_ahblite_bridge_1_0/sim/ahb_axi_matrix_axi_ahblite_bridge_1_0.vhd", 36: 

*Error* Syntax error at --
"/home/ICer/work/vivado/ahb_matrix/ahb_matrix.ip_user_files/bd/ahb_axi_matrix/ip/ahb_axi_matrix_axi_ahblite_bridge_1_0/sim/ahb_axi_matrix_axi_ahblite_bridge_1_0.vhd", 37: 

*Error* Syntax error at --
"/home/ICer/work/vivado/ahb_matrix/ahb_matrix.ip_user_files/bd/ahb_axi_matrix/ip/ahb_axi_matrix_axi_ahblite_bridge_1_0/sim/ahb_axi_matrix_axi_ahblite_bridge_1_0.vhd", 38: 

*Error* Syntax error at --
"/home/ICer/work/vivado/ahb_matrix/ahb_matrix.ip_user_files/bd/ahb_axi_matrix/ip/ahb_axi_matrix_axi_ahblite_bridge_1_0/sim/ahb_axi_matrix_axi_ahblite_bridge_1_0.vhd", 39: 

*Error* Syntax error at --
"/home/ICer/work/vivado/ahb_matrix/ahb_matrix.ip_user_files/bd/ahb_axi_matrix/ip/ahb_axi_matrix_axi_ahblite_bridge_1_0/sim/ahb_axi_matrix_axi_ahblite_bridge_1_0.vhd", 40: 

*Error* Syntax error at --
"/home/ICer/work/vivado/ahb_matrix/ahb_matrix.ip_user_files/bd/ahb_axi_matrix/ip/ahb_axi_matrix_axi_ahblite_bridge_1_0/sim/ahb_axi_matrix_axi_ahblite_bridge_1_0.vhd", 41: 

*Error* Syntax error at --
"/home/ICer/work/vivado/ahb_matrix/ahb_matrix.ip_user_files/bd/ahb_axi_matrix/ip/ahb_axi_matrix_axi_ahblite_bridge_1_0/sim/ahb_axi_matrix_axi_ahblite_bridge_1_0.vhd", 42: 

*Error* Syntax error at --
"/home/ICer/work/vivado/ahb_matrix/ahb_matrix.ip_user_files/bd/ahb_axi_matrix/ip/ahb_axi_matrix_axi_ahblite_bridge_1_0/sim/ahb_axi_matrix_axi_ahblite_bridge_1_0.vhd", 43: 

*Error* Syntax error at --
"/home/ICer/work/vivado/ahb_matrix/ahb_matrix.ip_user_files/bd/ahb_axi_matrix/ip/ahb_axi_matrix_axi_ahblite_bridge_1_0/sim/ahb_axi_matrix_axi_ahblite_bridge_1_0.vhd", 44: 

*Error* Syntax error at --
"/home/ICer/work/vivado/ahb_matrix/ahb_matrix.ip_user_files/bd/ahb_axi_matrix/ip/ahb_axi_matrix_axi_ahblite_bridge_1_0/sim/ahb_axi_matrix_axi_ahblite_bridge_1_0.vhd", 45: 

*Error* Syntax error at --
"/home/ICer/work/vivado/ahb_matrix/ahb_matrix.ip_user_files/bd/ahb_axi_matrix/ip/ahb_axi_matrix_axi_ahblite_bridge_1_0/sim/ahb_axi_matrix_axi_ahblite_bridge_1_0.vhd", 46: 

*Error* Syntax error at --
"/home/ICer/work/vivado/ahb_matrix/ahb_matrix.ip_user_files/bd/ahb_axi_matrix/ip/ahb_axi_matrix_axi_ahblite_bridge_1_0/sim/ahb_axi_matrix_axi_ahblite_bridge_1_0.vhd", 47: 

*Error* Syntax error at --
"/home/ICer/work/vivado/ahb_matrix/ahb_matrix.ip_user_files/bd/ahb_axi_matrix/ip/ahb_axi_matrix_axi_ahblite_bridge_1_0/sim/ahb_axi_matrix_axi_ahblite_bridge_1_0.vhd", 49: 

*Error* Syntax error at --
"/home/ICer/work/vivado/ahb_matrix/ahb_matrix.ip_user_files/bd/ahb_axi_matrix/ip/ahb_axi_matrix_axi_ahblite_bridge_1_0/sim/ahb_axi_matrix_axi_ahblite_bridge_1_0.vhd", 50: 

*Error* Syntax error at LIBRARY
"/home/ICer/work/vivado/ahb_matrix/ahb_matrix.ip_user_files/bd/ahb_axi_matrix/ip/ahb_axi_matrix_axi_ahblite_bridge_1_0/sim/ahb_axi_matrix_axi_ahblite_bridge_1_0.vhd", 52: 

*Error* Syntax error at USE
"/home/ICer/work/vivado/ahb_matrix/ahb_matrix.ip_user_files/bd/ahb_axi_matrix/ip/ahb_axi_matrix_axi_ahblite_bridge_1_0/sim/ahb_axi_matrix_axi_ahblite_bridge_1_0.vhd", 53: 

*Error* Syntax error at USE
"/home/ICer/work/vivado/ahb_matrix/ahb_matrix.ip_user_files/bd/ahb_axi_matrix/ip/ahb_axi_matrix_axi_ahblite_bridge_1_0/sim/ahb_axi_matrix_axi_ahblite_bridge_1_0.vhd", 54: 

*Error* Syntax error at LIBRARY
"/home/ICer/work/vivado/ahb_matrix/ahb_matrix.ip_user_files/bd/ahb_axi_matrix/ip/ahb_axi_matrix_axi_ahblite_bridge_1_0/sim/ahb_axi_matrix_axi_ahblite_bridge_1_0.vhd", 56: 

*Error* Syntax error at USE
"/home/ICer/work/vivado/ahb_matrix/ahb_matrix.ip_user_files/bd/ahb_axi_matrix/ip/ahb_axi_matrix_axi_ahblite_bridge_1_0/sim/ahb_axi_matrix_axi_ahblite_bridge_1_0.vhd", 57: 

*Error* Syntax error at ENTITY
"/home/ICer/work/vivado/ahb_matrix/ahb_matrix.ip_user_files/bd/ahb_axi_matrix/ip/ahb_axi_matrix_axi_ahblite_bridge_1_0/sim/ahb_axi_matrix_axi_ahblite_bridge_1_0.vhd", 59: 

*Error* Syntax error at PORT
"/home/ICer/work/vivado/ahb_matrix/ahb_matrix.ip_user_files/bd/ahb_axi_matrix/ip/ahb_axi_matrix_axi_ahblite_bridge_1_0/sim/ahb_axi_matrix_axi_ahblite_bridge_1_0.vhd", 60: 

*Error* Syntax error at s_axi_aclk
"/home/ICer/work/vivado/ahb_matrix/ahb_matrix.ip_user_files/bd/ahb_axi_matrix/ip/ahb_axi_matrix_axi_ahblite_bridge_1_0/sim/ahb_axi_matrix_axi_ahblite_bridge_1_0.vhd", 61: 

*Error* Syntax error at s_axi_aresetn
"/home/ICer/work/vivado/ahb_matrix/ahb_matrix.ip_user_files/bd/ahb_axi_matrix/ip/ahb_axi_matrix_axi_ahblite_bridge_1_0/sim/ahb_axi_matrix_axi_ahblite_bridge_1_0.vhd", 62: 

*Error* Syntax error at s_axi_awid
"/home/ICer/work/vivado/ahb_matrix/ahb_matrix.ip_user_files/bd/ahb_axi_matrix/ip/ahb_axi_matrix_axi_ahblite_bridge_1_0/sim/ahb_axi_matrix_axi_ahblite_bridge_1_0.vhd", 63: 

*Error* Syntax error at s_axi_awlen
"/home/ICer/work/vivado/ahb_matrix/ahb_matrix.ip_user_files/bd/ahb_axi_matrix/ip/ahb_axi_matrix_axi_ahblite_bridge_1_0/sim/ahb_axi_matrix_axi_ahblite_bridge_1_0.vhd", 64: 

*Error* Syntax error at s_axi_awsize
"/home/ICer/work/vivado/ahb_matrix/ahb_matrix.ip_user_files/bd/ahb_axi_matrix/ip/ahb_axi_matrix_axi_ahblite_bridge_1_0/sim/ahb_axi_matrix_axi_ahblite_bridge_1_0.vhd", 65: 

*Error* Syntax error at s_axi_awburst
"/home/ICer/work/vivado/ahb_matrix/ahb_matrix.ip_user_files/bd/ahb_axi_matrix/ip/ahb_axi_matrix_axi_ahblite_bridge_1_0/sim/ahb_axi_matrix_axi_ahblite_bridge_1_0.vhd", 66: 

*Error* Syntax error at s_axi_awcache
"/home/ICer/work/vivado/ahb_matrix/ahb_matrix.ip_user_files/bd/ahb_axi_matrix/ip/ahb_axi_matrix_axi_ahblite_bridge_1_0/sim/ahb_axi_matrix_axi_ahblite_bridge_1_0.vhd", 67: 

*Error* Syntax error at s_axi_awaddr
"/home/ICer/work/vivado/ahb_matrix/ahb_matrix.ip_user_files/bd/ahb_axi_matrix/ip/ahb_axi_matrix_axi_ahblite_bridge_1_0/sim/ahb_axi_matrix_axi_ahblite_bridge_1_0.vhd", 68: 

*Error* Syntax error at s_axi_awprot
"/home/ICer/work/vivado/ahb_matrix/ahb_matrix.ip_user_files/bd/ahb_axi_matrix/ip/ahb_axi_matrix_axi_ahblite_bridge_1_0/sim/ahb_axi_matrix_axi_ahblite_bridge_1_0.vhd", 69: 

*Error* Syntax error at s_axi_awvalid
"/home/ICer/work/vivado/ahb_matrix/ahb_matrix.ip_user_files/bd/ahb_axi_matrix/ip/ahb_axi_matrix_axi_ahblite_bridge_1_0/sim/ahb_axi_matrix_axi_ahblite_bridge_1_0.vhd", 70: 

*Error* Syntax error at s_axi_awready
"/home/ICer/work/vivado/ahb_matrix/ahb_matrix.ip_user_files/bd/ahb_axi_matrix/ip/ahb_axi_matrix_axi_ahblite_bridge_1_0/sim/ahb_axi_matrix_axi_ahblite_bridge_1_0.vhd", 71: 

*Error* Syntax error at s_axi_awlock
"/home/ICer/work/vivado/ahb_matrix/ahb_matrix.ip_user_files/bd/ahb_axi_matrix/ip/ahb_axi_matrix_axi_ahblite_bridge_1_0/sim/ahb_axi_matrix_axi_ahblite_bridge_1_0.vhd", 72: 

*Error* Syntax error at s_axi_wdata
"/home/ICer/work/vivado/ahb_matrix/ahb_matrix.ip_user_files/bd/ahb_axi_matrix/ip/ahb_axi_matrix_axi_ahblite_bridge_1_0/sim/ahb_axi_matrix_axi_ahblite_bridge_1_0.vhd", 73: 

*Error* Syntax error at s_axi_wstrb
"/home/ICer/work/vivado/ahb_matrix/ahb_matrix.ip_user_files/bd/ahb_axi_matrix/ip/ahb_axi_matrix_axi_ahblite_bridge_1_0/sim/ahb_axi_matrix_axi_ahblite_bridge_1_0.vhd", 74: 

*Error* Syntax error at s_axi_wlast
"/home/ICer/work/vivado/ahb_matrix/ahb_matrix.ip_user_files/bd/ahb_axi_matrix/ip/ahb_axi_matrix_axi_ahblite_bridge_1_0/sim/ahb_axi_matrix_axi_ahblite_bridge_1_0.vhd", 75: 

*Error* Syntax error at s_axi_wvalid
"/home/ICer/work/vivado/ahb_matrix/ahb_matrix.ip_user_files/bd/ahb_axi_matrix/ip/ahb_axi_matrix_axi_ahblite_bridge_1_0/sim/ahb_axi_matrix_axi_ahblite_bridge_1_0.vhd", 76: 

*Error* Syntax error at s_axi_wready
"/home/ICer/work/vivado/ahb_matrix/ahb_matrix.ip_user_files/bd/ahb_axi_matrix/ip/ahb_axi_matrix_axi_ahblite_bridge_1_0/sim/ahb_axi_matrix_axi_ahblite_bridge_1_0.vhd", 77: 

*Error* Syntax error at s_axi_bid
"/home/ICer/work/vivado/ahb_matrix/ahb_matrix.ip_user_files/bd/ahb_axi_matrix/ip/ahb_axi_matrix_axi_ahblite_bridge_1_0/sim/ahb_axi_matrix_axi_ahblite_bridge_1_0.vhd", 78: 

*Error* Syntax error at s_axi_bresp
"/home/ICer/work/vivado/ahb_matrix/ahb_matrix.ip_user_files/bd/ahb_axi_matrix/ip/ahb_axi_matrix_axi_ahblite_bridge_1_0/sim/ahb_axi_matrix_axi_ahblite_bridge_1_0.vhd", 79: 

*Error* Syntax error at s_axi_bvalid
"/home/ICer/work/vivado/ahb_matrix/ahb_matrix.ip_user_files/bd/ahb_axi_matrix/ip/ahb_axi_matrix_axi_ahblite_bridge_1_0/sim/ahb_axi_matrix_axi_ahblite_bridge_1_0.vhd", 80: 

*Error* Syntax error at s_axi_bready
"/home/ICer/work/vivado/ahb_matrix/ahb_matrix.ip_user_files/bd/ahb_axi_matrix/ip/ahb_axi_matrix_axi_ahblite_bridge_1_0/sim/ahb_axi_matrix_axi_ahblite_bridge_1_0.vhd", 81: 

*Error* Syntax error at s_axi_arid
"/home/ICer/work/vivado/ahb_matrix/ahb_matrix.ip_user_files/bd/ahb_axi_matrix/ip/ahb_axi_matrix_axi_ahblite_bridge_1_0/sim/ahb_axi_matrix_axi_ahblite_bridge_1_0.vhd", 82: 

*Error* Syntax error at s_axi_araddr
"/home/ICer/work/vivado/ahb_matrix/ahb_matrix.ip_user_files/bd/ahb_axi_matrix/ip/ahb_axi_matrix_axi_ahblite_bridge_1_0/sim/ahb_axi_matrix_axi_ahblite_bridge_1_0.vhd", 83: 

*Error* Syntax error at s_axi_arprot
"/home/ICer/work/vivado/ahb_matrix/ahb_matrix.ip_user_files/bd/ahb_axi_matrix/ip/ahb_axi_matrix_axi_ahblite_bridge_1_0/sim/ahb_axi_matrix_axi_ahblite_bridge_1_0.vhd", 84: 

*Error* Syntax error at s_axi_arcache
"/home/ICer/work/vivado/ahb_matrix/ahb_matrix.ip_user_files/bd/ahb_axi_matrix/ip/ahb_axi_matrix_axi_ahblite_bridge_1_0/sim/ahb_axi_matrix_axi_ahblite_bridge_1_0.vhd", 85: 

*Error* Syntax error at s_axi_arvalid
"/home/ICer/work/vivado/ahb_matrix/ahb_matrix.ip_user_files/bd/ahb_axi_matrix/ip/ahb_axi_matrix_axi_ahblite_bridge_1_0/sim/ahb_axi_matrix_axi_ahblite_bridge_1_0.vhd", 86: 

*Error* Syntax error at s_axi_arlen
"/home/ICer/work/vivado/ahb_matrix/ahb_matrix.ip_user_files/bd/ahb_axi_matrix/ip/ahb_axi_matrix_axi_ahblite_bridge_1_0/sim/ahb_axi_matrix_axi_ahblite_bridge_1_0.vhd", 87: 

*Error* Syntax error at s_axi_arsize
"/home/ICer/work/vivado/ahb_matrix/ahb_matrix.ip_user_files/bd/ahb_axi_matrix/ip/ahb_axi_matrix_axi_ahblite_bridge_1_0/sim/ahb_axi_matrix_axi_ahblite_bridge_1_0.vhd", 88: 

*Error* Syntax error at s_axi_arburst
"/home/ICer/work/vivado/ahb_matrix/ahb_matrix.ip_user_files/bd/ahb_axi_matrix/ip/ahb_axi_matrix_axi_ahblite_bridge_1_0/sim/ahb_axi_matrix_axi_ahblite_bridge_1_0.vhd", 89: 

*Error* Syntax error at s_axi_arlock
"/home/ICer/work/vivado/ahb_matrix/ahb_matrix.ip_user_files/bd/ahb_axi_matrix/ip/ahb_axi_matrix_axi_ahblite_bridge_1_0/sim/ahb_axi_matrix_axi_ahblite_bridge_1_0.vhd", 90: 

*Error* Syntax error at s_axi_arready
"/home/ICer/work/vivado/ahb_matrix/ahb_matrix.ip_user_files/bd/ahb_axi_matrix/ip/ahb_axi_matrix_axi_ahblite_bridge_1_0/sim/ahb_axi_matrix_axi_ahblite_bridge_1_0.vhd", 91: 

*Error* Syntax error at s_axi_rid
"/home/ICer/work/vivado/ahb_matrix/ahb_matrix.ip_user_files/bd/ahb_axi_matrix/ip/ahb_axi_matrix_axi_ahblite_bridge_1_0/sim/ahb_axi_matrix_axi_ahblite_bridge_1_0.vhd", 92: 

*Error* Syntax error at s_axi_rdata
"/home/ICer/work/vivado/ahb_matrix/ahb_matrix.ip_user_files/bd/ahb_axi_matrix/ip/ahb_axi_matrix_axi_ahblite_bridge_1_0/sim/ahb_axi_matrix_axi_ahblite_bridge_1_0.vhd", 93: 

*Error* Syntax error at s_axi_rresp
"/home/ICer/work/vivado/ahb_matrix/ahb_matrix.ip_user_files/bd/ahb_axi_matrix/ip/ahb_axi_matrix_axi_ahblite_bridge_1_0/sim/ahb_axi_matrix_axi_ahblite_bridge_1_0.vhd", 94: 

*Error* Syntax error at s_axi_rvalid
"/home/ICer/work/vivado/ahb_matrix/ahb_matrix.ip_user_files/bd/ahb_axi_matrix/ip/ahb_axi_matrix_axi_ahblite_bridge_1_0/sim/ahb_axi_matrix_axi_ahblite_bridge_1_0.vhd", 95: 

*Error* Syntax error at s_axi_rlast
"/home/ICer/work/vivado/ahb_matrix/ahb_matrix.ip_user_files/bd/ahb_axi_matrix/ip/ahb_axi_matrix_axi_ahblite_bridge_1_0/sim/ahb_axi_matrix_axi_ahblite_bridge_1_0.vhd", 96: 

*Error* Syntax error at s_axi_rready
"/home/ICer/work/vivado/ahb_matrix/ahb_matrix.ip_user_files/bd/ahb_axi_matrix/ip/ahb_axi_matrix_axi_ahblite_bridge_1_0/sim/ahb_axi_matrix_axi_ahblite_bridge_1_0.vhd", 97: 

*Error* Syntax error at m_ahb_haddr
"/home/ICer/work/vivado/ahb_matrix/ahb_matrix.ip_user_files/bd/ahb_axi_matrix/ip/ahb_axi_matrix_axi_ahblite_bridge_1_0/sim/ahb_axi_matrix_axi_ahblite_bridge_1_0.vhd", 98: 

*Error* Syntax error at m_ahb_hwrite
"/home/ICer/work/vivado/ahb_matrix/ahb_matrix.ip_user_files/bd/ahb_axi_matrix/ip/ahb_axi_matrix_axi_ahblite_bridge_1_0/sim/ahb_axi_matrix_axi_ahblite_bridge_1_0.vhd", 99: 

*Error* Syntax error at m_ahb_hsize
"/home/ICer/work/vivado/ahb_matrix/ahb_matrix.ip_user_files/bd/ahb_axi_matrix/ip/ahb_axi_matrix_axi_ahblite_bridge_1_0/sim/ahb_axi_matrix_axi_ahblite_bridge_1_0.vhd", 100: 

*Error* Syntax error at m_ahb_hburst
"/home/ICer/work/vivado/ahb_matrix/ahb_matrix.ip_user_files/bd/ahb_axi_matrix/ip/ahb_axi_matrix_axi_ahblite_bridge_1_0/sim/ahb_axi_matrix_axi_ahblite_bridge_1_0.vhd", 101: 

*Error* Syntax error at m_ahb_hprot
"/home/ICer/work/vivado/ahb_matrix/ahb_matrix.ip_user_files/bd/ahb_axi_matrix/ip/ahb_axi_matrix_axi_ahblite_bridge_1_0/sim/ahb_axi_matrix_axi_ahblite_bridge_1_0.vhd", 102: 

*Error* Syntax error at m_ahb_htrans
"/home/ICer/work/vivado/ahb_matrix/ahb_matrix.ip_user_files/bd/ahb_axi_matrix/ip/ahb_axi_matrix_axi_ahblite_bridge_1_0/sim/ahb_axi_matrix_axi_ahblite_bridge_1_0.vhd", 103: 

*Error* Syntax error at m_ahb_hmastlock
"/home/ICer/work/vivado/ahb_matrix/ahb_matrix.ip_user_files/bd/ahb_axi_matrix/ip/ahb_axi_matrix_axi_ahblite_bridge_1_0/sim/ahb_axi_matrix_axi_ahblite_bridge_1_0.vhd", 104: 

*Error* Syntax error at m_ahb_hwdata
"/home/ICer/work/vivado/ahb_matrix/ahb_matrix.ip_user_files/bd/ahb_axi_matrix/ip/ahb_axi_matrix_axi_ahblite_bridge_1_0/sim/ahb_axi_matrix_axi_ahblite_bridge_1_0.vhd", 105: 

*Error* Syntax error at m_ahb_hready
"/home/ICer/work/vivado/ahb_matrix/ahb_matrix.ip_user_files/bd/ahb_axi_matrix/ip/ahb_axi_matrix_axi_ahblite_bridge_1_0/sim/ahb_axi_matrix_axi_ahblite_bridge_1_0.vhd", 106: 

*Error* Syntax error at m_ahb_hrdata
"/home/ICer/work/vivado/ahb_matrix/ahb_matrix.ip_user_files/bd/ahb_axi_matrix/ip/ahb_axi_matrix_axi_ahblite_bridge_1_0/sim/ahb_axi_matrix_axi_ahblite_bridge_1_0.vhd", 107: 

*Error* Syntax error at m_ahb_hresp
"/home/ICer/work/vivado/ahb_matrix/ahb_matrix.ip_user_files/bd/ahb_axi_matrix/ip/ahb_axi_matrix_axi_ahblite_bridge_1_0/sim/ahb_axi_matrix_axi_ahblite_bridge_1_0.vhd", 108: 

*Error* Syntax error at )
"/home/ICer/work/vivado/ahb_matrix/ahb_matrix.ip_user_files/bd/ahb_axi_matrix/ip/ahb_axi_matrix_axi_ahblite_bridge_1_0/sim/ahb_axi_matrix_axi_ahblite_bridge_1_0.vhd", 109: 

*Error* Syntax error at END
"/home/ICer/work/vivado/ahb_matrix/ahb_matrix.ip_user_files/bd/ahb_axi_matrix/ip/ahb_axi_matrix_axi_ahblite_bridge_1_0/sim/ahb_axi_matrix_axi_ahblite_bridge_1_0.vhd", 110: 

*Error* Syntax error at ARCHITECTURE
"/home/ICer/work/vivado/ahb_matrix/ahb_matrix.ip_user_files/bd/ahb_axi_matrix/ip/ahb_axi_matrix_axi_ahblite_bridge_1_0/sim/ahb_axi_matrix_axi_ahblite_bridge_1_0.vhd", 112: 

*Error* Syntax error at ATTRIBUTE
"/home/ICer/work/vivado/ahb_matrix/ahb_matrix.ip_user_files/bd/ahb_axi_matrix/ip/ahb_axi_matrix_axi_ahblite_bridge_1_0/sim/ahb_axi_matrix_axi_ahblite_bridge_1_0.vhd", 113: 

*Error* Syntax error at ATTRIBUTE
"/home/ICer/work/vivado/ahb_matrix/ahb_matrix.ip_user_files/bd/ahb_axi_matrix/ip/ahb_axi_matrix_axi_ahblite_bridge_1_0/sim/ahb_axi_matrix_axi_ahblite_bridge_1_0.vhd", 114: 

*Error* Syntax error at COMPONENT
"/home/ICer/work/vivado/ahb_matrix/ahb_matrix.ip_user_files/bd/ahb_axi_matrix/ip/ahb_axi_matrix_axi_ahblite_bridge_1_0/sim/ahb_axi_matrix_axi_ahblite_bridge_1_0.vhd", 115: 

*Error* Syntax error at GENERIC
"/home/ICer/work/vivado/ahb_matrix/ahb_matrix.ip_user_files/bd/ahb_axi_matrix/ip/ahb_axi_matrix_axi_ahblite_bridge_1_0/sim/ahb_axi_matrix_axi_ahblite_bridge_1_0.vhd", 116: 

*Error* Syntax error at C_FAMILY
"/home/ICer/work/vivado/ahb_matrix/ahb_matrix.ip_user_files/bd/ahb_axi_matrix/ip/ahb_axi_matrix_axi_ahblite_bridge_1_0/sim/ahb_axi_matrix_axi_ahblite_bridge_1_0.vhd", 117: 

*Error* Syntax error at C_INSTANCE
"/home/ICer/work/vivado/ahb_matrix/ahb_matrix.ip_user_files/bd/ahb_axi_matrix/ip/ahb_axi_matrix_axi_ahblite_bridge_1_0/sim/ahb_axi_matrix_axi_ahblite_bridge_1_0.vhd", 118: 

*Error* Syntax error at C_S_AXI_ADDR_WIDTH
"/home/ICer/work/vivado/ahb_matrix/ahb_matrix.ip_user_files/bd/ahb_axi_matrix/ip/ahb_axi_matrix_axi_ahblite_bridge_1_0/sim/ahb_axi_matrix_axi_ahblite_bridge_1_0.vhd", 119: 

*Error* Syntax error at C_S_AXI_DATA_WIDTH
"/home/ICer/work/vivado/ahb_matrix/ahb_matrix.ip_user_files/bd/ahb_axi_matrix/ip/ahb_axi_matrix_axi_ahblite_bridge_1_0/sim/ahb_axi_matrix_axi_ahblite_bridge_1_0.vhd", 120: 

*Error* Syntax error at C_S_AXI_SUPPORTS_NARROW_BURST
"/home/ICer/work/vivado/ahb_matrix/ahb_matrix.ip_user_files/bd/ahb_axi_matrix/ip/ahb_axi_matrix_axi_ahblite_bridge_1_0/sim/ahb_axi_matrix_axi_ahblite_bridge_1_0.vhd", 121: 

*Error* Syntax error at C_S_AXI_ID_WIDTH
"/home/ICer/work/vivado/ahb_matrix/ahb_matrix.ip_user_files/bd/ahb_axi_matrix/ip/ahb_axi_matrix_axi_ahblite_bridge_1_0/sim/ahb_axi_matrix_axi_ahblite_bridge_1_0.vhd", 122: 

*Error* Syntax error at C_M_AHB_ADDR_WIDTH
"/home/ICer/work/vivado/ahb_matrix/ahb_matrix.ip_user_files/bd/ahb_axi_matrix/ip/ahb_axi_matrix_axi_ahblite_bridge_1_0/sim/ahb_axi_matrix_axi_ahblite_bridge_1_0.vhd", 123: 

*Error* Syntax error at C_M_AHB_DATA_WIDTH
"/home/ICer/work/vivado/ahb_matrix/ahb_matrix.ip_user_files/bd/ahb_axi_matrix/ip/ahb_axi_matrix_axi_ahblite_bridge_1_0/sim/ahb_axi_matrix_axi_ahblite_bridge_1_0.vhd", 124: 

*Error* Syntax error at C_DPHASE_TIMEOUT
"/home/ICer/work/vivado/ahb_matrix/ahb_matrix.ip_user_files/bd/ahb_axi_matrix/ip/ahb_axi_matrix_axi_ahblite_bridge_1_0/sim/ahb_axi_matrix_axi_ahblite_bridge_1_0.vhd", 125: 

*Error* Syntax error at )
"/home/ICer/work/vivado/ahb_matrix/ahb_matrix.ip_user_files/bd/ahb_axi_matrix/ip/ahb_axi_matrix_axi_ahblite_bridge_1_0/sim/ahb_axi_matrix_axi_ahblite_bridge_1_0.vhd", 126: 

*Error* Syntax error at PORT
"/home/ICer/work/vivado/ahb_matrix/ahb_matrix.ip_user_files/bd/ahb_axi_matrix/ip/ahb_axi_matrix_axi_ahblite_bridge_1_0/sim/ahb_axi_matrix_axi_ahblite_bridge_1_0.vhd", 127: 

*Error* Syntax error at s_axi_aclk
"/home/ICer/work/vivado/ahb_matrix/ahb_matrix.ip_user_files/bd/ahb_axi_matrix/ip/ahb_axi_matrix_axi_ahblite_bridge_1_0/sim/ahb_axi_matrix_axi_ahblite_bridge_1_0.vhd", 128: 

*Error* Syntax error at s_axi_aresetn
"/home/ICer/work/vivado/ahb_matrix/ahb_matrix.ip_user_files/bd/ahb_axi_matrix/ip/ahb_axi_matrix_axi_ahblite_bridge_1_0/sim/ahb_axi_matrix_axi_ahblite_bridge_1_0.vhd", 129: 

*Error* Syntax error at s_axi_awid
"/home/ICer/work/vivado/ahb_matrix/ahb_matrix.ip_user_files/bd/ahb_axi_matrix/ip/ahb_axi_matrix_axi_ahblite_bridge_1_0/sim/ahb_axi_matrix_axi_ahblite_bridge_1_0.vhd", 130: 

*Error* Syntax error at s_axi_awlen
"/home/ICer/work/vivado/ahb_matrix/ahb_matrix.ip_user_files/bd/ahb_axi_matrix/ip/ahb_axi_matrix_axi_ahblite_bridge_1_0/sim/ahb_axi_matrix_axi_ahblite_bridge_1_0.vhd", 131: 

*Error* Syntax error at s_axi_awsize
"/home/ICer/work/vivado/ahb_matrix/ahb_matrix.ip_user_files/bd/ahb_axi_matrix/ip/ahb_axi_matrix_axi_ahblite_bridge_1_0/sim/ahb_axi_matrix_axi_ahblite_bridge_1_0.vhd", 132: 

*Error* Syntax error at s_axi_awburst
"/home/ICer/work/vivado/ahb_matrix/ahb_matrix.ip_user_files/bd/ahb_axi_matrix/ip/ahb_axi_matrix_axi_ahblite_bridge_1_0/sim/ahb_axi_matrix_axi_ahblite_bridge_1_0.vhd", 133: 

*Error* Syntax error at s_axi_awcache
"/home/ICer/work/vivado/ahb_matrix/ahb_matrix.ip_user_files/bd/ahb_axi_matrix/ip/ahb_axi_matrix_axi_ahblite_bridge_1_0/sim/ahb_axi_matrix_axi_ahblite_bridge_1_0.vhd", 134: 

*Error* Syntax error at s_axi_awaddr
"/home/ICer/work/vivado/ahb_matrix/ahb_matrix.ip_user_files/bd/ahb_axi_matrix/ip/ahb_axi_matrix_axi_ahblite_bridge_1_0/sim/ahb_axi_matrix_axi_ahblite_bridge_1_0.vhd", 135: 

*Error* Syntax error at s_axi_awprot
"/home/ICer/work/vivado/ahb_matrix/ahb_matrix.ip_user_files/bd/ahb_axi_matrix/ip/ahb_axi_matrix_axi_ahblite_bridge_1_0/sim/ahb_axi_matrix_axi_ahblite_bridge_1_0.vhd", 136: 

*Error* Syntax error at s_axi_awvalid
"/home/ICer/work/vivado/ahb_matrix/ahb_matrix.ip_user_files/bd/ahb_axi_matrix/ip/ahb_axi_matrix_axi_ahblite_bridge_1_0/sim/ahb_axi_matrix_axi_ahblite_bridge_1_0.vhd", 137: 

*Error* Syntax error at s_axi_awready
"/home/ICer/work/vivado/ahb_matrix/ahb_matrix.ip_user_files/bd/ahb_axi_matrix/ip/ahb_axi_matrix_axi_ahblite_bridge_1_0/sim/ahb_axi_matrix_axi_ahblite_bridge_1_0.vhd", 138: 

*Error* Syntax error at s_axi_awlock
"/home/ICer/work/vivado/ahb_matrix/ahb_matrix.ip_user_files/bd/ahb_axi_matrix/ip/ahb_axi_matrix_axi_ahblite_bridge_1_0/sim/ahb_axi_matrix_axi_ahblite_bridge_1_0.vhd", 139: 

*Error* Syntax error at s_axi_wdata
"/home/ICer/work/vivado/ahb_matrix/ahb_matrix.ip_user_files/bd/ahb_axi_matrix/ip/ahb_axi_matrix_axi_ahblite_bridge_1_0/sim/ahb_axi_matrix_axi_ahblite_bridge_1_0.vhd", 140: 

*Error* Syntax error at s_axi_wstrb
"/home/ICer/work/vivado/ahb_matrix/ahb_matrix.ip_user_files/bd/ahb_axi_matrix/ip/ahb_axi_matrix_axi_ahblite_bridge_1_0/sim/ahb_axi_matrix_axi_ahblite_bridge_1_0.vhd", 141: 

*Error* Syntax error at s_axi_wlast
"/home/ICer/work/vivado/ahb_matrix/ahb_matrix.ip_user_files/bd/ahb_axi_matrix/ip/ahb_axi_matrix_axi_ahblite_bridge_1_0/sim/ahb_axi_matrix_axi_ahblite_bridge_1_0.vhd", 142: 

*Error* Syntax error at s_axi_wvalid
"/home/ICer/work/vivado/ahb_matrix/ahb_matrix.ip_user_files/bd/ahb_axi_matrix/ip/ahb_axi_matrix_axi_ahblite_bridge_1_0/sim/ahb_axi_matrix_axi_ahblite_bridge_1_0.vhd", 143: 

*Error* Syntax error at s_axi_wready
"/home/ICer/work/vivado/ahb_matrix/ahb_matrix.ip_user_files/bd/ahb_axi_matrix/ip/ahb_axi_matrix_axi_ahblite_bridge_1_0/sim/ahb_axi_matrix_axi_ahblite_bridge_1_0.vhd", 144: 

*Error* Syntax error at s_axi_bid
"/home/ICer/work/vivado/ahb_matrix/ahb_matrix.ip_user_files/bd/ahb_axi_matrix/ip/ahb_axi_matrix_axi_ahblite_bridge_1_0/sim/ahb_axi_matrix_axi_ahblite_bridge_1_0.vhd", 145: 

*Error* Syntax error at s_axi_bresp
"/home/ICer/work/vivado/ahb_matrix/ahb_matrix.ip_user_files/bd/ahb_axi_matrix/ip/ahb_axi_matrix_axi_ahblite_bridge_1_0/sim/ahb_axi_matrix_axi_ahblite_bridge_1_0.vhd", 146: 

*Error* Syntax error at s_axi_bvalid
"/home/ICer/work/vivado/ahb_matrix/ahb_matrix.ip_user_files/bd/ahb_axi_matrix/ip/ahb_axi_matrix_axi_ahblite_bridge_1_0/sim/ahb_axi_matrix_axi_ahblite_bridge_1_0.vhd", 147: 

*Error* Syntax error at s_axi_bready
"/home/ICer/work/vivado/ahb_matrix/ahb_matrix.ip_user_files/bd/ahb_axi_matrix/ip/ahb_axi_matrix_axi_ahblite_bridge_1_0/sim/ahb_axi_matrix_axi_ahblite_bridge_1_0.vhd", 148: 

*Error* Syntax error at s_axi_arid
"/home/ICer/work/vivado/ahb_matrix/ahb_matrix.ip_user_files/bd/ahb_axi_matrix/ip/ahb_axi_matrix_axi_ahblite_bridge_1_0/sim/ahb_axi_matrix_axi_ahblite_bridge_1_0.vhd", 149: 

*Error* Syntax error at s_axi_araddr
"/home/ICer/work/vivado/ahb_matrix/ahb_matrix.ip_user_files/bd/ahb_axi_matrix/ip/ahb_axi_matrix_axi_ahblite_bridge_1_0/sim/ahb_axi_matrix_axi_ahblite_bridge_1_0.vhd", 150: 

*Error* Syntax error at s_axi_arprot
"/home/ICer/work/vivado/ahb_matrix/ahb_matrix.ip_user_files/bd/ahb_axi_matrix/ip/ahb_axi_matrix_axi_ahblite_bridge_1_0/sim/ahb_axi_matrix_axi_ahblite_bridge_1_0.vhd", 151: 

*Error* Syntax error at s_axi_arcache
"/home/ICer/work/vivado/ahb_matrix/ahb_matrix.ip_user_files/bd/ahb_axi_matrix/ip/ahb_axi_matrix_axi_ahblite_bridge_1_0/sim/ahb_axi_matrix_axi_ahblite_bridge_1_0.vhd", 152: 

*Error* Syntax error at s_axi_arvalid
"/home/ICer/work/vivado/ahb_matrix/ahb_matrix.ip_user_files/bd/ahb_axi_matrix/ip/ahb_axi_matrix_axi_ahblite_bridge_1_0/sim/ahb_axi_matrix_axi_ahblite_bridge_1_0.vhd", 153: 

*Error* Syntax error at s_axi_arlen
"/home/ICer/work/vivado/ahb_matrix/ahb_matrix.ip_user_files/bd/ahb_axi_matrix/ip/ahb_axi_matrix_axi_ahblite_bridge_1_0/sim/ahb_axi_matrix_axi_ahblite_bridge_1_0.vhd", 154: 

*Error* Syntax error at s_axi_arsize
"/home/ICer/work/vivado/ahb_matrix/ahb_matrix.ip_user_files/bd/ahb_axi_matrix/ip/ahb_axi_matrix_axi_ahblite_bridge_1_0/sim/ahb_axi_matrix_axi_ahblite_bridge_1_0.vhd", 155: 

*Error* Syntax error at s_axi_arburst
"/home/ICer/work/vivado/ahb_matrix/ahb_matrix.ip_user_files/bd/ahb_axi_matrix/ip/ahb_axi_matrix_axi_ahblite_bridge_1_0/sim/ahb_axi_matrix_axi_ahblite_bridge_1_0.vhd", 156: 

*Error* Syntax error at s_axi_arlock
"/home/ICer/work/vivado/ahb_matrix/ahb_matrix.ip_user_files/bd/ahb_axi_matrix/ip/ahb_axi_matrix_axi_ahblite_bridge_1_0/sim/ahb_axi_matrix_axi_ahblite_bridge_1_0.vhd", 157: 

*Error* Syntax error at s_axi_arready
"/home/ICer/work/vivado/ahb_matrix/ahb_matrix.ip_user_files/bd/ahb_axi_matrix/ip/ahb_axi_matrix_axi_ahblite_bridge_1_0/sim/ahb_axi_matrix_axi_ahblite_bridge_1_0.vhd", 158: 

*Error* Syntax error at s_axi_rid
"/home/ICer/work/vivado/ahb_matrix/ahb_matrix.ip_user_files/bd/ahb_axi_matrix/ip/ahb_axi_matrix_axi_ahblite_bridge_1_0/sim/ahb_axi_matrix_axi_ahblite_bridge_1_0.vhd", 159: 

*Error* Syntax error at s_axi_rdata
"/home/ICer/work/vivado/ahb_matrix/ahb_matrix.ip_user_files/bd/ahb_axi_matrix/ip/ahb_axi_matrix_axi_ahblite_bridge_1_0/sim/ahb_axi_matrix_axi_ahblite_bridge_1_0.vhd", 160: 

*Error* Syntax error at s_axi_rresp
"/home/ICer/work/vivado/ahb_matrix/ahb_matrix.ip_user_files/bd/ahb_axi_matrix/ip/ahb_axi_matrix_axi_ahblite_bridge_1_0/sim/ahb_axi_matrix_axi_ahblite_bridge_1_0.vhd", 161: 

*Error* Syntax error at s_axi_rvalid
"/home/ICer/work/vivado/ahb_matrix/ahb_matrix.ip_user_files/bd/ahb_axi_matrix/ip/ahb_axi_matrix_axi_ahblite_bridge_1_0/sim/ahb_axi_matrix_axi_ahblite_bridge_1_0.vhd", 162: 

*Error* Syntax error at s_axi_rlast
"/home/ICer/work/vivado/ahb_matrix/ahb_matrix.ip_user_files/bd/ahb_axi_matrix/ip/ahb_axi_matrix_axi_ahblite_bridge_1_0/sim/ahb_axi_matrix_axi_ahblite_bridge_1_0.vhd", 163: 

*Error* Syntax error at s_axi_rready
"/home/ICer/work/vivado/ahb_matrix/ahb_matrix.ip_user_files/bd/ahb_axi_matrix/ip/ahb_axi_matrix_axi_ahblite_bridge_1_0/sim/ahb_axi_matrix_axi_ahblite_bridge_1_0.vhd", 164: 

*Error* Syntax error at m_ahb_haddr
"/home/ICer/work/vivado/ahb_matrix/ahb_matrix.ip_user_files/bd/ahb_axi_matrix/ip/ahb_axi_matrix_axi_ahblite_bridge_1_0/sim/ahb_axi_matrix_axi_ahblite_bridge_1_0.vhd", 165: 

*Error* Syntax error at m_ahb_hwrite
"/home/ICer/work/vivado/ahb_matrix/ahb_matrix.ip_user_files/bd/ahb_axi_matrix/ip/ahb_axi_matrix_axi_ahblite_bridge_1_0/sim/ahb_axi_matrix_axi_ahblite_bridge_1_0.vhd", 166: 

*Error* Syntax error at m_ahb_hsize
"/home/ICer/work/vivado/ahb_matrix/ahb_matrix.ip_user_files/bd/ahb_axi_matrix/ip/ahb_axi_matrix_axi_ahblite_bridge_1_0/sim/ahb_axi_matrix_axi_ahblite_bridge_1_0.vhd", 167: 

*Error* Syntax error at m_ahb_hburst
"/home/ICer/work/vivado/ahb_matrix/ahb_matrix.ip_user_files/bd/ahb_axi_matrix/ip/ahb_axi_matrix_axi_ahblite_bridge_1_0/sim/ahb_axi_matrix_axi_ahblite_bridge_1_0.vhd", 168: 

*Error* Syntax error at m_ahb_hprot
"/home/ICer/work/vivado/ahb_matrix/ahb_matrix.ip_user_files/bd/ahb_axi_matrix/ip/ahb_axi_matrix_axi_ahblite_bridge_1_0/sim/ahb_axi_matrix_axi_ahblite_bridge_1_0.vhd", 169: 

*Error* Syntax error at m_ahb_htrans
"/home/ICer/work/vivado/ahb_matrix/ahb_matrix.ip_user_files/bd/ahb_axi_matrix/ip/ahb_axi_matrix_axi_ahblite_bridge_1_0/sim/ahb_axi_matrix_axi_ahblite_bridge_1_0.vhd", 170: 

*Error* Syntax error at m_ahb_hmastlock
"/home/ICer/work/vivado/ahb_matrix/ahb_matrix.ip_user_files/bd/ahb_axi_matrix/ip/ahb_axi_matrix_axi_ahblite_bridge_1_0/sim/ahb_axi_matrix_axi_ahblite_bridge_1_0.vhd", 171: 

*Error* Syntax error at m_ahb_hwdata
"/home/ICer/work/vivado/ahb_matrix/ahb_matrix.ip_user_files/bd/ahb_axi_matrix/ip/ahb_axi_matrix_axi_ahblite_bridge_1_0/sim/ahb_axi_matrix_axi_ahblite_bridge_1_0.vhd", 172: 

*Error* Syntax error at m_ahb_hready
"/home/ICer/work/vivado/ahb_matrix/ahb_matrix.ip_user_files/bd/ahb_axi_matrix/ip/ahb_axi_matrix_axi_ahblite_bridge_1_0/sim/ahb_axi_matrix_axi_ahblite_bridge_1_0.vhd", 173: 

*Error* Syntax error at m_ahb_hrdata
"/home/ICer/work/vivado/ahb_matrix/ahb_matrix.ip_user_files/bd/ahb_axi_matrix/ip/ahb_axi_matrix_axi_ahblite_bridge_1_0/sim/ahb_axi_matrix_axi_ahblite_bridge_1_0.vhd", 174: 

*Error* Syntax error at m_ahb_hresp
"/home/ICer/work/vivado/ahb_matrix/ahb_matrix.ip_user_files/bd/ahb_axi_matrix/ip/ahb_axi_matrix_axi_ahblite_bridge_1_0/sim/ahb_axi_matrix_axi_ahblite_bridge_1_0.vhd", 175: 

*Error* Syntax error at )
"/home/ICer/work/vivado/ahb_matrix/ahb_matrix.ip_user_files/bd/ahb_axi_matrix/ip/ahb_axi_matrix_axi_ahblite_bridge_1_0/sim/ahb_axi_matrix_axi_ahblite_bridge_1_0.vhd", 176: 

*Error* Syntax error at END
"/home/ICer/work/vivado/ahb_matrix/ahb_matrix.ip_user_files/bd/ahb_axi_matrix/ip/ahb_axi_matrix_axi_ahblite_bridge_1_0/sim/ahb_axi_matrix_axi_ahblite_bridge_1_0.vhd", 177: 

*Error* Syntax error at ATTRIBUTE
"/home/ICer/work/vivado/ahb_matrix/ahb_matrix.ip_user_files/bd/ahb_axi_matrix/ip/ahb_axi_matrix_axi_ahblite_bridge_1_0/sim/ahb_axi_matrix_axi_ahblite_bridge_1_0.vhd", 178: 

*Error* Syntax error at ATTRIBUTE
"/home/ICer/work/vivado/ahb_matrix/ahb_matrix.ip_user_files/bd/ahb_axi_matrix/ip/ahb_axi_matrix_axi_ahblite_bridge_1_0/sim/ahb_axi_matrix_axi_ahblite_bridge_1_0.vhd", 179: 

*Error* Syntax error at ATTRIBUTE
"/home/ICer/work/vivado/ahb_matrix/ahb_matrix.ip_user_files/bd/ahb_axi_matrix/ip/ahb_axi_matrix_axi_ahblite_bridge_1_0/sim/ahb_axi_matrix_axi_ahblite_bridge_1_0.vhd", 180: 

*Error* Syntax error at ATTRIBUTE
"/home/ICer/work/vivado/ahb_matrix/ahb_matrix.ip_user_files/bd/ahb_axi_matrix/ip/ahb_axi_matrix_axi_ahblite_bridge_1_0/sim/ahb_axi_matrix_axi_ahblite_bridge_1_0.vhd", 181: 

*Error* Syntax error at ATTRIBUTE
"/home/ICer/work/vivado/ahb_matrix/ahb_matrix.ip_user_files/bd/ahb_axi_matrix/ip/ahb_axi_matrix_axi_ahblite_bridge_1_0/sim/ahb_axi_matrix_axi_ahblite_bridge_1_0.vhd", 182: 

*Error* Syntax error at ATTRIBUTE
"/home/ICer/work/vivado/ahb_matrix/ahb_matrix.ip_user_files/bd/ahb_axi_matrix/ip/ahb_axi_matrix_axi_ahblite_bridge_1_0/sim/ahb_axi_matrix_axi_ahblite_bridge_1_0.vhd", 183: 

*Error* Syntax error at ATTRIBUTE
"/home/ICer/work/vivado/ahb_matrix/ahb_matrix.ip_user_files/bd/ahb_axi_matrix/ip/ahb_axi_matrix_axi_ahblite_bridge_1_0/sim/ahb_axi_matrix_axi_ahblite_bridge_1_0.vhd", 184: 

*Error* Syntax error at ATTRIBUTE
"/home/ICer/work/vivado/ahb_matrix/ahb_matrix.ip_user_files/bd/ahb_axi_matrix/ip/ahb_axi_matrix_axi_ahblite_bridge_1_0/sim/ahb_axi_matrix_axi_ahblite_bridge_1_0.vhd", 185: 

*Error* Syntax error at ATTRIBUTE
"/home/ICer/work/vivado/ahb_matrix/ahb_matrix.ip_user_files/bd/ahb_axi_matrix/ip/ahb_axi_matrix_axi_ahblite_bridge_1_0/sim/ahb_axi_matrix_axi_ahblite_bridge_1_0.vhd", 186: 

*Error* Syntax error at ATTRIBUTE
"/home/ICer/work/vivado/ahb_matrix/ahb_matrix.ip_user_files/bd/ahb_axi_matrix/ip/ahb_axi_matrix_axi_ahblite_bridge_1_0/sim/ahb_axi_matrix_axi_ahblite_bridge_1_0.vhd", 187: 

*Error* Syntax error at ATTRIBUTE
"/home/ICer/work/vivado/ahb_matrix/ahb_matrix.ip_user_files/bd/ahb_axi_matrix/ip/ahb_axi_matrix_axi_ahblite_bridge_1_0/sim/ahb_axi_matrix_axi_ahblite_bridge_1_0.vhd", 188: 

*Error* Syntax error at ATTRIBUTE
"/home/ICer/work/vivado/ahb_matrix/ahb_matrix.ip_user_files/bd/ahb_axi_matrix/ip/ahb_axi_matrix_axi_ahblite_bridge_1_0/sim/ahb_axi_matrix_axi_ahblite_bridge_1_0.vhd", 189: 

*Error* Syntax error at ATTRIBUTE
"/home/ICer/work/vivado/ahb_matrix/ahb_matrix.ip_user_files/bd/ahb_axi_matrix/ip/ahb_axi_matrix_axi_ahblite_bridge_1_0/sim/ahb_axi_matrix_axi_ahblite_bridge_1_0.vhd", 190: 

*Error* Syntax error at ATTRIBUTE
"/home/ICer/work/vivado/ahb_matrix/ahb_matrix.ip_user_files/bd/ahb_axi_matrix/ip/ahb_axi_matrix_axi_ahblite_bridge_1_0/sim/ahb_axi_matrix_axi_ahblite_bridge_1_0.vhd", 191: 

*Error* Syntax error at ATTRIBUTE
"/home/ICer/work/vivado/ahb_matrix/ahb_matrix.ip_user_files/bd/ahb_axi_matrix/ip/ahb_axi_matrix_axi_ahblite_bridge_1_0/sim/ahb_axi_matrix_axi_ahblite_bridge_1_0.vhd", 192: 

*Error* Syntax error at ATTRIBUTE
"/home/ICer/work/vivado/ahb_matrix/ahb_matrix.ip_user_files/bd/ahb_axi_matrix/ip/ahb_axi_matrix_axi_ahblite_bridge_1_0/sim/ahb_axi_matrix_axi_ahblite_bridge_1_0.vhd", 193: 

*Error* Syntax error at ATTRIBUTE
"/home/ICer/work/vivado/ahb_matrix/ahb_matrix.ip_user_files/bd/ahb_axi_matrix/ip/ahb_axi_matrix_axi_ahblite_bridge_1_0/sim/ahb_axi_matrix_axi_ahblite_bridge_1_0.vhd", 194: 

*Error* Syntax error at ATTRIBUTE
"/home/ICer/work/vivado/ahb_matrix/ahb_matrix.ip_user_files/bd/ahb_axi_matrix/ip/ahb_axi_matrix_axi_ahblite_bridge_1_0/sim/ahb_axi_matrix_axi_ahblite_bridge_1_0.vhd", 195: 

*Error* Syntax error at ATTRIBUTE
"/home/ICer/work/vivado/ahb_matrix/ahb_matrix.ip_user_files/bd/ahb_axi_matrix/ip/ahb_axi_matrix_axi_ahblite_bridge_1_0/sim/ahb_axi_matrix_axi_ahblite_bridge_1_0.vhd", 196: 

*Error* Syntax error at ATTRIBUTE
"/home/ICer/work/vivado/ahb_matrix/ahb_matrix.ip_user_files/bd/ahb_axi_matrix/ip/ahb_axi_matrix_axi_ahblite_bridge_1_0/sim/ahb_axi_matrix_axi_ahblite_bridge_1_0.vhd", 197: 

*Error* Syntax error at ATTRIBUTE
"/home/ICer/work/vivado/ahb_matrix/ahb_matrix.ip_user_files/bd/ahb_axi_matrix/ip/ahb_axi_matrix_axi_ahblite_bridge_1_0/sim/ahb_axi_matrix_axi_ahblite_bridge_1_0.vhd", 198: 

*Error* Syntax error at ATTRIBUTE
"/home/ICer/work/vivado/ahb_matrix/ahb_matrix.ip_user_files/bd/ahb_axi_matrix/ip/ahb_axi_matrix_axi_ahblite_bridge_1_0/sim/ahb_axi_matrix_axi_ahblite_bridge_1_0.vhd", 199: 

*Error* Syntax error at ATTRIBUTE
"/home/ICer/work/vivado/ahb_matrix/ahb_matrix.ip_user_files/bd/ahb_axi_matrix/ip/ahb_axi_matrix_axi_ahblite_bridge_1_0/sim/ahb_axi_matrix_axi_ahblite_bridge_1_0.vhd", 200: 

*Error* Syntax error at ATTRIBUTE
"/home/ICer/work/vivado/ahb_matrix/ahb_matrix.ip_user_files/bd/ahb_axi_matrix/ip/ahb_axi_matrix_axi_ahblite_bridge_1_0/sim/ahb_axi_matrix_axi_ahblite_bridge_1_0.vhd", 201: 

*Error* Syntax error at ATTRIBUTE
"/home/ICer/work/vivado/ahb_matrix/ahb_matrix.ip_user_files/bd/ahb_axi_matrix/ip/ahb_axi_matrix_axi_ahblite_bridge_1_0/sim/ahb_axi_matrix_axi_ahblite_bridge_1_0.vhd", 202: 

*Error* Syntax error at ATTRIBUTE
"/home/ICer/work/vivado/ahb_matrix/ahb_matrix.ip_user_files/bd/ahb_axi_matrix/ip/ahb_axi_matrix_axi_ahblite_bridge_1_0/sim/ahb_axi_matrix_axi_ahblite_bridge_1_0.vhd", 203: 

*Error* Syntax error at ATTRIBUTE
"/home/ICer/work/vivado/ahb_matrix/ahb_matrix.ip_user_files/bd/ahb_axi_matrix/ip/ahb_axi_matrix_axi_ahblite_bridge_1_0/sim/ahb_axi_matrix_axi_ahblite_bridge_1_0.vhd", 204: 

*Error* Syntax error at ATTRIBUTE
"/home/ICer/work/vivado/ahb_matrix/ahb_matrix.ip_user_files/bd/ahb_axi_matrix/ip/ahb_axi_matrix_axi_ahblite_bridge_1_0/sim/ahb_axi_matrix_axi_ahblite_bridge_1_0.vhd", 205: 

*Error* Syntax error at ATTRIBUTE
"/home/ICer/work/vivado/ahb_matrix/ahb_matrix.ip_user_files/bd/ahb_axi_matrix/ip/ahb_axi_matrix_axi_ahblite_bridge_1_0/sim/ahb_axi_matrix_axi_ahblite_bridge_1_0.vhd", 206: 

*Error* Syntax error at ATTRIBUTE
"/home/ICer/work/vivado/ahb_matrix/ahb_matrix.ip_user_files/bd/ahb_axi_matrix/ip/ahb_axi_matrix_axi_ahblite_bridge_1_0/sim/ahb_axi_matrix_axi_ahblite_bridge_1_0.vhd", 207: 

*Error* Syntax error at ATTRIBUTE
"/home/ICer/work/vivado/ahb_matrix/ahb_matrix.ip_user_files/bd/ahb_axi_matrix/ip/ahb_axi_matrix_axi_ahblite_bridge_1_0/sim/ahb_axi_matrix_axi_ahblite_bridge_1_0.vhd", 208: 

*Error* Syntax error at ATTRIBUTE
"/home/ICer/work/vivado/ahb_matrix/ahb_matrix.ip_user_files/bd/ahb_axi_matrix/ip/ahb_axi_matrix_axi_ahblite_bridge_1_0/sim/ahb_axi_matrix_axi_ahblite_bridge_1_0.vhd", 209: 

*Error* Syntax error at ATTRIBUTE
"/home/ICer/work/vivado/ahb_matrix/ahb_matrix.ip_user_files/bd/ahb_axi_matrix/ip/ahb_axi_matrix_axi_ahblite_bridge_1_0/sim/ahb_axi_matrix_axi_ahblite_bridge_1_0.vhd", 210: 

*Error* Syntax error at ATTRIBUTE
"/home/ICer/work/vivado/ahb_matrix/ahb_matrix.ip_user_files/bd/ahb_axi_matrix/ip/ahb_axi_matrix_axi_ahblite_bridge_1_0/sim/ahb_axi_matrix_axi_ahblite_bridge_1_0.vhd", 211: 

*Error* Syntax error at ATTRIBUTE
"/home/ICer/work/vivado/ahb_matrix/ahb_matrix.ip_user_files/bd/ahb_axi_matrix/ip/ahb_axi_matrix_axi_ahblite_bridge_1_0/sim/ahb_axi_matrix_axi_ahblite_bridge_1_0.vhd", 212: 

*Error* Syntax error at ATTRIBUTE
"/home/ICer/work/vivado/ahb_matrix/ahb_matrix.ip_user_files/bd/ahb_axi_matrix/ip/ahb_axi_matrix_axi_ahblite_bridge_1_0/sim/ahb_axi_matrix_axi_ahblite_bridge_1_0.vhd", 213: 

*Error* Syntax error at ATTRIBUTE
"/home/ICer/work/vivado/ahb_matrix/ahb_matrix.ip_user_files/bd/ahb_axi_matrix/ip/ahb_axi_matrix_axi_ahblite_bridge_1_0/sim/ahb_axi_matrix_axi_ahblite_bridge_1_0.vhd", 214: 

*Error* Syntax error at ATTRIBUTE
"/home/ICer/work/vivado/ahb_matrix/ahb_matrix.ip_user_files/bd/ahb_axi_matrix/ip/ahb_axi_matrix_axi_ahblite_bridge_1_0/sim/ahb_axi_matrix_axi_ahblite_bridge_1_0.vhd", 215: 

*Error* Syntax error at ATTRIBUTE
"/home/ICer/work/vivado/ahb_matrix/ahb_matrix.ip_user_files/bd/ahb_axi_matrix/ip/ahb_axi_matrix_axi_ahblite_bridge_1_0/sim/ahb_axi_matrix_axi_ahblite_bridge_1_0.vhd", 216: 

*Error* Syntax error at ATTRIBUTE
"/home/ICer/work/vivado/ahb_matrix/ahb_matrix.ip_user_files/bd/ahb_axi_matrix/ip/ahb_axi_matrix_axi_ahblite_bridge_1_0/sim/ahb_axi_matrix_axi_ahblite_bridge_1_0.vhd", 217: 

*Error* Syntax error at ATTRIBUTE
"/home/ICer/work/vivado/ahb_matrix/ahb_matrix.ip_user_files/bd/ahb_axi_matrix/ip/ahb_axi_matrix_axi_ahblite_bridge_1_0/sim/ahb_axi_matrix_axi_ahblite_bridge_1_0.vhd", 218: 

*Error* Syntax error at ATTRIBUTE
"/home/ICer/work/vivado/ahb_matrix/ahb_matrix.ip_user_files/bd/ahb_axi_matrix/ip/ahb_axi_matrix_axi_ahblite_bridge_1_0/sim/ahb_axi_matrix_axi_ahblite_bridge_1_0.vhd", 219: 

*Error* Syntax error at ATTRIBUTE
"/home/ICer/work/vivado/ahb_matrix/ahb_matrix.ip_user_files/bd/ahb_axi_matrix/ip/ahb_axi_matrix_axi_ahblite_bridge_1_0/sim/ahb_axi_matrix_axi_ahblite_bridge_1_0.vhd", 220: 

*Error* Syntax error at ATTRIBUTE
"/home/ICer/work/vivado/ahb_matrix/ahb_matrix.ip_user_files/bd/ahb_axi_matrix/ip/ahb_axi_matrix_axi_ahblite_bridge_1_0/sim/ahb_axi_matrix_axi_ahblite_bridge_1_0.vhd", 221: 

*Error* Syntax error at ATTRIBUTE
"/home/ICer/work/vivado/ahb_matrix/ahb_matrix.ip_user_files/bd/ahb_axi_matrix/ip/ahb_axi_matrix_axi_ahblite_bridge_1_0/sim/ahb_axi_matrix_axi_ahblite_bridge_1_0.vhd", 222: 

*Error* Syntax error at ATTRIBUTE
"/home/ICer/work/vivado/ahb_matrix/ahb_matrix.ip_user_files/bd/ahb_axi_matrix/ip/ahb_axi_matrix_axi_ahblite_bridge_1_0/sim/ahb_axi_matrix_axi_ahblite_bridge_1_0.vhd", 223: 

*Error* Syntax error at ATTRIBUTE
"/home/ICer/work/vivado/ahb_matrix/ahb_matrix.ip_user_files/bd/ahb_axi_matrix/ip/ahb_axi_matrix_axi_ahblite_bridge_1_0/sim/ahb_axi_matrix_axi_ahblite_bridge_1_0.vhd", 224: 

*Error* Syntax error at ATTRIBUTE
"/home/ICer/work/vivado/ahb_matrix/ahb_matrix.ip_user_files/bd/ahb_axi_matrix/ip/ahb_axi_matrix_axi_ahblite_bridge_1_0/sim/ahb_axi_matrix_axi_ahblite_bridge_1_0.vhd", 225: 

*Error* Syntax error at "D_THREADS 1, NUM_WRITE_THREADS 1, RUSER_BITS_PER_BYTE 0, WUSER_BITS_PER_BYTE 0, INSERT_VIP 0"
"/home/ICer/work/vivado/ahb_matrix/ahb_matrix.ip_user_files/bd/ahb_axi_matrix/ip/ahb_axi_matrix_axi_ahblite_bridge_1_0/sim/ahb_axi_matrix_axi_ahblite_bridge_1_0.vhd", 226: 

*Error* Syntax error at ATTRIBUTE
"/home/ICer/work/vivado/ahb_matrix/ahb_matrix.ip_user_files/bd/ahb_axi_matrix/ip/ahb_axi_matrix_axi_ahblite_bridge_1_0/sim/ahb_axi_matrix_axi_ahblite_bridge_1_0.vhd", 227: 

*Error* Syntax error at ATTRIBUTE
"/home/ICer/work/vivado/ahb_matrix/ahb_matrix.ip_user_files/bd/ahb_axi_matrix/ip/ahb_axi_matrix_axi_ahblite_bridge_1_0/sim/ahb_axi_matrix_axi_ahblite_bridge_1_0.vhd", 228: 

*Error* Syntax error at ATTRIBUTE
"/home/ICer/work/vivado/ahb_matrix/ahb_matrix.ip_user_files/bd/ahb_axi_matrix/ip/ahb_axi_matrix_axi_ahblite_bridge_1_0/sim/ahb_axi_matrix_axi_ahblite_bridge_1_0.vhd", 229: 

*Error* Syntax error at ATTRIBUTE
"/home/ICer/work/vivado/ahb_matrix/ahb_matrix.ip_user_files/bd/ahb_axi_matrix/ip/ahb_axi_matrix_axi_ahblite_bridge_1_0/sim/ahb_axi_matrix_axi_ahblite_bridge_1_0.vhd", 230: 

*Error* Syntax error at ATTRIBUTE
"/home/ICer/work/vivado/ahb_matrix/ahb_matrix.ip_user_files/bd/ahb_axi_matrix/ip/ahb_axi_matrix_axi_ahblite_bridge_1_0/sim/ahb_axi_matrix_axi_ahblite_bridge_1_0.vhd", 231: 

*Error* Syntax error at BEGIN
"/home/ICer/work/vivado/ahb_matrix/ahb_matrix.ip_user_files/bd/ahb_axi_matrix/ip/ahb_axi_matrix_axi_ahblite_bridge_1_0/sim/ahb_axi_matrix_axi_ahblite_bridge_1_0.vhd", 232: 

*Error* Syntax error at U0
"/home/ICer/work/vivado/ahb_matrix/ahb_matrix.ip_user_files/bd/ahb_axi_matrix/ip/ahb_axi_matrix_axi_ahblite_bridge_1_0/sim/ahb_axi_matrix_axi_ahblite_bridge_1_0.vhd", 233: 

*Error* Syntax error at GENERIC
"/home/ICer/work/vivado/ahb_matrix/ahb_matrix.ip_user_files/bd/ahb_axi_matrix/ip/ahb_axi_matrix_axi_ahblite_bridge_1_0/sim/ahb_axi_matrix_axi_ahblite_bridge_1_0.vhd", 234: 

*Error* Syntax error at C_FAMILY
"/home/ICer/work/vivado/ahb_matrix/ahb_matrix.ip_user_files/bd/ahb_axi_matrix/ip/ahb_axi_matrix_axi_ahblite_bridge_1_0/sim/ahb_axi_matrix_axi_ahblite_bridge_1_0.vhd", 235: 

*Error* Syntax error at C_INSTANCE
"/home/ICer/work/vivado/ahb_matrix/ahb_matrix.ip_user_files/bd/ahb_axi_matrix/ip/ahb_axi_matrix_axi_ahblite_bridge_1_0/sim/ahb_axi_matrix_axi_ahblite_bridge_1_0.vhd", 236: 

*Error* Syntax error at C_S_AXI_ADDR_WIDTH
"/home/ICer/work/vivado/ahb_matrix/ahb_matrix.ip_user_files/bd/ahb_axi_matrix/ip/ahb_axi_matrix_axi_ahblite_bridge_1_0/sim/ahb_axi_matrix_axi_ahblite_bridge_1_0.vhd", 237: 

*Error* Syntax error at C_S_AXI_DATA_WIDTH
"/home/ICer/work/vivado/ahb_matrix/ahb_matrix.ip_user_files/bd/ahb_axi_matrix/ip/ahb_axi_matrix_axi_ahblite_bridge_1_0/sim/ahb_axi_matrix_axi_ahblite_bridge_1_0.vhd", 238: 

*Error* Syntax error at C_S_AXI_SUPPORTS_NARROW_BURST
"/home/ICer/work/vivado/ahb_matrix/ahb_matrix.ip_user_files/bd/ahb_axi_matrix/ip/ahb_axi_matrix_axi_ahblite_bridge_1_0/sim/ahb_axi_matrix_axi_ahblite_bridge_1_0.vhd", 239: 

*Error* Syntax error at C_S_AXI_ID_WIDTH
"/home/ICer/work/vivado/ahb_matrix/ahb_matrix.ip_user_files/bd/ahb_axi_matrix/ip/ahb_axi_matrix_axi_ahblite_bridge_1_0/sim/ahb_axi_matrix_axi_ahblite_bridge_1_0.vhd", 240: 

*Error* Syntax error at C_M_AHB_ADDR_WIDTH
"/home/ICer/work/vivado/ahb_matrix/ahb_matrix.ip_user_files/bd/ahb_axi_matrix/ip/ahb_axi_matrix_axi_ahblite_bridge_1_0/sim/ahb_axi_matrix_axi_ahblite_bridge_1_0.vhd", 241: 

*Error* Syntax error at C_M_AHB_DATA_WIDTH
"/home/ICer/work/vivado/ahb_matrix/ahb_matrix.ip_user_files/bd/ahb_axi_matrix/ip/ahb_axi_matrix_axi_ahblite_bridge_1_0/sim/ahb_axi_matrix_axi_ahblite_bridge_1_0.vhd", 242: 

*Error* Syntax error at C_DPHASE_TIMEOUT
"/home/ICer/work/vivado/ahb_matrix/ahb_matrix.ip_user_files/bd/ahb_axi_matrix/ip/ahb_axi_matrix_axi_ahblite_bridge_1_0/sim/ahb_axi_matrix_axi_ahblite_bridge_1_0.vhd", 243: 

*Error* Syntax error at )
"/home/ICer/work/vivado/ahb_matrix/ahb_matrix.ip_user_files/bd/ahb_axi_matrix/ip/ahb_axi_matrix_axi_ahblite_bridge_1_0/sim/ahb_axi_matrix_axi_ahblite_bridge_1_0.vhd", 244: 

*Error* Syntax error at PORT
"/home/ICer/work/vivado/ahb_matrix/ahb_matrix.ip_user_files/bd/ahb_axi_matrix/ip/ahb_axi_matrix_axi_ahblite_bridge_1_0/sim/ahb_axi_matrix_axi_ahblite_bridge_1_0.vhd", 245: 

*Error* Syntax error at s_axi_aclk
"/home/ICer/work/vivado/ahb_matrix/ahb_matrix.ip_user_files/bd/ahb_axi_matrix/ip/ahb_axi_matrix_axi_ahblite_bridge_1_0/sim/ahb_axi_matrix_axi_ahblite_bridge_1_0.vhd", 246: 

*Error* Syntax error at s_axi_aresetn
"/home/ICer/work/vivado/ahb_matrix/ahb_matrix.ip_user_files/bd/ahb_axi_matrix/ip/ahb_axi_matrix_axi_ahblite_bridge_1_0/sim/ahb_axi_matrix_axi_ahblite_bridge_1_0.vhd", 247: 

*Error* Syntax error at s_axi_awid
"/home/ICer/work/vivado/ahb_matrix/ahb_matrix.ip_user_files/bd/ahb_axi_matrix/ip/ahb_axi_matrix_axi_ahblite_bridge_1_0/sim/ahb_axi_matrix_axi_ahblite_bridge_1_0.vhd", 248: 

*Error* Syntax error at s_axi_awlen
"/home/ICer/work/vivado/ahb_matrix/ahb_matrix.ip_user_files/bd/ahb_axi_matrix/ip/ahb_axi_matrix_axi_ahblite_bridge_1_0/sim/ahb_axi_matrix_axi_ahblite_bridge_1_0.vhd", 249: 

*Error* Syntax error at s_axi_awsize
"/home/ICer/work/vivado/ahb_matrix/ahb_matrix.ip_user_files/bd/ahb_axi_matrix/ip/ahb_axi_matrix_axi_ahblite_bridge_1_0/sim/ahb_axi_matrix_axi_ahblite_bridge_1_0.vhd", 250: 

*Error* Syntax error at s_axi_awburst
"/home/ICer/work/vivado/ahb_matrix/ahb_matrix.ip_user_files/bd/ahb_axi_matrix/ip/ahb_axi_matrix_axi_ahblite_bridge_1_0/sim/ahb_axi_matrix_axi_ahblite_bridge_1_0.vhd", 251: 

*Error* Syntax error at s_axi_awcache
"/home/ICer/work/vivado/ahb_matrix/ahb_matrix.ip_user_files/bd/ahb_axi_matrix/ip/ahb_axi_matrix_axi_ahblite_bridge_1_0/sim/ahb_axi_matrix_axi_ahblite_bridge_1_0.vhd", 252: 

*Error* Syntax error at s_axi_awaddr
"/home/ICer/work/vivado/ahb_matrix/ahb_matrix.ip_user_files/bd/ahb_axi_matrix/ip/ahb_axi_matrix_axi_ahblite_bridge_1_0/sim/ahb_axi_matrix_axi_ahblite_bridge_1_0.vhd", 253: 

*Error* Syntax error at s_axi_awprot
"/home/ICer/work/vivado/ahb_matrix/ahb_matrix.ip_user_files/bd/ahb_axi_matrix/ip/ahb_axi_matrix_axi_ahblite_bridge_1_0/sim/ahb_axi_matrix_axi_ahblite_bridge_1_0.vhd", 254: 

*Error* Syntax error at s_axi_awvalid
"/home/ICer/work/vivado/ahb_matrix/ahb_matrix.ip_user_files/bd/ahb_axi_matrix/ip/ahb_axi_matrix_axi_ahblite_bridge_1_0/sim/ahb_axi_matrix_axi_ahblite_bridge_1_0.vhd", 255: 

*Error* Syntax error at s_axi_awready
"/home/ICer/work/vivado/ahb_matrix/ahb_matrix.ip_user_files/bd/ahb_axi_matrix/ip/ahb_axi_matrix_axi_ahblite_bridge_1_0/sim/ahb_axi_matrix_axi_ahblite_bridge_1_0.vhd", 256: 

*Error* Syntax error at s_axi_awlock
"/home/ICer/work/vivado/ahb_matrix/ahb_matrix.ip_user_files/bd/ahb_axi_matrix/ip/ahb_axi_matrix_axi_ahblite_bridge_1_0/sim/ahb_axi_matrix_axi_ahblite_bridge_1_0.vhd", 257: 

*Error* Syntax error at s_axi_wdata
"/home/ICer/work/vivado/ahb_matrix/ahb_matrix.ip_user_files/bd/ahb_axi_matrix/ip/ahb_axi_matrix_axi_ahblite_bridge_1_0/sim/ahb_axi_matrix_axi_ahblite_bridge_1_0.vhd", 258: 

*Error* Syntax error at s_axi_wstrb
"/home/ICer/work/vivado/ahb_matrix/ahb_matrix.ip_user_files/bd/ahb_axi_matrix/ip/ahb_axi_matrix_axi_ahblite_bridge_1_0/sim/ahb_axi_matrix_axi_ahblite_bridge_1_0.vhd", 259: 

*Error* Syntax error at s_axi_wlast
"/home/ICer/work/vivado/ahb_matrix/ahb_matrix.ip_user_files/bd/ahb_axi_matrix/ip/ahb_axi_matrix_axi_ahblite_bridge_1_0/sim/ahb_axi_matrix_axi_ahblite_bridge_1_0.vhd", 260: 

*Error* Syntax error at s_axi_wvalid
"/home/ICer/work/vivado/ahb_matrix/ahb_matrix.ip_user_files/bd/ahb_axi_matrix/ip/ahb_axi_matrix_axi_ahblite_bridge_1_0/sim/ahb_axi_matrix_axi_ahblite_bridge_1_0.vhd", 261: 

*Error* Syntax error at s_axi_wready
"/home/ICer/work/vivado/ahb_matrix/ahb_matrix.ip_user_files/bd/ahb_axi_matrix/ip/ahb_axi_matrix_axi_ahblite_bridge_1_0/sim/ahb_axi_matrix_axi_ahblite_bridge_1_0.vhd", 262: 

*Error* Syntax error at s_axi_bid
"/home/ICer/work/vivado/ahb_matrix/ahb_matrix.ip_user_files/bd/ahb_axi_matrix/ip/ahb_axi_matrix_axi_ahblite_bridge_1_0/sim/ahb_axi_matrix_axi_ahblite_bridge_1_0.vhd", 263: 

*Error* Syntax error at s_axi_bresp
"/home/ICer/work/vivado/ahb_matrix/ahb_matrix.ip_user_files/bd/ahb_axi_matrix/ip/ahb_axi_matrix_axi_ahblite_bridge_1_0/sim/ahb_axi_matrix_axi_ahblite_bridge_1_0.vhd", 264: 

*Error* Syntax error at s_axi_bvalid
"/home/ICer/work/vivado/ahb_matrix/ahb_matrix.ip_user_files/bd/ahb_axi_matrix/ip/ahb_axi_matrix_axi_ahblite_bridge_1_0/sim/ahb_axi_matrix_axi_ahblite_bridge_1_0.vhd", 265: 

*Error* Syntax error at s_axi_bready
"/home/ICer/work/vivado/ahb_matrix/ahb_matrix.ip_user_files/bd/ahb_axi_matrix/ip/ahb_axi_matrix_axi_ahblite_bridge_1_0/sim/ahb_axi_matrix_axi_ahblite_bridge_1_0.vhd", 266: 

*Error* Syntax error at s_axi_arid
"/home/ICer/work/vivado/ahb_matrix/ahb_matrix.ip_user_files/bd/ahb_axi_matrix/ip/ahb_axi_matrix_axi_ahblite_bridge_1_0/sim/ahb_axi_matrix_axi_ahblite_bridge_1_0.vhd", 267: 

*Error* Syntax error at s_axi_araddr
"/home/ICer/work/vivado/ahb_matrix/ahb_matrix.ip_user_files/bd/ahb_axi_matrix/ip/ahb_axi_matrix_axi_ahblite_bridge_1_0/sim/ahb_axi_matrix_axi_ahblite_bridge_1_0.vhd", 268: 

*Error* Syntax error at s_axi_arprot
"/home/ICer/work/vivado/ahb_matrix/ahb_matrix.ip_user_files/bd/ahb_axi_matrix/ip/ahb_axi_matrix_axi_ahblite_bridge_1_0/sim/ahb_axi_matrix_axi_ahblite_bridge_1_0.vhd", 269: 

*Error* Syntax error at s_axi_arcache
"/home/ICer/work/vivado/ahb_matrix/ahb_matrix.ip_user_files/bd/ahb_axi_matrix/ip/ahb_axi_matrix_axi_ahblite_bridge_1_0/sim/ahb_axi_matrix_axi_ahblite_bridge_1_0.vhd", 270: 

*Error* Syntax error at s_axi_arvalid
"/home/ICer/work/vivado/ahb_matrix/ahb_matrix.ip_user_files/bd/ahb_axi_matrix/ip/ahb_axi_matrix_axi_ahblite_bridge_1_0/sim/ahb_axi_matrix_axi_ahblite_bridge_1_0.vhd", 271: 

*Error* Syntax error at s_axi_arlen
"/home/ICer/work/vivado/ahb_matrix/ahb_matrix.ip_user_files/bd/ahb_axi_matrix/ip/ahb_axi_matrix_axi_ahblite_bridge_1_0/sim/ahb_axi_matrix_axi_ahblite_bridge_1_0.vhd", 272: 

*Error* Syntax error at s_axi_arsize
"/home/ICer/work/vivado/ahb_matrix/ahb_matrix.ip_user_files/bd/ahb_axi_matrix/ip/ahb_axi_matrix_axi_ahblite_bridge_1_0/sim/ahb_axi_matrix_axi_ahblite_bridge_1_0.vhd", 273: 

*Error* Syntax error at s_axi_arburst
"/home/ICer/work/vivado/ahb_matrix/ahb_matrix.ip_user_files/bd/ahb_axi_matrix/ip/ahb_axi_matrix_axi_ahblite_bridge_1_0/sim/ahb_axi_matrix_axi_ahblite_bridge_1_0.vhd", 274: 

*Error* Syntax error at s_axi_arlock
"/home/ICer/work/vivado/ahb_matrix/ahb_matrix.ip_user_files/bd/ahb_axi_matrix/ip/ahb_axi_matrix_axi_ahblite_bridge_1_0/sim/ahb_axi_matrix_axi_ahblite_bridge_1_0.vhd", 275: 

*Error* Syntax error at s_axi_arready
"/home/ICer/work/vivado/ahb_matrix/ahb_matrix.ip_user_files/bd/ahb_axi_matrix/ip/ahb_axi_matrix_axi_ahblite_bridge_1_0/sim/ahb_axi_matrix_axi_ahblite_bridge_1_0.vhd", 276: 

*Error* Syntax error at s_axi_rid
"/home/ICer/work/vivado/ahb_matrix/ahb_matrix.ip_user_files/bd/ahb_axi_matrix/ip/ahb_axi_matrix_axi_ahblite_bridge_1_0/sim/ahb_axi_matrix_axi_ahblite_bridge_1_0.vhd", 277: 

*Error* Syntax error at s_axi_rdata
"/home/ICer/work/vivado/ahb_matrix/ahb_matrix.ip_user_files/bd/ahb_axi_matrix/ip/ahb_axi_matrix_axi_ahblite_bridge_1_0/sim/ahb_axi_matrix_axi_ahblite_bridge_1_0.vhd", 278: 

*Error* Syntax error at s_axi_rresp
"/home/ICer/work/vivado/ahb_matrix/ahb_matrix.ip_user_files/bd/ahb_axi_matrix/ip/ahb_axi_matrix_axi_ahblite_bridge_1_0/sim/ahb_axi_matrix_axi_ahblite_bridge_1_0.vhd", 279: 

*Error* Syntax error at s_axi_rvalid
"/home/ICer/work/vivado/ahb_matrix/ahb_matrix.ip_user_files/bd/ahb_axi_matrix/ip/ahb_axi_matrix_axi_ahblite_bridge_1_0/sim/ahb_axi_matrix_axi_ahblite_bridge_1_0.vhd", 280: 

*Error* Syntax error at s_axi_rlast
"/home/ICer/work/vivado/ahb_matrix/ahb_matrix.ip_user_files/bd/ahb_axi_matrix/ip/ahb_axi_matrix_axi_ahblite_bridge_1_0/sim/ahb_axi_matrix_axi_ahblite_bridge_1_0.vhd", 281: 

*Error* Syntax error at s_axi_rready
"/home/ICer/work/vivado/ahb_matrix/ahb_matrix.ip_user_files/bd/ahb_axi_matrix/ip/ahb_axi_matrix_axi_ahblite_bridge_1_0/sim/ahb_axi_matrix_axi_ahblite_bridge_1_0.vhd", 282: 

*Error* Syntax error at m_ahb_haddr
"/home/ICer/work/vivado/ahb_matrix/ahb_matrix.ip_user_files/bd/ahb_axi_matrix/ip/ahb_axi_matrix_axi_ahblite_bridge_1_0/sim/ahb_axi_matrix_axi_ahblite_bridge_1_0.vhd", 283: 

*Error* Syntax error at m_ahb_hwrite
"/home/ICer/work/vivado/ahb_matrix/ahb_matrix.ip_user_files/bd/ahb_axi_matrix/ip/ahb_axi_matrix_axi_ahblite_bridge_1_0/sim/ahb_axi_matrix_axi_ahblite_bridge_1_0.vhd", 284: 

*Error* Syntax error at m_ahb_hsize
"/home/ICer/work/vivado/ahb_matrix/ahb_matrix.ip_user_files/bd/ahb_axi_matrix/ip/ahb_axi_matrix_axi_ahblite_bridge_1_0/sim/ahb_axi_matrix_axi_ahblite_bridge_1_0.vhd", 285: 

*Error* Syntax error at m_ahb_hburst
"/home/ICer/work/vivado/ahb_matrix/ahb_matrix.ip_user_files/bd/ahb_axi_matrix/ip/ahb_axi_matrix_axi_ahblite_bridge_1_0/sim/ahb_axi_matrix_axi_ahblite_bridge_1_0.vhd", 286: 

*Error* Syntax error at m_ahb_hprot
"/home/ICer/work/vivado/ahb_matrix/ahb_matrix.ip_user_files/bd/ahb_axi_matrix/ip/ahb_axi_matrix_axi_ahblite_bridge_1_0/sim/ahb_axi_matrix_axi_ahblite_bridge_1_0.vhd", 287: 

*Error* Syntax error at m_ahb_htrans
"/home/ICer/work/vivado/ahb_matrix/ahb_matrix.ip_user_files/bd/ahb_axi_matrix/ip/ahb_axi_matrix_axi_ahblite_bridge_1_0/sim/ahb_axi_matrix_axi_ahblite_bridge_1_0.vhd", 288: 

*Error* Syntax error at m_ahb_hmastlock
"/home/ICer/work/vivado/ahb_matrix/ahb_matrix.ip_user_files/bd/ahb_axi_matrix/ip/ahb_axi_matrix_axi_ahblite_bridge_1_0/sim/ahb_axi_matrix_axi_ahblite_bridge_1_0.vhd", 289: 

*Error* Syntax error at m_ahb_hwdata
"/home/ICer/work/vivado/ahb_matrix/ahb_matrix.ip_user_files/bd/ahb_axi_matrix/ip/ahb_axi_matrix_axi_ahblite_bridge_1_0/sim/ahb_axi_matrix_axi_ahblite_bridge_1_0.vhd", 290: 

*Error* Syntax error at m_ahb_hready
"/home/ICer/work/vivado/ahb_matrix/ahb_matrix.ip_user_files/bd/ahb_axi_matrix/ip/ahb_axi_matrix_axi_ahblite_bridge_1_0/sim/ahb_axi_matrix_axi_ahblite_bridge_1_0.vhd", 291: 

*Error* Syntax error at m_ahb_hrdata
"/home/ICer/work/vivado/ahb_matrix/ahb_matrix.ip_user_files/bd/ahb_axi_matrix/ip/ahb_axi_matrix_axi_ahblite_bridge_1_0/sim/ahb_axi_matrix_axi_ahblite_bridge_1_0.vhd", 292: 

*Error* Syntax error at m_ahb_hresp
"/home/ICer/work/vivado/ahb_matrix/ahb_matrix.ip_user_files/bd/ahb_axi_matrix/ip/ahb_axi_matrix_axi_ahblite_bridge_1_0/sim/ahb_axi_matrix_axi_ahblite_bridge_1_0.vhd", 293: 

*Error* Syntax error at )
"/home/ICer/work/vivado/ahb_matrix/ahb_matrix.ip_user_files/bd/ahb_axi_matrix/ip/ahb_axi_matrix_axi_ahblite_bridge_1_0/sim/ahb_axi_matrix_axi_ahblite_bridge_1_0.vhd", 294: 

*Error* Syntax error at END
"/home/ICer/work/vivado/ahb_matrix/ahb_matrix.ip_user_files/bd/ahb_axi_matrix/ip/ahb_axi_matrix_axi_ahblite_bridge_1_0/sim/ahb_axi_matrix_axi_ahblite_bridge_1_0.vhd", 295: 

*Error* Syntax error at --
"/home/ICer/work/vivado/ahb_matrix/ahb_matrix.ip_user_files/bd/ahb_axi_matrix/ip/ahb_axi_matrix_axi_ahblite_bridge_1_1/sim/ahb_axi_matrix_axi_ahblite_bridge_1_1.vhd", 1: 

*Error* Syntax error at --
"/home/ICer/work/vivado/ahb_matrix/ahb_matrix.ip_user_files/bd/ahb_axi_matrix/ip/ahb_axi_matrix_axi_ahblite_bridge_1_1/sim/ahb_axi_matrix_axi_ahblite_bridge_1_1.vhd", 2: 

*Error* Syntax error at --
"/home/ICer/work/vivado/ahb_matrix/ahb_matrix.ip_user_files/bd/ahb_axi_matrix/ip/ahb_axi_matrix_axi_ahblite_bridge_1_1/sim/ahb_axi_matrix_axi_ahblite_bridge_1_1.vhd", 3: 

*Error* Syntax error at --
"/home/ICer/work/vivado/ahb_matrix/ahb_matrix.ip_user_files/bd/ahb_axi_matrix/ip/ahb_axi_matrix_axi_ahblite_bridge_1_1/sim/ahb_axi_matrix_axi_ahblite_bridge_1_1.vhd", 4: 

*Error* Syntax error at --
"/home/ICer/work/vivado/ahb_matrix/ahb_matrix.ip_user_files/bd/ahb_axi_matrix/ip/ahb_axi_matrix_axi_ahblite_bridge_1_1/sim/ahb_axi_matrix_axi_ahblite_bridge_1_1.vhd", 5: 

*Error* Syntax error at --
"/home/ICer/work/vivado/ahb_matrix/ahb_matrix.ip_user_files/bd/ahb_axi_matrix/ip/ahb_axi_matrix_axi_ahblite_bridge_1_1/sim/ahb_axi_matrix_axi_ahblite_bridge_1_1.vhd", 6: 

*Error* Syntax error at --
"/home/ICer/work/vivado/ahb_matrix/ahb_matrix.ip_user_files/bd/ahb_axi_matrix/ip/ahb_axi_matrix_axi_ahblite_bridge_1_1/sim/ahb_axi_matrix_axi_ahblite_bridge_1_1.vhd", 7: 

*Error* Syntax error at --
"/home/ICer/work/vivado/ahb_matrix/ahb_matrix.ip_user_files/bd/ahb_axi_matrix/ip/ahb_axi_matrix_axi_ahblite_bridge_1_1/sim/ahb_axi_matrix_axi_ahblite_bridge_1_1.vhd", 8: 

*Error* Syntax error at --
"/home/ICer/work/vivado/ahb_matrix/ahb_matrix.ip_user_files/bd/ahb_axi_matrix/ip/ahb_axi_matrix_axi_ahblite_bridge_1_1/sim/ahb_axi_matrix_axi_ahblite_bridge_1_1.vhd", 9: 

*Error* Syntax error at --
"/home/ICer/work/vivado/ahb_matrix/ahb_matrix.ip_user_files/bd/ahb_axi_matrix/ip/ahb_axi_matrix_axi_ahblite_bridge_1_1/sim/ahb_axi_matrix_axi_ahblite_bridge_1_1.vhd", 10: 

*Error* Syntax error at --
"/home/ICer/work/vivado/ahb_matrix/ahb_matrix.ip_user_files/bd/ahb_axi_matrix/ip/ahb_axi_matrix_axi_ahblite_bridge_1_1/sim/ahb_axi_matrix_axi_ahblite_bridge_1_1.vhd", 11: 

*Error* Syntax error at --
"/home/ICer/work/vivado/ahb_matrix/ahb_matrix.ip_user_files/bd/ahb_axi_matrix/ip/ahb_axi_matrix_axi_ahblite_bridge_1_1/sim/ahb_axi_matrix_axi_ahblite_bridge_1_1.vhd", 12: 

*Error* Syntax error at --
"/home/ICer/work/vivado/ahb_matrix/ahb_matrix.ip_user_files/bd/ahb_axi_matrix/ip/ahb_axi_matrix_axi_ahblite_bridge_1_1/sim/ahb_axi_matrix_axi_ahblite_bridge_1_1.vhd", 13: 

*Error* Syntax error at --
"/home/ICer/work/vivado/ahb_matrix/ahb_matrix.ip_user_files/bd/ahb_axi_matrix/ip/ahb_axi_matrix_axi_ahblite_bridge_1_1/sim/ahb_axi_matrix_axi_ahblite_bridge_1_1.vhd", 14: 

*Error* Syntax error at --
"/home/ICer/work/vivado/ahb_matrix/ahb_matrix.ip_user_files/bd/ahb_axi_matrix/ip/ahb_axi_matrix_axi_ahblite_bridge_1_1/sim/ahb_axi_matrix_axi_ahblite_bridge_1_1.vhd", 15: 

*Error* Syntax error at --
"/home/ICer/work/vivado/ahb_matrix/ahb_matrix.ip_user_files/bd/ahb_axi_matrix/ip/ahb_axi_matrix_axi_ahblite_bridge_1_1/sim/ahb_axi_matrix_axi_ahblite_bridge_1_1.vhd", 16: 

*Error* Syntax error at --
"/home/ICer/work/vivado/ahb_matrix/ahb_matrix.ip_user_files/bd/ahb_axi_matrix/ip/ahb_axi_matrix_axi_ahblite_bridge_1_1/sim/ahb_axi_matrix_axi_ahblite_bridge_1_1.vhd", 17: 

*Error* Syntax error at --
"/home/ICer/work/vivado/ahb_matrix/ahb_matrix.ip_user_files/bd/ahb_axi_matrix/ip/ahb_axi_matrix_axi_ahblite_bridge_1_1/sim/ahb_axi_matrix_axi_ahblite_bridge_1_1.vhd", 18: 

*Error* Syntax error at --
"/home/ICer/work/vivado/ahb_matrix/ahb_matrix.ip_user_files/bd/ahb_axi_matrix/ip/ahb_axi_matrix_axi_ahblite_bridge_1_1/sim/ahb_axi_matrix_axi_ahblite_bridge_1_1.vhd", 19: 

*Error* Syntax error at --
"/home/ICer/work/vivado/ahb_matrix/ahb_matrix.ip_user_files/bd/ahb_axi_matrix/ip/ahb_axi_matrix_axi_ahblite_bridge_1_1/sim/ahb_axi_matrix_axi_ahblite_bridge_1_1.vhd", 20: 

*Error* Syntax error at --
"/home/ICer/work/vivado/ahb_matrix/ahb_matrix.ip_user_files/bd/ahb_axi_matrix/ip/ahb_axi_matrix_axi_ahblite_bridge_1_1/sim/ahb_axi_matrix_axi_ahblite_bridge_1_1.vhd", 21: 

*Error* Syntax error at --
"/home/ICer/work/vivado/ahb_matrix/ahb_matrix.ip_user_files/bd/ahb_axi_matrix/ip/ahb_axi_matrix_axi_ahblite_bridge_1_1/sim/ahb_axi_matrix_axi_ahblite_bridge_1_1.vhd", 22: 

*Error* Syntax error at --
"/home/ICer/work/vivado/ahb_matrix/ahb_matrix.ip_user_files/bd/ahb_axi_matrix/ip/ahb_axi_matrix_axi_ahblite_bridge_1_1/sim/ahb_axi_matrix_axi_ahblite_bridge_1_1.vhd", 23: 

*Error* Syntax error at --
"/home/ICer/work/vivado/ahb_matrix/ahb_matrix.ip_user_files/bd/ahb_axi_matrix/ip/ahb_axi_matrix_axi_ahblite_bridge_1_1/sim/ahb_axi_matrix_axi_ahblite_bridge_1_1.vhd", 24: 

*Error* Syntax error at --
"/home/ICer/work/vivado/ahb_matrix/ahb_matrix.ip_user_files/bd/ahb_axi_matrix/ip/ahb_axi_matrix_axi_ahblite_bridge_1_1/sim/ahb_axi_matrix_axi_ahblite_bridge_1_1.vhd", 25: 

*Error* Syntax error at --
"/home/ICer/work/vivado/ahb_matrix/ahb_matrix.ip_user_files/bd/ahb_axi_matrix/ip/ahb_axi_matrix_axi_ahblite_bridge_1_1/sim/ahb_axi_matrix_axi_ahblite_bridge_1_1.vhd", 26: 

*Error* Syntax error at --
"/home/ICer/work/vivado/ahb_matrix/ahb_matrix.ip_user_files/bd/ahb_axi_matrix/ip/ahb_axi_matrix_axi_ahblite_bridge_1_1/sim/ahb_axi_matrix_axi_ahblite_bridge_1_1.vhd", 27: 

*Error* Syntax error at --
"/home/ICer/work/vivado/ahb_matrix/ahb_matrix.ip_user_files/bd/ahb_axi_matrix/ip/ahb_axi_matrix_axi_ahblite_bridge_1_1/sim/ahb_axi_matrix_axi_ahblite_bridge_1_1.vhd", 28: 

*Error* Syntax error at --
"/home/ICer/work/vivado/ahb_matrix/ahb_matrix.ip_user_files/bd/ahb_axi_matrix/ip/ahb_axi_matrix_axi_ahblite_bridge_1_1/sim/ahb_axi_matrix_axi_ahblite_bridge_1_1.vhd", 29: 

*Error* Syntax error at --
"/home/ICer/work/vivado/ahb_matrix/ahb_matrix.ip_user_files/bd/ahb_axi_matrix/ip/ahb_axi_matrix_axi_ahblite_bridge_1_1/sim/ahb_axi_matrix_axi_ahblite_bridge_1_1.vhd", 30: 

*Error* Syntax error at --
"/home/ICer/work/vivado/ahb_matrix/ahb_matrix.ip_user_files/bd/ahb_axi_matrix/ip/ahb_axi_matrix_axi_ahblite_bridge_1_1/sim/ahb_axi_matrix_axi_ahblite_bridge_1_1.vhd", 31: 

*Error* Syntax error at --
"/home/ICer/work/vivado/ahb_matrix/ahb_matrix.ip_user_files/bd/ahb_axi_matrix/ip/ahb_axi_matrix_axi_ahblite_bridge_1_1/sim/ahb_axi_matrix_axi_ahblite_bridge_1_1.vhd", 32: 

*Error* Syntax error at --
"/home/ICer/work/vivado/ahb_matrix/ahb_matrix.ip_user_files/bd/ahb_axi_matrix/ip/ahb_axi_matrix_axi_ahblite_bridge_1_1/sim/ahb_axi_matrix_axi_ahblite_bridge_1_1.vhd", 33: 

*Error* Syntax error at --
"/home/ICer/work/vivado/ahb_matrix/ahb_matrix.ip_user_files/bd/ahb_axi_matrix/ip/ahb_axi_matrix_axi_ahblite_bridge_1_1/sim/ahb_axi_matrix_axi_ahblite_bridge_1_1.vhd", 34: 

*Error* Syntax error at --
"/home/ICer/work/vivado/ahb_matrix/ahb_matrix.ip_user_files/bd/ahb_axi_matrix/ip/ahb_axi_matrix_axi_ahblite_bridge_1_1/sim/ahb_axi_matrix_axi_ahblite_bridge_1_1.vhd", 35: 

*Error* Syntax error at --
"/home/ICer/work/vivado/ahb_matrix/ahb_matrix.ip_user_files/bd/ahb_axi_matrix/ip/ahb_axi_matrix_axi_ahblite_bridge_1_1/sim/ahb_axi_matrix_axi_ahblite_bridge_1_1.vhd", 36: 

*Error* Syntax error at --
"/home/ICer/work/vivado/ahb_matrix/ahb_matrix.ip_user_files/bd/ahb_axi_matrix/ip/ahb_axi_matrix_axi_ahblite_bridge_1_1/sim/ahb_axi_matrix_axi_ahblite_bridge_1_1.vhd", 37: 

*Error* Syntax error at --
"/home/ICer/work/vivado/ahb_matrix/ahb_matrix.ip_user_files/bd/ahb_axi_matrix/ip/ahb_axi_matrix_axi_ahblite_bridge_1_1/sim/ahb_axi_matrix_axi_ahblite_bridge_1_1.vhd", 38: 

*Error* Syntax error at --
"/home/ICer/work/vivado/ahb_matrix/ahb_matrix.ip_user_files/bd/ahb_axi_matrix/ip/ahb_axi_matrix_axi_ahblite_bridge_1_1/sim/ahb_axi_matrix_axi_ahblite_bridge_1_1.vhd", 39: 

*Error* Syntax error at --
"/home/ICer/work/vivado/ahb_matrix/ahb_matrix.ip_user_files/bd/ahb_axi_matrix/ip/ahb_axi_matrix_axi_ahblite_bridge_1_1/sim/ahb_axi_matrix_axi_ahblite_bridge_1_1.vhd", 40: 

*Error* Syntax error at --
"/home/ICer/work/vivado/ahb_matrix/ahb_matrix.ip_user_files/bd/ahb_axi_matrix/ip/ahb_axi_matrix_axi_ahblite_bridge_1_1/sim/ahb_axi_matrix_axi_ahblite_bridge_1_1.vhd", 41: 

*Error* Syntax error at --
"/home/ICer/work/vivado/ahb_matrix/ahb_matrix.ip_user_files/bd/ahb_axi_matrix/ip/ahb_axi_matrix_axi_ahblite_bridge_1_1/sim/ahb_axi_matrix_axi_ahblite_bridge_1_1.vhd", 42: 

*Error* Syntax error at --
"/home/ICer/work/vivado/ahb_matrix/ahb_matrix.ip_user_files/bd/ahb_axi_matrix/ip/ahb_axi_matrix_axi_ahblite_bridge_1_1/sim/ahb_axi_matrix_axi_ahblite_bridge_1_1.vhd", 43: 

*Error* Syntax error at --
"/home/ICer/work/vivado/ahb_matrix/ahb_matrix.ip_user_files/bd/ahb_axi_matrix/ip/ahb_axi_matrix_axi_ahblite_bridge_1_1/sim/ahb_axi_matrix_axi_ahblite_bridge_1_1.vhd", 44: 

*Error* Syntax error at --
"/home/ICer/work/vivado/ahb_matrix/ahb_matrix.ip_user_files/bd/ahb_axi_matrix/ip/ahb_axi_matrix_axi_ahblite_bridge_1_1/sim/ahb_axi_matrix_axi_ahblite_bridge_1_1.vhd", 45: 

*Error* Syntax error at --
"/home/ICer/work/vivado/ahb_matrix/ahb_matrix.ip_user_files/bd/ahb_axi_matrix/ip/ahb_axi_matrix_axi_ahblite_bridge_1_1/sim/ahb_axi_matrix_axi_ahblite_bridge_1_1.vhd", 46: 

*Error* Syntax error at --
"/home/ICer/work/vivado/ahb_matrix/ahb_matrix.ip_user_files/bd/ahb_axi_matrix/ip/ahb_axi_matrix_axi_ahblite_bridge_1_1/sim/ahb_axi_matrix_axi_ahblite_bridge_1_1.vhd", 47: 

*Error* Syntax error at --
"/home/ICer/work/vivado/ahb_matrix/ahb_matrix.ip_user_files/bd/ahb_axi_matrix/ip/ahb_axi_matrix_axi_ahblite_bridge_1_1/sim/ahb_axi_matrix_axi_ahblite_bridge_1_1.vhd", 49: 

*Error* Syntax error at --
"/home/ICer/work/vivado/ahb_matrix/ahb_matrix.ip_user_files/bd/ahb_axi_matrix/ip/ahb_axi_matrix_axi_ahblite_bridge_1_1/sim/ahb_axi_matrix_axi_ahblite_bridge_1_1.vhd", 50: 

*Error* Syntax error at LIBRARY
"/home/ICer/work/vivado/ahb_matrix/ahb_matrix.ip_user_files/bd/ahb_axi_matrix/ip/ahb_axi_matrix_axi_ahblite_bridge_1_1/sim/ahb_axi_matrix_axi_ahblite_bridge_1_1.vhd", 52: 

*Error* Syntax error at USE
"/home/ICer/work/vivado/ahb_matrix/ahb_matrix.ip_user_files/bd/ahb_axi_matrix/ip/ahb_axi_matrix_axi_ahblite_bridge_1_1/sim/ahb_axi_matrix_axi_ahblite_bridge_1_1.vhd", 53: 

*Error* Syntax error at USE
"/home/ICer/work/vivado/ahb_matrix/ahb_matrix.ip_user_files/bd/ahb_axi_matrix/ip/ahb_axi_matrix_axi_ahblite_bridge_1_1/sim/ahb_axi_matrix_axi_ahblite_bridge_1_1.vhd", 54: 

*Error* Syntax error at LIBRARY
"/home/ICer/work/vivado/ahb_matrix/ahb_matrix.ip_user_files/bd/ahb_axi_matrix/ip/ahb_axi_matrix_axi_ahblite_bridge_1_1/sim/ahb_axi_matrix_axi_ahblite_bridge_1_1.vhd", 56: 

*Error* Syntax error at USE
"/home/ICer/work/vivado/ahb_matrix/ahb_matrix.ip_user_files/bd/ahb_axi_matrix/ip/ahb_axi_matrix_axi_ahblite_bridge_1_1/sim/ahb_axi_matrix_axi_ahblite_bridge_1_1.vhd", 57: 

*Error* Syntax error at ENTITY
"/home/ICer/work/vivado/ahb_matrix/ahb_matrix.ip_user_files/bd/ahb_axi_matrix/ip/ahb_axi_matrix_axi_ahblite_bridge_1_1/sim/ahb_axi_matrix_axi_ahblite_bridge_1_1.vhd", 59: 

*Error* Syntax error at PORT
"/home/ICer/work/vivado/ahb_matrix/ahb_matrix.ip_user_files/bd/ahb_axi_matrix/ip/ahb_axi_matrix_axi_ahblite_bridge_1_1/sim/ahb_axi_matrix_axi_ahblite_bridge_1_1.vhd", 60: 

*Error* Syntax error at s_axi_aclk
"/home/ICer/work/vivado/ahb_matrix/ahb_matrix.ip_user_files/bd/ahb_axi_matrix/ip/ahb_axi_matrix_axi_ahblite_bridge_1_1/sim/ahb_axi_matrix_axi_ahblite_bridge_1_1.vhd", 61: 

*Error* Syntax error at s_axi_aresetn
"/home/ICer/work/vivado/ahb_matrix/ahb_matrix.ip_user_files/bd/ahb_axi_matrix/ip/ahb_axi_matrix_axi_ahblite_bridge_1_1/sim/ahb_axi_matrix_axi_ahblite_bridge_1_1.vhd", 62: 

*Error* Syntax error at s_axi_awid
"/home/ICer/work/vivado/ahb_matrix/ahb_matrix.ip_user_files/bd/ahb_axi_matrix/ip/ahb_axi_matrix_axi_ahblite_bridge_1_1/sim/ahb_axi_matrix_axi_ahblite_bridge_1_1.vhd", 63: 

*Error* Syntax error at s_axi_awlen
"/home/ICer/work/vivado/ahb_matrix/ahb_matrix.ip_user_files/bd/ahb_axi_matrix/ip/ahb_axi_matrix_axi_ahblite_bridge_1_1/sim/ahb_axi_matrix_axi_ahblite_bridge_1_1.vhd", 64: 

*Error* Syntax error at s_axi_awsize
"/home/ICer/work/vivado/ahb_matrix/ahb_matrix.ip_user_files/bd/ahb_axi_matrix/ip/ahb_axi_matrix_axi_ahblite_bridge_1_1/sim/ahb_axi_matrix_axi_ahblite_bridge_1_1.vhd", 65: 

*Error* Syntax error at s_axi_awburst
"/home/ICer/work/vivado/ahb_matrix/ahb_matrix.ip_user_files/bd/ahb_axi_matrix/ip/ahb_axi_matrix_axi_ahblite_bridge_1_1/sim/ahb_axi_matrix_axi_ahblite_bridge_1_1.vhd", 66: 

*Error* Syntax error at s_axi_awcache
"/home/ICer/work/vivado/ahb_matrix/ahb_matrix.ip_user_files/bd/ahb_axi_matrix/ip/ahb_axi_matrix_axi_ahblite_bridge_1_1/sim/ahb_axi_matrix_axi_ahblite_bridge_1_1.vhd", 67: 

*Error* Syntax error at s_axi_awaddr
"/home/ICer/work/vivado/ahb_matrix/ahb_matrix.ip_user_files/bd/ahb_axi_matrix/ip/ahb_axi_matrix_axi_ahblite_bridge_1_1/sim/ahb_axi_matrix_axi_ahblite_bridge_1_1.vhd", 68: 

*Error* Syntax error at s_axi_awprot
"/home/ICer/work/vivado/ahb_matrix/ahb_matrix.ip_user_files/bd/ahb_axi_matrix/ip/ahb_axi_matrix_axi_ahblite_bridge_1_1/sim/ahb_axi_matrix_axi_ahblite_bridge_1_1.vhd", 69: 

*Error* Syntax error at s_axi_awvalid
"/home/ICer/work/vivado/ahb_matrix/ahb_matrix.ip_user_files/bd/ahb_axi_matrix/ip/ahb_axi_matrix_axi_ahblite_bridge_1_1/sim/ahb_axi_matrix_axi_ahblite_bridge_1_1.vhd", 70: 

*Error* Syntax error at s_axi_awready
"/home/ICer/work/vivado/ahb_matrix/ahb_matrix.ip_user_files/bd/ahb_axi_matrix/ip/ahb_axi_matrix_axi_ahblite_bridge_1_1/sim/ahb_axi_matrix_axi_ahblite_bridge_1_1.vhd", 71: 

*Error* Syntax error at s_axi_awlock
"/home/ICer/work/vivado/ahb_matrix/ahb_matrix.ip_user_files/bd/ahb_axi_matrix/ip/ahb_axi_matrix_axi_ahblite_bridge_1_1/sim/ahb_axi_matrix_axi_ahblite_bridge_1_1.vhd", 72: 

*Error* Syntax error at s_axi_wdata
"/home/ICer/work/vivado/ahb_matrix/ahb_matrix.ip_user_files/bd/ahb_axi_matrix/ip/ahb_axi_matrix_axi_ahblite_bridge_1_1/sim/ahb_axi_matrix_axi_ahblite_bridge_1_1.vhd", 73: 

*Error* Syntax error at s_axi_wstrb
"/home/ICer/work/vivado/ahb_matrix/ahb_matrix.ip_user_files/bd/ahb_axi_matrix/ip/ahb_axi_matrix_axi_ahblite_bridge_1_1/sim/ahb_axi_matrix_axi_ahblite_bridge_1_1.vhd", 74: 

*Error* Syntax error at s_axi_wlast
"/home/ICer/work/vivado/ahb_matrix/ahb_matrix.ip_user_files/bd/ahb_axi_matrix/ip/ahb_axi_matrix_axi_ahblite_bridge_1_1/sim/ahb_axi_matrix_axi_ahblite_bridge_1_1.vhd", 75: 

*Error* Syntax error at s_axi_wvalid
"/home/ICer/work/vivado/ahb_matrix/ahb_matrix.ip_user_files/bd/ahb_axi_matrix/ip/ahb_axi_matrix_axi_ahblite_bridge_1_1/sim/ahb_axi_matrix_axi_ahblite_bridge_1_1.vhd", 76: 

*Error* Syntax error at s_axi_wready
"/home/ICer/work/vivado/ahb_matrix/ahb_matrix.ip_user_files/bd/ahb_axi_matrix/ip/ahb_axi_matrix_axi_ahblite_bridge_1_1/sim/ahb_axi_matrix_axi_ahblite_bridge_1_1.vhd", 77: 

*Error* Syntax error at s_axi_bid
"/home/ICer/work/vivado/ahb_matrix/ahb_matrix.ip_user_files/bd/ahb_axi_matrix/ip/ahb_axi_matrix_axi_ahblite_bridge_1_1/sim/ahb_axi_matrix_axi_ahblite_bridge_1_1.vhd", 78: 

*Error* Syntax error at s_axi_bresp
"/home/ICer/work/vivado/ahb_matrix/ahb_matrix.ip_user_files/bd/ahb_axi_matrix/ip/ahb_axi_matrix_axi_ahblite_bridge_1_1/sim/ahb_axi_matrix_axi_ahblite_bridge_1_1.vhd", 79: 

*Error* Syntax error at s_axi_bvalid
"/home/ICer/work/vivado/ahb_matrix/ahb_matrix.ip_user_files/bd/ahb_axi_matrix/ip/ahb_axi_matrix_axi_ahblite_bridge_1_1/sim/ahb_axi_matrix_axi_ahblite_bridge_1_1.vhd", 80: 

*Error* Syntax error at s_axi_bready
"/home/ICer/work/vivado/ahb_matrix/ahb_matrix.ip_user_files/bd/ahb_axi_matrix/ip/ahb_axi_matrix_axi_ahblite_bridge_1_1/sim/ahb_axi_matrix_axi_ahblite_bridge_1_1.vhd", 81: 

*Error* Syntax error at s_axi_arid
"/home/ICer/work/vivado/ahb_matrix/ahb_matrix.ip_user_files/bd/ahb_axi_matrix/ip/ahb_axi_matrix_axi_ahblite_bridge_1_1/sim/ahb_axi_matrix_axi_ahblite_bridge_1_1.vhd", 82: 

*Error* Syntax error at s_axi_araddr
"/home/ICer/work/vivado/ahb_matrix/ahb_matrix.ip_user_files/bd/ahb_axi_matrix/ip/ahb_axi_matrix_axi_ahblite_bridge_1_1/sim/ahb_axi_matrix_axi_ahblite_bridge_1_1.vhd", 83: 

*Error* Syntax error at s_axi_arprot
"/home/ICer/work/vivado/ahb_matrix/ahb_matrix.ip_user_files/bd/ahb_axi_matrix/ip/ahb_axi_matrix_axi_ahblite_bridge_1_1/sim/ahb_axi_matrix_axi_ahblite_bridge_1_1.vhd", 84: 

*Error* Syntax error at s_axi_arcache
"/home/ICer/work/vivado/ahb_matrix/ahb_matrix.ip_user_files/bd/ahb_axi_matrix/ip/ahb_axi_matrix_axi_ahblite_bridge_1_1/sim/ahb_axi_matrix_axi_ahblite_bridge_1_1.vhd", 85: 

*Error* Syntax error at s_axi_arvalid
"/home/ICer/work/vivado/ahb_matrix/ahb_matrix.ip_user_files/bd/ahb_axi_matrix/ip/ahb_axi_matrix_axi_ahblite_bridge_1_1/sim/ahb_axi_matrix_axi_ahblite_bridge_1_1.vhd", 86: 

*Error* Syntax error at s_axi_arlen
"/home/ICer/work/vivado/ahb_matrix/ahb_matrix.ip_user_files/bd/ahb_axi_matrix/ip/ahb_axi_matrix_axi_ahblite_bridge_1_1/sim/ahb_axi_matrix_axi_ahblite_bridge_1_1.vhd", 87: 

*Error* Syntax error at s_axi_arsize
"/home/ICer/work/vivado/ahb_matrix/ahb_matrix.ip_user_files/bd/ahb_axi_matrix/ip/ahb_axi_matrix_axi_ahblite_bridge_1_1/sim/ahb_axi_matrix_axi_ahblite_bridge_1_1.vhd", 88: 

*Error* Syntax error at s_axi_arburst
"/home/ICer/work/vivado/ahb_matrix/ahb_matrix.ip_user_files/bd/ahb_axi_matrix/ip/ahb_axi_matrix_axi_ahblite_bridge_1_1/sim/ahb_axi_matrix_axi_ahblite_bridge_1_1.vhd", 89: 

*Error* Syntax error at s_axi_arlock
"/home/ICer/work/vivado/ahb_matrix/ahb_matrix.ip_user_files/bd/ahb_axi_matrix/ip/ahb_axi_matrix_axi_ahblite_bridge_1_1/sim/ahb_axi_matrix_axi_ahblite_bridge_1_1.vhd", 90: 

*Error* Syntax error at s_axi_arready
"/home/ICer/work/vivado/ahb_matrix/ahb_matrix.ip_user_files/bd/ahb_axi_matrix/ip/ahb_axi_matrix_axi_ahblite_bridge_1_1/sim/ahb_axi_matrix_axi_ahblite_bridge_1_1.vhd", 91: 

*Error* Syntax error at s_axi_rid
"/home/ICer/work/vivado/ahb_matrix/ahb_matrix.ip_user_files/bd/ahb_axi_matrix/ip/ahb_axi_matrix_axi_ahblite_bridge_1_1/sim/ahb_axi_matrix_axi_ahblite_bridge_1_1.vhd", 92: 

*Error* Syntax error at s_axi_rdata
"/home/ICer/work/vivado/ahb_matrix/ahb_matrix.ip_user_files/bd/ahb_axi_matrix/ip/ahb_axi_matrix_axi_ahblite_bridge_1_1/sim/ahb_axi_matrix_axi_ahblite_bridge_1_1.vhd", 93: 

*Error* Syntax error at s_axi_rresp
"/home/ICer/work/vivado/ahb_matrix/ahb_matrix.ip_user_files/bd/ahb_axi_matrix/ip/ahb_axi_matrix_axi_ahblite_bridge_1_1/sim/ahb_axi_matrix_axi_ahblite_bridge_1_1.vhd", 94: 

*Error* Syntax error at s_axi_rvalid
"/home/ICer/work/vivado/ahb_matrix/ahb_matrix.ip_user_files/bd/ahb_axi_matrix/ip/ahb_axi_matrix_axi_ahblite_bridge_1_1/sim/ahb_axi_matrix_axi_ahblite_bridge_1_1.vhd", 95: 

*Error* Syntax error at s_axi_rlast
"/home/ICer/work/vivado/ahb_matrix/ahb_matrix.ip_user_files/bd/ahb_axi_matrix/ip/ahb_axi_matrix_axi_ahblite_bridge_1_1/sim/ahb_axi_matrix_axi_ahblite_bridge_1_1.vhd", 96: 

*Error* Syntax error at s_axi_rready
"/home/ICer/work/vivado/ahb_matrix/ahb_matrix.ip_user_files/bd/ahb_axi_matrix/ip/ahb_axi_matrix_axi_ahblite_bridge_1_1/sim/ahb_axi_matrix_axi_ahblite_bridge_1_1.vhd", 97: 

*Error* Syntax error at m_ahb_haddr
"/home/ICer/work/vivado/ahb_matrix/ahb_matrix.ip_user_files/bd/ahb_axi_matrix/ip/ahb_axi_matrix_axi_ahblite_bridge_1_1/sim/ahb_axi_matrix_axi_ahblite_bridge_1_1.vhd", 98: 

*Error* Syntax error at m_ahb_hwrite
"/home/ICer/work/vivado/ahb_matrix/ahb_matrix.ip_user_files/bd/ahb_axi_matrix/ip/ahb_axi_matrix_axi_ahblite_bridge_1_1/sim/ahb_axi_matrix_axi_ahblite_bridge_1_1.vhd", 99: 

*Error* Syntax error at m_ahb_hsize
"/home/ICer/work/vivado/ahb_matrix/ahb_matrix.ip_user_files/bd/ahb_axi_matrix/ip/ahb_axi_matrix_axi_ahblite_bridge_1_1/sim/ahb_axi_matrix_axi_ahblite_bridge_1_1.vhd", 100: 

*Error* Syntax error at m_ahb_hburst
"/home/ICer/work/vivado/ahb_matrix/ahb_matrix.ip_user_files/bd/ahb_axi_matrix/ip/ahb_axi_matrix_axi_ahblite_bridge_1_1/sim/ahb_axi_matrix_axi_ahblite_bridge_1_1.vhd", 101: 

*Error* Syntax error at m_ahb_hprot
"/home/ICer/work/vivado/ahb_matrix/ahb_matrix.ip_user_files/bd/ahb_axi_matrix/ip/ahb_axi_matrix_axi_ahblite_bridge_1_1/sim/ahb_axi_matrix_axi_ahblite_bridge_1_1.vhd", 102: 

*Error* Syntax error at m_ahb_htrans
"/home/ICer/work/vivado/ahb_matrix/ahb_matrix.ip_user_files/bd/ahb_axi_matrix/ip/ahb_axi_matrix_axi_ahblite_bridge_1_1/sim/ahb_axi_matrix_axi_ahblite_bridge_1_1.vhd", 103: 

*Error* Syntax error at m_ahb_hmastlock
"/home/ICer/work/vivado/ahb_matrix/ahb_matrix.ip_user_files/bd/ahb_axi_matrix/ip/ahb_axi_matrix_axi_ahblite_bridge_1_1/sim/ahb_axi_matrix_axi_ahblite_bridge_1_1.vhd", 104: 

*Error* Syntax error at m_ahb_hwdata
"/home/ICer/work/vivado/ahb_matrix/ahb_matrix.ip_user_files/bd/ahb_axi_matrix/ip/ahb_axi_matrix_axi_ahblite_bridge_1_1/sim/ahb_axi_matrix_axi_ahblite_bridge_1_1.vhd", 105: 

*Error* Syntax error at m_ahb_hready
"/home/ICer/work/vivado/ahb_matrix/ahb_matrix.ip_user_files/bd/ahb_axi_matrix/ip/ahb_axi_matrix_axi_ahblite_bridge_1_1/sim/ahb_axi_matrix_axi_ahblite_bridge_1_1.vhd", 106: 

*Error* Syntax error at m_ahb_hrdata
"/home/ICer/work/vivado/ahb_matrix/ahb_matrix.ip_user_files/bd/ahb_axi_matrix/ip/ahb_axi_matrix_axi_ahblite_bridge_1_1/sim/ahb_axi_matrix_axi_ahblite_bridge_1_1.vhd", 107: 

*Error* Syntax error at m_ahb_hresp
"/home/ICer/work/vivado/ahb_matrix/ahb_matrix.ip_user_files/bd/ahb_axi_matrix/ip/ahb_axi_matrix_axi_ahblite_bridge_1_1/sim/ahb_axi_matrix_axi_ahblite_bridge_1_1.vhd", 108: 

*Error* Syntax error at )
"/home/ICer/work/vivado/ahb_matrix/ahb_matrix.ip_user_files/bd/ahb_axi_matrix/ip/ahb_axi_matrix_axi_ahblite_bridge_1_1/sim/ahb_axi_matrix_axi_ahblite_bridge_1_1.vhd", 109: 

*Error* Syntax error at END
"/home/ICer/work/vivado/ahb_matrix/ahb_matrix.ip_user_files/bd/ahb_axi_matrix/ip/ahb_axi_matrix_axi_ahblite_bridge_1_1/sim/ahb_axi_matrix_axi_ahblite_bridge_1_1.vhd", 110: 

*Error* Syntax error at ARCHITECTURE
"/home/ICer/work/vivado/ahb_matrix/ahb_matrix.ip_user_files/bd/ahb_axi_matrix/ip/ahb_axi_matrix_axi_ahblite_bridge_1_1/sim/ahb_axi_matrix_axi_ahblite_bridge_1_1.vhd", 112: 

*Error* Syntax error at ATTRIBUTE
"/home/ICer/work/vivado/ahb_matrix/ahb_matrix.ip_user_files/bd/ahb_axi_matrix/ip/ahb_axi_matrix_axi_ahblite_bridge_1_1/sim/ahb_axi_matrix_axi_ahblite_bridge_1_1.vhd", 113: 

*Error* Syntax error at ATTRIBUTE
"/home/ICer/work/vivado/ahb_matrix/ahb_matrix.ip_user_files/bd/ahb_axi_matrix/ip/ahb_axi_matrix_axi_ahblite_bridge_1_1/sim/ahb_axi_matrix_axi_ahblite_bridge_1_1.vhd", 114: 

*Error* Syntax error at COMPONENT
"/home/ICer/work/vivado/ahb_matrix/ahb_matrix.ip_user_files/bd/ahb_axi_matrix/ip/ahb_axi_matrix_axi_ahblite_bridge_1_1/sim/ahb_axi_matrix_axi_ahblite_bridge_1_1.vhd", 115: 

*Error* Syntax error at GENERIC
"/home/ICer/work/vivado/ahb_matrix/ahb_matrix.ip_user_files/bd/ahb_axi_matrix/ip/ahb_axi_matrix_axi_ahblite_bridge_1_1/sim/ahb_axi_matrix_axi_ahblite_bridge_1_1.vhd", 116: 

*Error* Syntax error at C_FAMILY
"/home/ICer/work/vivado/ahb_matrix/ahb_matrix.ip_user_files/bd/ahb_axi_matrix/ip/ahb_axi_matrix_axi_ahblite_bridge_1_1/sim/ahb_axi_matrix_axi_ahblite_bridge_1_1.vhd", 117: 

*Error* Syntax error at C_INSTANCE
"/home/ICer/work/vivado/ahb_matrix/ahb_matrix.ip_user_files/bd/ahb_axi_matrix/ip/ahb_axi_matrix_axi_ahblite_bridge_1_1/sim/ahb_axi_matrix_axi_ahblite_bridge_1_1.vhd", 118: 

*Error* Syntax error at C_S_AXI_ADDR_WIDTH
"/home/ICer/work/vivado/ahb_matrix/ahb_matrix.ip_user_files/bd/ahb_axi_matrix/ip/ahb_axi_matrix_axi_ahblite_bridge_1_1/sim/ahb_axi_matrix_axi_ahblite_bridge_1_1.vhd", 119: 

*Error* Syntax error at C_S_AXI_DATA_WIDTH
"/home/ICer/work/vivado/ahb_matrix/ahb_matrix.ip_user_files/bd/ahb_axi_matrix/ip/ahb_axi_matrix_axi_ahblite_bridge_1_1/sim/ahb_axi_matrix_axi_ahblite_bridge_1_1.vhd", 120: 

*Error* Syntax error at C_S_AXI_SUPPORTS_NARROW_BURST
"/home/ICer/work/vivado/ahb_matrix/ahb_matrix.ip_user_files/bd/ahb_axi_matrix/ip/ahb_axi_matrix_axi_ahblite_bridge_1_1/sim/ahb_axi_matrix_axi_ahblite_bridge_1_1.vhd", 121: 

*Error* Syntax error at C_S_AXI_ID_WIDTH
"/home/ICer/work/vivado/ahb_matrix/ahb_matrix.ip_user_files/bd/ahb_axi_matrix/ip/ahb_axi_matrix_axi_ahblite_bridge_1_1/sim/ahb_axi_matrix_axi_ahblite_bridge_1_1.vhd", 122: 

*Error* Syntax error at C_M_AHB_ADDR_WIDTH
"/home/ICer/work/vivado/ahb_matrix/ahb_matrix.ip_user_files/bd/ahb_axi_matrix/ip/ahb_axi_matrix_axi_ahblite_bridge_1_1/sim/ahb_axi_matrix_axi_ahblite_bridge_1_1.vhd", 123: 

*Error* Syntax error at C_M_AHB_DATA_WIDTH
"/home/ICer/work/vivado/ahb_matrix/ahb_matrix.ip_user_files/bd/ahb_axi_matrix/ip/ahb_axi_matrix_axi_ahblite_bridge_1_1/sim/ahb_axi_matrix_axi_ahblite_bridge_1_1.vhd", 124: 

*Error* Syntax error at C_DPHASE_TIMEOUT
"/home/ICer/work/vivado/ahb_matrix/ahb_matrix.ip_user_files/bd/ahb_axi_matrix/ip/ahb_axi_matrix_axi_ahblite_bridge_1_1/sim/ahb_axi_matrix_axi_ahblite_bridge_1_1.vhd", 125: 

*Error* Syntax error at )
"/home/ICer/work/vivado/ahb_matrix/ahb_matrix.ip_user_files/bd/ahb_axi_matrix/ip/ahb_axi_matrix_axi_ahblite_bridge_1_1/sim/ahb_axi_matrix_axi_ahblite_bridge_1_1.vhd", 126: 

*Error* Syntax error at PORT
"/home/ICer/work/vivado/ahb_matrix/ahb_matrix.ip_user_files/bd/ahb_axi_matrix/ip/ahb_axi_matrix_axi_ahblite_bridge_1_1/sim/ahb_axi_matrix_axi_ahblite_bridge_1_1.vhd", 127: 

*Error* Syntax error at s_axi_aclk
"/home/ICer/work/vivado/ahb_matrix/ahb_matrix.ip_user_files/bd/ahb_axi_matrix/ip/ahb_axi_matrix_axi_ahblite_bridge_1_1/sim/ahb_axi_matrix_axi_ahblite_bridge_1_1.vhd", 128: 

*Error* Syntax error at s_axi_aresetn
"/home/ICer/work/vivado/ahb_matrix/ahb_matrix.ip_user_files/bd/ahb_axi_matrix/ip/ahb_axi_matrix_axi_ahblite_bridge_1_1/sim/ahb_axi_matrix_axi_ahblite_bridge_1_1.vhd", 129: 

*Error* Syntax error at s_axi_awid
"/home/ICer/work/vivado/ahb_matrix/ahb_matrix.ip_user_files/bd/ahb_axi_matrix/ip/ahb_axi_matrix_axi_ahblite_bridge_1_1/sim/ahb_axi_matrix_axi_ahblite_bridge_1_1.vhd", 130: 

*Error* Syntax error at s_axi_awlen
"/home/ICer/work/vivado/ahb_matrix/ahb_matrix.ip_user_files/bd/ahb_axi_matrix/ip/ahb_axi_matrix_axi_ahblite_bridge_1_1/sim/ahb_axi_matrix_axi_ahblite_bridge_1_1.vhd", 131: 

*Error* Syntax error at s_axi_awsize
"/home/ICer/work/vivado/ahb_matrix/ahb_matrix.ip_user_files/bd/ahb_axi_matrix/ip/ahb_axi_matrix_axi_ahblite_bridge_1_1/sim/ahb_axi_matrix_axi_ahblite_bridge_1_1.vhd", 132: 

*Error* Syntax error at s_axi_awburst
"/home/ICer/work/vivado/ahb_matrix/ahb_matrix.ip_user_files/bd/ahb_axi_matrix/ip/ahb_axi_matrix_axi_ahblite_bridge_1_1/sim/ahb_axi_matrix_axi_ahblite_bridge_1_1.vhd", 133: 

*Error* Syntax error at s_axi_awcache
"/home/ICer/work/vivado/ahb_matrix/ahb_matrix.ip_user_files/bd/ahb_axi_matrix/ip/ahb_axi_matrix_axi_ahblite_bridge_1_1/sim/ahb_axi_matrix_axi_ahblite_bridge_1_1.vhd", 134: 

*Error* Syntax error at s_axi_awaddr
"/home/ICer/work/vivado/ahb_matrix/ahb_matrix.ip_user_files/bd/ahb_axi_matrix/ip/ahb_axi_matrix_axi_ahblite_bridge_1_1/sim/ahb_axi_matrix_axi_ahblite_bridge_1_1.vhd", 135: 

*Error* Syntax error at s_axi_awprot
"/home/ICer/work/vivado/ahb_matrix/ahb_matrix.ip_user_files/bd/ahb_axi_matrix/ip/ahb_axi_matrix_axi_ahblite_bridge_1_1/sim/ahb_axi_matrix_axi_ahblite_bridge_1_1.vhd", 136: 

*Error* Syntax error at s_axi_awvalid
"/home/ICer/work/vivado/ahb_matrix/ahb_matrix.ip_user_files/bd/ahb_axi_matrix/ip/ahb_axi_matrix_axi_ahblite_bridge_1_1/sim/ahb_axi_matrix_axi_ahblite_bridge_1_1.vhd", 137: 

*Error* Syntax error at s_axi_awready
"/home/ICer/work/vivado/ahb_matrix/ahb_matrix.ip_user_files/bd/ahb_axi_matrix/ip/ahb_axi_matrix_axi_ahblite_bridge_1_1/sim/ahb_axi_matrix_axi_ahblite_bridge_1_1.vhd", 138: 

*Error* Syntax error at s_axi_awlock
"/home/ICer/work/vivado/ahb_matrix/ahb_matrix.ip_user_files/bd/ahb_axi_matrix/ip/ahb_axi_matrix_axi_ahblite_bridge_1_1/sim/ahb_axi_matrix_axi_ahblite_bridge_1_1.vhd", 139: 

*Error* Syntax error at s_axi_wdata
"/home/ICer/work/vivado/ahb_matrix/ahb_matrix.ip_user_files/bd/ahb_axi_matrix/ip/ahb_axi_matrix_axi_ahblite_bridge_1_1/sim/ahb_axi_matrix_axi_ahblite_bridge_1_1.vhd", 140: 

*Error* Syntax error at s_axi_wstrb
"/home/ICer/work/vivado/ahb_matrix/ahb_matrix.ip_user_files/bd/ahb_axi_matrix/ip/ahb_axi_matrix_axi_ahblite_bridge_1_1/sim/ahb_axi_matrix_axi_ahblite_bridge_1_1.vhd", 141: 

*Error* Syntax error at s_axi_wlast
"/home/ICer/work/vivado/ahb_matrix/ahb_matrix.ip_user_files/bd/ahb_axi_matrix/ip/ahb_axi_matrix_axi_ahblite_bridge_1_1/sim/ahb_axi_matrix_axi_ahblite_bridge_1_1.vhd", 142: 

*Error* Syntax error at s_axi_wvalid
"/home/ICer/work/vivado/ahb_matrix/ahb_matrix.ip_user_files/bd/ahb_axi_matrix/ip/ahb_axi_matrix_axi_ahblite_bridge_1_1/sim/ahb_axi_matrix_axi_ahblite_bridge_1_1.vhd", 143: 

*Error* Syntax error at s_axi_wready
"/home/ICer/work/vivado/ahb_matrix/ahb_matrix.ip_user_files/bd/ahb_axi_matrix/ip/ahb_axi_matrix_axi_ahblite_bridge_1_1/sim/ahb_axi_matrix_axi_ahblite_bridge_1_1.vhd", 144: 

*Error* Syntax error at s_axi_bid
"/home/ICer/work/vivado/ahb_matrix/ahb_matrix.ip_user_files/bd/ahb_axi_matrix/ip/ahb_axi_matrix_axi_ahblite_bridge_1_1/sim/ahb_axi_matrix_axi_ahblite_bridge_1_1.vhd", 145: 

*Error* Syntax error at s_axi_bresp
"/home/ICer/work/vivado/ahb_matrix/ahb_matrix.ip_user_files/bd/ahb_axi_matrix/ip/ahb_axi_matrix_axi_ahblite_bridge_1_1/sim/ahb_axi_matrix_axi_ahblite_bridge_1_1.vhd", 146: 

*Error* Syntax error at s_axi_bvalid
"/home/ICer/work/vivado/ahb_matrix/ahb_matrix.ip_user_files/bd/ahb_axi_matrix/ip/ahb_axi_matrix_axi_ahblite_bridge_1_1/sim/ahb_axi_matrix_axi_ahblite_bridge_1_1.vhd", 147: 

*Error* Syntax error at s_axi_bready
"/home/ICer/work/vivado/ahb_matrix/ahb_matrix.ip_user_files/bd/ahb_axi_matrix/ip/ahb_axi_matrix_axi_ahblite_bridge_1_1/sim/ahb_axi_matrix_axi_ahblite_bridge_1_1.vhd", 148: 

*Error* Syntax error at s_axi_arid
"/home/ICer/work/vivado/ahb_matrix/ahb_matrix.ip_user_files/bd/ahb_axi_matrix/ip/ahb_axi_matrix_axi_ahblite_bridge_1_1/sim/ahb_axi_matrix_axi_ahblite_bridge_1_1.vhd", 149: 

*Error* Syntax error at s_axi_araddr
"/home/ICer/work/vivado/ahb_matrix/ahb_matrix.ip_user_files/bd/ahb_axi_matrix/ip/ahb_axi_matrix_axi_ahblite_bridge_1_1/sim/ahb_axi_matrix_axi_ahblite_bridge_1_1.vhd", 150: 

*Error* Syntax error at s_axi_arprot
"/home/ICer/work/vivado/ahb_matrix/ahb_matrix.ip_user_files/bd/ahb_axi_matrix/ip/ahb_axi_matrix_axi_ahblite_bridge_1_1/sim/ahb_axi_matrix_axi_ahblite_bridge_1_1.vhd", 151: 

*Error* Syntax error at s_axi_arcache
"/home/ICer/work/vivado/ahb_matrix/ahb_matrix.ip_user_files/bd/ahb_axi_matrix/ip/ahb_axi_matrix_axi_ahblite_bridge_1_1/sim/ahb_axi_matrix_axi_ahblite_bridge_1_1.vhd", 152: 

*Error* Syntax error at s_axi_arvalid
"/home/ICer/work/vivado/ahb_matrix/ahb_matrix.ip_user_files/bd/ahb_axi_matrix/ip/ahb_axi_matrix_axi_ahblite_bridge_1_1/sim/ahb_axi_matrix_axi_ahblite_bridge_1_1.vhd", 153: 

*Error* Syntax error at s_axi_arlen
"/home/ICer/work/vivado/ahb_matrix/ahb_matrix.ip_user_files/bd/ahb_axi_matrix/ip/ahb_axi_matrix_axi_ahblite_bridge_1_1/sim/ahb_axi_matrix_axi_ahblite_bridge_1_1.vhd", 154: 

*Error* Syntax error at s_axi_arsize
"/home/ICer/work/vivado/ahb_matrix/ahb_matrix.ip_user_files/bd/ahb_axi_matrix/ip/ahb_axi_matrix_axi_ahblite_bridge_1_1/sim/ahb_axi_matrix_axi_ahblite_bridge_1_1.vhd", 155: 

*Error* Syntax error at s_axi_arburst
"/home/ICer/work/vivado/ahb_matrix/ahb_matrix.ip_user_files/bd/ahb_axi_matrix/ip/ahb_axi_matrix_axi_ahblite_bridge_1_1/sim/ahb_axi_matrix_axi_ahblite_bridge_1_1.vhd", 156: 

*Error* Syntax error at s_axi_arlock
"/home/ICer/work/vivado/ahb_matrix/ahb_matrix.ip_user_files/bd/ahb_axi_matrix/ip/ahb_axi_matrix_axi_ahblite_bridge_1_1/sim/ahb_axi_matrix_axi_ahblite_bridge_1_1.vhd", 157: 

*Error* Syntax error at s_axi_arready
"/home/ICer/work/vivado/ahb_matrix/ahb_matrix.ip_user_files/bd/ahb_axi_matrix/ip/ahb_axi_matrix_axi_ahblite_bridge_1_1/sim/ahb_axi_matrix_axi_ahblite_bridge_1_1.vhd", 158: 

*Error* Syntax error at s_axi_rid
"/home/ICer/work/vivado/ahb_matrix/ahb_matrix.ip_user_files/bd/ahb_axi_matrix/ip/ahb_axi_matrix_axi_ahblite_bridge_1_1/sim/ahb_axi_matrix_axi_ahblite_bridge_1_1.vhd", 159: 

*Error* Syntax error at s_axi_rdata
"/home/ICer/work/vivado/ahb_matrix/ahb_matrix.ip_user_files/bd/ahb_axi_matrix/ip/ahb_axi_matrix_axi_ahblite_bridge_1_1/sim/ahb_axi_matrix_axi_ahblite_bridge_1_1.vhd", 160: 

*Error* Syntax error at s_axi_rresp
"/home/ICer/work/vivado/ahb_matrix/ahb_matrix.ip_user_files/bd/ahb_axi_matrix/ip/ahb_axi_matrix_axi_ahblite_bridge_1_1/sim/ahb_axi_matrix_axi_ahblite_bridge_1_1.vhd", 161: 

*Error* Syntax error at s_axi_rvalid
"/home/ICer/work/vivado/ahb_matrix/ahb_matrix.ip_user_files/bd/ahb_axi_matrix/ip/ahb_axi_matrix_axi_ahblite_bridge_1_1/sim/ahb_axi_matrix_axi_ahblite_bridge_1_1.vhd", 162: 

*Error* Syntax error at s_axi_rlast
"/home/ICer/work/vivado/ahb_matrix/ahb_matrix.ip_user_files/bd/ahb_axi_matrix/ip/ahb_axi_matrix_axi_ahblite_bridge_1_1/sim/ahb_axi_matrix_axi_ahblite_bridge_1_1.vhd", 163: 

*Error* Syntax error at s_axi_rready
"/home/ICer/work/vivado/ahb_matrix/ahb_matrix.ip_user_files/bd/ahb_axi_matrix/ip/ahb_axi_matrix_axi_ahblite_bridge_1_1/sim/ahb_axi_matrix_axi_ahblite_bridge_1_1.vhd", 164: 

*Error* Syntax error at m_ahb_haddr
"/home/ICer/work/vivado/ahb_matrix/ahb_matrix.ip_user_files/bd/ahb_axi_matrix/ip/ahb_axi_matrix_axi_ahblite_bridge_1_1/sim/ahb_axi_matrix_axi_ahblite_bridge_1_1.vhd", 165: 

*Error* Syntax error at m_ahb_hwrite
"/home/ICer/work/vivado/ahb_matrix/ahb_matrix.ip_user_files/bd/ahb_axi_matrix/ip/ahb_axi_matrix_axi_ahblite_bridge_1_1/sim/ahb_axi_matrix_axi_ahblite_bridge_1_1.vhd", 166: 

*Error* Syntax error at m_ahb_hsize
"/home/ICer/work/vivado/ahb_matrix/ahb_matrix.ip_user_files/bd/ahb_axi_matrix/ip/ahb_axi_matrix_axi_ahblite_bridge_1_1/sim/ahb_axi_matrix_axi_ahblite_bridge_1_1.vhd", 167: 

*Error* Syntax error at m_ahb_hburst
"/home/ICer/work/vivado/ahb_matrix/ahb_matrix.ip_user_files/bd/ahb_axi_matrix/ip/ahb_axi_matrix_axi_ahblite_bridge_1_1/sim/ahb_axi_matrix_axi_ahblite_bridge_1_1.vhd", 168: 

*Error* Syntax error at m_ahb_hprot
"/home/ICer/work/vivado/ahb_matrix/ahb_matrix.ip_user_files/bd/ahb_axi_matrix/ip/ahb_axi_matrix_axi_ahblite_bridge_1_1/sim/ahb_axi_matrix_axi_ahblite_bridge_1_1.vhd", 169: 

*Error* Syntax error at m_ahb_htrans
"/home/ICer/work/vivado/ahb_matrix/ahb_matrix.ip_user_files/bd/ahb_axi_matrix/ip/ahb_axi_matrix_axi_ahblite_bridge_1_1/sim/ahb_axi_matrix_axi_ahblite_bridge_1_1.vhd", 170: 

*Error* Syntax error at m_ahb_hmastlock
"/home/ICer/work/vivado/ahb_matrix/ahb_matrix.ip_user_files/bd/ahb_axi_matrix/ip/ahb_axi_matrix_axi_ahblite_bridge_1_1/sim/ahb_axi_matrix_axi_ahblite_bridge_1_1.vhd", 171: 

*Error* Syntax error at m_ahb_hwdata
"/home/ICer/work/vivado/ahb_matrix/ahb_matrix.ip_user_files/bd/ahb_axi_matrix/ip/ahb_axi_matrix_axi_ahblite_bridge_1_1/sim/ahb_axi_matrix_axi_ahblite_bridge_1_1.vhd", 172: 

*Error* Syntax error at m_ahb_hready
"/home/ICer/work/vivado/ahb_matrix/ahb_matrix.ip_user_files/bd/ahb_axi_matrix/ip/ahb_axi_matrix_axi_ahblite_bridge_1_1/sim/ahb_axi_matrix_axi_ahblite_bridge_1_1.vhd", 173: 

*Error* Syntax error at m_ahb_hrdata
"/home/ICer/work/vivado/ahb_matrix/ahb_matrix.ip_user_files/bd/ahb_axi_matrix/ip/ahb_axi_matrix_axi_ahblite_bridge_1_1/sim/ahb_axi_matrix_axi_ahblite_bridge_1_1.vhd", 174: 

*Error* Syntax error at m_ahb_hresp
"/home/ICer/work/vivado/ahb_matrix/ahb_matrix.ip_user_files/bd/ahb_axi_matrix/ip/ahb_axi_matrix_axi_ahblite_bridge_1_1/sim/ahb_axi_matrix_axi_ahblite_bridge_1_1.vhd", 175: 

*Error* Syntax error at )
"/home/ICer/work/vivado/ahb_matrix/ahb_matrix.ip_user_files/bd/ahb_axi_matrix/ip/ahb_axi_matrix_axi_ahblite_bridge_1_1/sim/ahb_axi_matrix_axi_ahblite_bridge_1_1.vhd", 176: 

*Error* Syntax error at END
"/home/ICer/work/vivado/ahb_matrix/ahb_matrix.ip_user_files/bd/ahb_axi_matrix/ip/ahb_axi_matrix_axi_ahblite_bridge_1_1/sim/ahb_axi_matrix_axi_ahblite_bridge_1_1.vhd", 177: 

*Error* Syntax error at ATTRIBUTE
"/home/ICer/work/vivado/ahb_matrix/ahb_matrix.ip_user_files/bd/ahb_axi_matrix/ip/ahb_axi_matrix_axi_ahblite_bridge_1_1/sim/ahb_axi_matrix_axi_ahblite_bridge_1_1.vhd", 178: 

*Error* Syntax error at ATTRIBUTE
"/home/ICer/work/vivado/ahb_matrix/ahb_matrix.ip_user_files/bd/ahb_axi_matrix/ip/ahb_axi_matrix_axi_ahblite_bridge_1_1/sim/ahb_axi_matrix_axi_ahblite_bridge_1_1.vhd", 179: 

*Error* Syntax error at ATTRIBUTE
"/home/ICer/work/vivado/ahb_matrix/ahb_matrix.ip_user_files/bd/ahb_axi_matrix/ip/ahb_axi_matrix_axi_ahblite_bridge_1_1/sim/ahb_axi_matrix_axi_ahblite_bridge_1_1.vhd", 180: 

*Error* Syntax error at ATTRIBUTE
"/home/ICer/work/vivado/ahb_matrix/ahb_matrix.ip_user_files/bd/ahb_axi_matrix/ip/ahb_axi_matrix_axi_ahblite_bridge_1_1/sim/ahb_axi_matrix_axi_ahblite_bridge_1_1.vhd", 181: 

*Error* Syntax error at ATTRIBUTE
"/home/ICer/work/vivado/ahb_matrix/ahb_matrix.ip_user_files/bd/ahb_axi_matrix/ip/ahb_axi_matrix_axi_ahblite_bridge_1_1/sim/ahb_axi_matrix_axi_ahblite_bridge_1_1.vhd", 182: 

*Error* Syntax error at ATTRIBUTE
"/home/ICer/work/vivado/ahb_matrix/ahb_matrix.ip_user_files/bd/ahb_axi_matrix/ip/ahb_axi_matrix_axi_ahblite_bridge_1_1/sim/ahb_axi_matrix_axi_ahblite_bridge_1_1.vhd", 183: 

*Error* Syntax error at ATTRIBUTE
"/home/ICer/work/vivado/ahb_matrix/ahb_matrix.ip_user_files/bd/ahb_axi_matrix/ip/ahb_axi_matrix_axi_ahblite_bridge_1_1/sim/ahb_axi_matrix_axi_ahblite_bridge_1_1.vhd", 184: 

*Error* Syntax error at ATTRIBUTE
"/home/ICer/work/vivado/ahb_matrix/ahb_matrix.ip_user_files/bd/ahb_axi_matrix/ip/ahb_axi_matrix_axi_ahblite_bridge_1_1/sim/ahb_axi_matrix_axi_ahblite_bridge_1_1.vhd", 185: 

*Error* Syntax error at ATTRIBUTE
"/home/ICer/work/vivado/ahb_matrix/ahb_matrix.ip_user_files/bd/ahb_axi_matrix/ip/ahb_axi_matrix_axi_ahblite_bridge_1_1/sim/ahb_axi_matrix_axi_ahblite_bridge_1_1.vhd", 186: 

*Error* Syntax error at ATTRIBUTE
"/home/ICer/work/vivado/ahb_matrix/ahb_matrix.ip_user_files/bd/ahb_axi_matrix/ip/ahb_axi_matrix_axi_ahblite_bridge_1_1/sim/ahb_axi_matrix_axi_ahblite_bridge_1_1.vhd", 187: 

*Error* Syntax error at ATTRIBUTE
"/home/ICer/work/vivado/ahb_matrix/ahb_matrix.ip_user_files/bd/ahb_axi_matrix/ip/ahb_axi_matrix_axi_ahblite_bridge_1_1/sim/ahb_axi_matrix_axi_ahblite_bridge_1_1.vhd", 188: 

*Error* Syntax error at ATTRIBUTE
"/home/ICer/work/vivado/ahb_matrix/ahb_matrix.ip_user_files/bd/ahb_axi_matrix/ip/ahb_axi_matrix_axi_ahblite_bridge_1_1/sim/ahb_axi_matrix_axi_ahblite_bridge_1_1.vhd", 189: 

*Error* Syntax error at ATTRIBUTE
"/home/ICer/work/vivado/ahb_matrix/ahb_matrix.ip_user_files/bd/ahb_axi_matrix/ip/ahb_axi_matrix_axi_ahblite_bridge_1_1/sim/ahb_axi_matrix_axi_ahblite_bridge_1_1.vhd", 190: 

*Error* Syntax error at ATTRIBUTE
"/home/ICer/work/vivado/ahb_matrix/ahb_matrix.ip_user_files/bd/ahb_axi_matrix/ip/ahb_axi_matrix_axi_ahblite_bridge_1_1/sim/ahb_axi_matrix_axi_ahblite_bridge_1_1.vhd", 191: 

*Error* Syntax error at ATTRIBUTE
"/home/ICer/work/vivado/ahb_matrix/ahb_matrix.ip_user_files/bd/ahb_axi_matrix/ip/ahb_axi_matrix_axi_ahblite_bridge_1_1/sim/ahb_axi_matrix_axi_ahblite_bridge_1_1.vhd", 192: 

*Error* Syntax error at ATTRIBUTE
"/home/ICer/work/vivado/ahb_matrix/ahb_matrix.ip_user_files/bd/ahb_axi_matrix/ip/ahb_axi_matrix_axi_ahblite_bridge_1_1/sim/ahb_axi_matrix_axi_ahblite_bridge_1_1.vhd", 193: 

*Error* Syntax error at ATTRIBUTE
"/home/ICer/work/vivado/ahb_matrix/ahb_matrix.ip_user_files/bd/ahb_axi_matrix/ip/ahb_axi_matrix_axi_ahblite_bridge_1_1/sim/ahb_axi_matrix_axi_ahblite_bridge_1_1.vhd", 194: 

*Error* Syntax error at ATTRIBUTE
"/home/ICer/work/vivado/ahb_matrix/ahb_matrix.ip_user_files/bd/ahb_axi_matrix/ip/ahb_axi_matrix_axi_ahblite_bridge_1_1/sim/ahb_axi_matrix_axi_ahblite_bridge_1_1.vhd", 195: 

*Error* Syntax error at ATTRIBUTE
"/home/ICer/work/vivado/ahb_matrix/ahb_matrix.ip_user_files/bd/ahb_axi_matrix/ip/ahb_axi_matrix_axi_ahblite_bridge_1_1/sim/ahb_axi_matrix_axi_ahblite_bridge_1_1.vhd", 196: 

*Error* Syntax error at ATTRIBUTE
"/home/ICer/work/vivado/ahb_matrix/ahb_matrix.ip_user_files/bd/ahb_axi_matrix/ip/ahb_axi_matrix_axi_ahblite_bridge_1_1/sim/ahb_axi_matrix_axi_ahblite_bridge_1_1.vhd", 197: 

*Error* Syntax error at ATTRIBUTE
"/home/ICer/work/vivado/ahb_matrix/ahb_matrix.ip_user_files/bd/ahb_axi_matrix/ip/ahb_axi_matrix_axi_ahblite_bridge_1_1/sim/ahb_axi_matrix_axi_ahblite_bridge_1_1.vhd", 198: 

*Error* Syntax error at ATTRIBUTE
"/home/ICer/work/vivado/ahb_matrix/ahb_matrix.ip_user_files/bd/ahb_axi_matrix/ip/ahb_axi_matrix_axi_ahblite_bridge_1_1/sim/ahb_axi_matrix_axi_ahblite_bridge_1_1.vhd", 199: 

*Error* Syntax error at ATTRIBUTE
"/home/ICer/work/vivado/ahb_matrix/ahb_matrix.ip_user_files/bd/ahb_axi_matrix/ip/ahb_axi_matrix_axi_ahblite_bridge_1_1/sim/ahb_axi_matrix_axi_ahblite_bridge_1_1.vhd", 200: 

*Error* Syntax error at ATTRIBUTE
"/home/ICer/work/vivado/ahb_matrix/ahb_matrix.ip_user_files/bd/ahb_axi_matrix/ip/ahb_axi_matrix_axi_ahblite_bridge_1_1/sim/ahb_axi_matrix_axi_ahblite_bridge_1_1.vhd", 201: 

*Error* Syntax error at ATTRIBUTE
"/home/ICer/work/vivado/ahb_matrix/ahb_matrix.ip_user_files/bd/ahb_axi_matrix/ip/ahb_axi_matrix_axi_ahblite_bridge_1_1/sim/ahb_axi_matrix_axi_ahblite_bridge_1_1.vhd", 202: 

*Error* Syntax error at ATTRIBUTE
"/home/ICer/work/vivado/ahb_matrix/ahb_matrix.ip_user_files/bd/ahb_axi_matrix/ip/ahb_axi_matrix_axi_ahblite_bridge_1_1/sim/ahb_axi_matrix_axi_ahblite_bridge_1_1.vhd", 203: 

*Error* Syntax error at ATTRIBUTE
"/home/ICer/work/vivado/ahb_matrix/ahb_matrix.ip_user_files/bd/ahb_axi_matrix/ip/ahb_axi_matrix_axi_ahblite_bridge_1_1/sim/ahb_axi_matrix_axi_ahblite_bridge_1_1.vhd", 204: 

*Error* Syntax error at ATTRIBUTE
"/home/ICer/work/vivado/ahb_matrix/ahb_matrix.ip_user_files/bd/ahb_axi_matrix/ip/ahb_axi_matrix_axi_ahblite_bridge_1_1/sim/ahb_axi_matrix_axi_ahblite_bridge_1_1.vhd", 205: 

*Error* Syntax error at ATTRIBUTE
"/home/ICer/work/vivado/ahb_matrix/ahb_matrix.ip_user_files/bd/ahb_axi_matrix/ip/ahb_axi_matrix_axi_ahblite_bridge_1_1/sim/ahb_axi_matrix_axi_ahblite_bridge_1_1.vhd", 206: 

*Error* Syntax error at ATTRIBUTE
"/home/ICer/work/vivado/ahb_matrix/ahb_matrix.ip_user_files/bd/ahb_axi_matrix/ip/ahb_axi_matrix_axi_ahblite_bridge_1_1/sim/ahb_axi_matrix_axi_ahblite_bridge_1_1.vhd", 207: 

*Error* Syntax error at ATTRIBUTE
"/home/ICer/work/vivado/ahb_matrix/ahb_matrix.ip_user_files/bd/ahb_axi_matrix/ip/ahb_axi_matrix_axi_ahblite_bridge_1_1/sim/ahb_axi_matrix_axi_ahblite_bridge_1_1.vhd", 208: 

*Error* Syntax error at ATTRIBUTE
"/home/ICer/work/vivado/ahb_matrix/ahb_matrix.ip_user_files/bd/ahb_axi_matrix/ip/ahb_axi_matrix_axi_ahblite_bridge_1_1/sim/ahb_axi_matrix_axi_ahblite_bridge_1_1.vhd", 209: 

*Error* Syntax error at ATTRIBUTE
"/home/ICer/work/vivado/ahb_matrix/ahb_matrix.ip_user_files/bd/ahb_axi_matrix/ip/ahb_axi_matrix_axi_ahblite_bridge_1_1/sim/ahb_axi_matrix_axi_ahblite_bridge_1_1.vhd", 210: 

*Error* Syntax error at ATTRIBUTE
"/home/ICer/work/vivado/ahb_matrix/ahb_matrix.ip_user_files/bd/ahb_axi_matrix/ip/ahb_axi_matrix_axi_ahblite_bridge_1_1/sim/ahb_axi_matrix_axi_ahblite_bridge_1_1.vhd", 211: 

*Error* Syntax error at ATTRIBUTE
"/home/ICer/work/vivado/ahb_matrix/ahb_matrix.ip_user_files/bd/ahb_axi_matrix/ip/ahb_axi_matrix_axi_ahblite_bridge_1_1/sim/ahb_axi_matrix_axi_ahblite_bridge_1_1.vhd", 212: 

*Error* Syntax error at ATTRIBUTE
"/home/ICer/work/vivado/ahb_matrix/ahb_matrix.ip_user_files/bd/ahb_axi_matrix/ip/ahb_axi_matrix_axi_ahblite_bridge_1_1/sim/ahb_axi_matrix_axi_ahblite_bridge_1_1.vhd", 213: 

*Error* Syntax error at ATTRIBUTE
"/home/ICer/work/vivado/ahb_matrix/ahb_matrix.ip_user_files/bd/ahb_axi_matrix/ip/ahb_axi_matrix_axi_ahblite_bridge_1_1/sim/ahb_axi_matrix_axi_ahblite_bridge_1_1.vhd", 214: 

*Error* Syntax error at ATTRIBUTE
"/home/ICer/work/vivado/ahb_matrix/ahb_matrix.ip_user_files/bd/ahb_axi_matrix/ip/ahb_axi_matrix_axi_ahblite_bridge_1_1/sim/ahb_axi_matrix_axi_ahblite_bridge_1_1.vhd", 215: 

*Error* Syntax error at ATTRIBUTE
"/home/ICer/work/vivado/ahb_matrix/ahb_matrix.ip_user_files/bd/ahb_axi_matrix/ip/ahb_axi_matrix_axi_ahblite_bridge_1_1/sim/ahb_axi_matrix_axi_ahblite_bridge_1_1.vhd", 216: 

*Error* Syntax error at ATTRIBUTE
"/home/ICer/work/vivado/ahb_matrix/ahb_matrix.ip_user_files/bd/ahb_axi_matrix/ip/ahb_axi_matrix_axi_ahblite_bridge_1_1/sim/ahb_axi_matrix_axi_ahblite_bridge_1_1.vhd", 217: 

*Error* Syntax error at ATTRIBUTE
"/home/ICer/work/vivado/ahb_matrix/ahb_matrix.ip_user_files/bd/ahb_axi_matrix/ip/ahb_axi_matrix_axi_ahblite_bridge_1_1/sim/ahb_axi_matrix_axi_ahblite_bridge_1_1.vhd", 218: 

*Error* Syntax error at ATTRIBUTE
"/home/ICer/work/vivado/ahb_matrix/ahb_matrix.ip_user_files/bd/ahb_axi_matrix/ip/ahb_axi_matrix_axi_ahblite_bridge_1_1/sim/ahb_axi_matrix_axi_ahblite_bridge_1_1.vhd", 219: 

*Error* Syntax error at ATTRIBUTE
"/home/ICer/work/vivado/ahb_matrix/ahb_matrix.ip_user_files/bd/ahb_axi_matrix/ip/ahb_axi_matrix_axi_ahblite_bridge_1_1/sim/ahb_axi_matrix_axi_ahblite_bridge_1_1.vhd", 220: 

*Error* Syntax error at ATTRIBUTE
"/home/ICer/work/vivado/ahb_matrix/ahb_matrix.ip_user_files/bd/ahb_axi_matrix/ip/ahb_axi_matrix_axi_ahblite_bridge_1_1/sim/ahb_axi_matrix_axi_ahblite_bridge_1_1.vhd", 221: 

*Error* Syntax error at ATTRIBUTE
"/home/ICer/work/vivado/ahb_matrix/ahb_matrix.ip_user_files/bd/ahb_axi_matrix/ip/ahb_axi_matrix_axi_ahblite_bridge_1_1/sim/ahb_axi_matrix_axi_ahblite_bridge_1_1.vhd", 222: 

*Error* Syntax error at ATTRIBUTE
"/home/ICer/work/vivado/ahb_matrix/ahb_matrix.ip_user_files/bd/ahb_axi_matrix/ip/ahb_axi_matrix_axi_ahblite_bridge_1_1/sim/ahb_axi_matrix_axi_ahblite_bridge_1_1.vhd", 223: 

*Error* Syntax error at ATTRIBUTE
"/home/ICer/work/vivado/ahb_matrix/ahb_matrix.ip_user_files/bd/ahb_axi_matrix/ip/ahb_axi_matrix_axi_ahblite_bridge_1_1/sim/ahb_axi_matrix_axi_ahblite_bridge_1_1.vhd", 224: 

*Error* Syntax error at ATTRIBUTE
"/home/ICer/work/vivado/ahb_matrix/ahb_matrix.ip_user_files/bd/ahb_axi_matrix/ip/ahb_axi_matrix_axi_ahblite_bridge_1_1/sim/ahb_axi_matrix_axi_ahblite_bridge_1_1.vhd", 225: 

*Error* Syntax error at "D_THREADS 1, NUM_WRITE_THREADS 1, RUSER_BITS_PER_BYTE 0, WUSER_BITS_PER_BYTE 0, INSERT_VIP 0"
"/home/ICer/work/vivado/ahb_matrix/ahb_matrix.ip_user_files/bd/ahb_axi_matrix/ip/ahb_axi_matrix_axi_ahblite_bridge_1_1/sim/ahb_axi_matrix_axi_ahblite_bridge_1_1.vhd", 226: 

*Error* Syntax error at ATTRIBUTE
"/home/ICer/work/vivado/ahb_matrix/ahb_matrix.ip_user_files/bd/ahb_axi_matrix/ip/ahb_axi_matrix_axi_ahblite_bridge_1_1/sim/ahb_axi_matrix_axi_ahblite_bridge_1_1.vhd", 227: 

*Error* Syntax error at ATTRIBUTE
"/home/ICer/work/vivado/ahb_matrix/ahb_matrix.ip_user_files/bd/ahb_axi_matrix/ip/ahb_axi_matrix_axi_ahblite_bridge_1_1/sim/ahb_axi_matrix_axi_ahblite_bridge_1_1.vhd", 228: 

*Error* Syntax error at ATTRIBUTE
"/home/ICer/work/vivado/ahb_matrix/ahb_matrix.ip_user_files/bd/ahb_axi_matrix/ip/ahb_axi_matrix_axi_ahblite_bridge_1_1/sim/ahb_axi_matrix_axi_ahblite_bridge_1_1.vhd", 229: 

*Error* Syntax error at ATTRIBUTE
"/home/ICer/work/vivado/ahb_matrix/ahb_matrix.ip_user_files/bd/ahb_axi_matrix/ip/ahb_axi_matrix_axi_ahblite_bridge_1_1/sim/ahb_axi_matrix_axi_ahblite_bridge_1_1.vhd", 230: 

*Error* Syntax error at ATTRIBUTE
"/home/ICer/work/vivado/ahb_matrix/ahb_matrix.ip_user_files/bd/ahb_axi_matrix/ip/ahb_axi_matrix_axi_ahblite_bridge_1_1/sim/ahb_axi_matrix_axi_ahblite_bridge_1_1.vhd", 231: 

*Error* Syntax error at BEGIN
"/home/ICer/work/vivado/ahb_matrix/ahb_matrix.ip_user_files/bd/ahb_axi_matrix/ip/ahb_axi_matrix_axi_ahblite_bridge_1_1/sim/ahb_axi_matrix_axi_ahblite_bridge_1_1.vhd", 232: 

*Error* Syntax error at U0
"/home/ICer/work/vivado/ahb_matrix/ahb_matrix.ip_user_files/bd/ahb_axi_matrix/ip/ahb_axi_matrix_axi_ahblite_bridge_1_1/sim/ahb_axi_matrix_axi_ahblite_bridge_1_1.vhd", 233: 

*Error* Syntax error at GENERIC
"/home/ICer/work/vivado/ahb_matrix/ahb_matrix.ip_user_files/bd/ahb_axi_matrix/ip/ahb_axi_matrix_axi_ahblite_bridge_1_1/sim/ahb_axi_matrix_axi_ahblite_bridge_1_1.vhd", 234: 

*Error* Syntax error at C_FAMILY
"/home/ICer/work/vivado/ahb_matrix/ahb_matrix.ip_user_files/bd/ahb_axi_matrix/ip/ahb_axi_matrix_axi_ahblite_bridge_1_1/sim/ahb_axi_matrix_axi_ahblite_bridge_1_1.vhd", 235: 

*Error* Syntax error at C_INSTANCE
"/home/ICer/work/vivado/ahb_matrix/ahb_matrix.ip_user_files/bd/ahb_axi_matrix/ip/ahb_axi_matrix_axi_ahblite_bridge_1_1/sim/ahb_axi_matrix_axi_ahblite_bridge_1_1.vhd", 236: 

*Error* Syntax error at C_S_AXI_ADDR_WIDTH
"/home/ICer/work/vivado/ahb_matrix/ahb_matrix.ip_user_files/bd/ahb_axi_matrix/ip/ahb_axi_matrix_axi_ahblite_bridge_1_1/sim/ahb_axi_matrix_axi_ahblite_bridge_1_1.vhd", 237: 

*Error* Syntax error at C_S_AXI_DATA_WIDTH
"/home/ICer/work/vivado/ahb_matrix/ahb_matrix.ip_user_files/bd/ahb_axi_matrix/ip/ahb_axi_matrix_axi_ahblite_bridge_1_1/sim/ahb_axi_matrix_axi_ahblite_bridge_1_1.vhd", 238: 

*Error* Syntax error at C_S_AXI_SUPPORTS_NARROW_BURST
"/home/ICer/work/vivado/ahb_matrix/ahb_matrix.ip_user_files/bd/ahb_axi_matrix/ip/ahb_axi_matrix_axi_ahblite_bridge_1_1/sim/ahb_axi_matrix_axi_ahblite_bridge_1_1.vhd", 239: 

*Error* Syntax error at C_S_AXI_ID_WIDTH
"/home/ICer/work/vivado/ahb_matrix/ahb_matrix.ip_user_files/bd/ahb_axi_matrix/ip/ahb_axi_matrix_axi_ahblite_bridge_1_1/sim/ahb_axi_matrix_axi_ahblite_bridge_1_1.vhd", 240: 

*Error* Syntax error at C_M_AHB_ADDR_WIDTH
"/home/ICer/work/vivado/ahb_matrix/ahb_matrix.ip_user_files/bd/ahb_axi_matrix/ip/ahb_axi_matrix_axi_ahblite_bridge_1_1/sim/ahb_axi_matrix_axi_ahblite_bridge_1_1.vhd", 241: 

*Error* Syntax error at C_M_AHB_DATA_WIDTH
"/home/ICer/work/vivado/ahb_matrix/ahb_matrix.ip_user_files/bd/ahb_axi_matrix/ip/ahb_axi_matrix_axi_ahblite_bridge_1_1/sim/ahb_axi_matrix_axi_ahblite_bridge_1_1.vhd", 242: 

*Error* Syntax error at C_DPHASE_TIMEOUT
"/home/ICer/work/vivado/ahb_matrix/ahb_matrix.ip_user_files/bd/ahb_axi_matrix/ip/ahb_axi_matrix_axi_ahblite_bridge_1_1/sim/ahb_axi_matrix_axi_ahblite_bridge_1_1.vhd", 243: 

*Error* Syntax error at )
"/home/ICer/work/vivado/ahb_matrix/ahb_matrix.ip_user_files/bd/ahb_axi_matrix/ip/ahb_axi_matrix_axi_ahblite_bridge_1_1/sim/ahb_axi_matrix_axi_ahblite_bridge_1_1.vhd", 244: 

*Error* Syntax error at PORT
"/home/ICer/work/vivado/ahb_matrix/ahb_matrix.ip_user_files/bd/ahb_axi_matrix/ip/ahb_axi_matrix_axi_ahblite_bridge_1_1/sim/ahb_axi_matrix_axi_ahblite_bridge_1_1.vhd", 245: 

*Error* Syntax error at s_axi_aclk
"/home/ICer/work/vivado/ahb_matrix/ahb_matrix.ip_user_files/bd/ahb_axi_matrix/ip/ahb_axi_matrix_axi_ahblite_bridge_1_1/sim/ahb_axi_matrix_axi_ahblite_bridge_1_1.vhd", 246: 

*Error* Syntax error at s_axi_aresetn
"/home/ICer/work/vivado/ahb_matrix/ahb_matrix.ip_user_files/bd/ahb_axi_matrix/ip/ahb_axi_matrix_axi_ahblite_bridge_1_1/sim/ahb_axi_matrix_axi_ahblite_bridge_1_1.vhd", 247: 

*Error* Syntax error at s_axi_awid
"/home/ICer/work/vivado/ahb_matrix/ahb_matrix.ip_user_files/bd/ahb_axi_matrix/ip/ahb_axi_matrix_axi_ahblite_bridge_1_1/sim/ahb_axi_matrix_axi_ahblite_bridge_1_1.vhd", 248: 

*Error* Syntax error at s_axi_awlen
"/home/ICer/work/vivado/ahb_matrix/ahb_matrix.ip_user_files/bd/ahb_axi_matrix/ip/ahb_axi_matrix_axi_ahblite_bridge_1_1/sim/ahb_axi_matrix_axi_ahblite_bridge_1_1.vhd", 249: 

*Error* Syntax error at s_axi_awsize
"/home/ICer/work/vivado/ahb_matrix/ahb_matrix.ip_user_files/bd/ahb_axi_matrix/ip/ahb_axi_matrix_axi_ahblite_bridge_1_1/sim/ahb_axi_matrix_axi_ahblite_bridge_1_1.vhd", 250: 

*Error* Syntax error at s_axi_awburst
"/home/ICer/work/vivado/ahb_matrix/ahb_matrix.ip_user_files/bd/ahb_axi_matrix/ip/ahb_axi_matrix_axi_ahblite_bridge_1_1/sim/ahb_axi_matrix_axi_ahblite_bridge_1_1.vhd", 251: 

*Error* Syntax error at s_axi_awcache
"/home/ICer/work/vivado/ahb_matrix/ahb_matrix.ip_user_files/bd/ahb_axi_matrix/ip/ahb_axi_matrix_axi_ahblite_bridge_1_1/sim/ahb_axi_matrix_axi_ahblite_bridge_1_1.vhd", 252: 

*Error* Syntax error at s_axi_awaddr
"/home/ICer/work/vivado/ahb_matrix/ahb_matrix.ip_user_files/bd/ahb_axi_matrix/ip/ahb_axi_matrix_axi_ahblite_bridge_1_1/sim/ahb_axi_matrix_axi_ahblite_bridge_1_1.vhd", 253: 

*Error* Syntax error at s_axi_awprot
"/home/ICer/work/vivado/ahb_matrix/ahb_matrix.ip_user_files/bd/ahb_axi_matrix/ip/ahb_axi_matrix_axi_ahblite_bridge_1_1/sim/ahb_axi_matrix_axi_ahblite_bridge_1_1.vhd", 254: 

*Error* Syntax error at s_axi_awvalid
"/home/ICer/work/vivado/ahb_matrix/ahb_matrix.ip_user_files/bd/ahb_axi_matrix/ip/ahb_axi_matrix_axi_ahblite_bridge_1_1/sim/ahb_axi_matrix_axi_ahblite_bridge_1_1.vhd", 255: 

*Error* Syntax error at s_axi_awready
"/home/ICer/work/vivado/ahb_matrix/ahb_matrix.ip_user_files/bd/ahb_axi_matrix/ip/ahb_axi_matrix_axi_ahblite_bridge_1_1/sim/ahb_axi_matrix_axi_ahblite_bridge_1_1.vhd", 256: 

*Error* Syntax error at s_axi_awlock
"/home/ICer/work/vivado/ahb_matrix/ahb_matrix.ip_user_files/bd/ahb_axi_matrix/ip/ahb_axi_matrix_axi_ahblite_bridge_1_1/sim/ahb_axi_matrix_axi_ahblite_bridge_1_1.vhd", 257: 

*Error* Syntax error at s_axi_wdata
"/home/ICer/work/vivado/ahb_matrix/ahb_matrix.ip_user_files/bd/ahb_axi_matrix/ip/ahb_axi_matrix_axi_ahblite_bridge_1_1/sim/ahb_axi_matrix_axi_ahblite_bridge_1_1.vhd", 258: 

*Error* Syntax error at s_axi_wstrb
"/home/ICer/work/vivado/ahb_matrix/ahb_matrix.ip_user_files/bd/ahb_axi_matrix/ip/ahb_axi_matrix_axi_ahblite_bridge_1_1/sim/ahb_axi_matrix_axi_ahblite_bridge_1_1.vhd", 259: 

*Error* Syntax error at s_axi_wlast
"/home/ICer/work/vivado/ahb_matrix/ahb_matrix.ip_user_files/bd/ahb_axi_matrix/ip/ahb_axi_matrix_axi_ahblite_bridge_1_1/sim/ahb_axi_matrix_axi_ahblite_bridge_1_1.vhd", 260: 

*Error* Syntax error at s_axi_wvalid
"/home/ICer/work/vivado/ahb_matrix/ahb_matrix.ip_user_files/bd/ahb_axi_matrix/ip/ahb_axi_matrix_axi_ahblite_bridge_1_1/sim/ahb_axi_matrix_axi_ahblite_bridge_1_1.vhd", 261: 

*Error* Syntax error at s_axi_wready
"/home/ICer/work/vivado/ahb_matrix/ahb_matrix.ip_user_files/bd/ahb_axi_matrix/ip/ahb_axi_matrix_axi_ahblite_bridge_1_1/sim/ahb_axi_matrix_axi_ahblite_bridge_1_1.vhd", 262: 

*Error* Syntax error at s_axi_bid
"/home/ICer/work/vivado/ahb_matrix/ahb_matrix.ip_user_files/bd/ahb_axi_matrix/ip/ahb_axi_matrix_axi_ahblite_bridge_1_1/sim/ahb_axi_matrix_axi_ahblite_bridge_1_1.vhd", 263: 

*Error* Syntax error at s_axi_bresp
"/home/ICer/work/vivado/ahb_matrix/ahb_matrix.ip_user_files/bd/ahb_axi_matrix/ip/ahb_axi_matrix_axi_ahblite_bridge_1_1/sim/ahb_axi_matrix_axi_ahblite_bridge_1_1.vhd", 264: 

*Error* Syntax error at s_axi_bvalid
"/home/ICer/work/vivado/ahb_matrix/ahb_matrix.ip_user_files/bd/ahb_axi_matrix/ip/ahb_axi_matrix_axi_ahblite_bridge_1_1/sim/ahb_axi_matrix_axi_ahblite_bridge_1_1.vhd", 265: 

*Error* Syntax error at s_axi_bready
"/home/ICer/work/vivado/ahb_matrix/ahb_matrix.ip_user_files/bd/ahb_axi_matrix/ip/ahb_axi_matrix_axi_ahblite_bridge_1_1/sim/ahb_axi_matrix_axi_ahblite_bridge_1_1.vhd", 266: 

*Error* Syntax error at s_axi_arid
"/home/ICer/work/vivado/ahb_matrix/ahb_matrix.ip_user_files/bd/ahb_axi_matrix/ip/ahb_axi_matrix_axi_ahblite_bridge_1_1/sim/ahb_axi_matrix_axi_ahblite_bridge_1_1.vhd", 267: 

*Error* Syntax error at s_axi_araddr
"/home/ICer/work/vivado/ahb_matrix/ahb_matrix.ip_user_files/bd/ahb_axi_matrix/ip/ahb_axi_matrix_axi_ahblite_bridge_1_1/sim/ahb_axi_matrix_axi_ahblite_bridge_1_1.vhd", 268: 

*Error* Syntax error at s_axi_arprot
"/home/ICer/work/vivado/ahb_matrix/ahb_matrix.ip_user_files/bd/ahb_axi_matrix/ip/ahb_axi_matrix_axi_ahblite_bridge_1_1/sim/ahb_axi_matrix_axi_ahblite_bridge_1_1.vhd", 269: 

*Error* Syntax error at s_axi_arcache
"/home/ICer/work/vivado/ahb_matrix/ahb_matrix.ip_user_files/bd/ahb_axi_matrix/ip/ahb_axi_matrix_axi_ahblite_bridge_1_1/sim/ahb_axi_matrix_axi_ahblite_bridge_1_1.vhd", 270: 

*Error* Syntax error at s_axi_arvalid
"/home/ICer/work/vivado/ahb_matrix/ahb_matrix.ip_user_files/bd/ahb_axi_matrix/ip/ahb_axi_matrix_axi_ahblite_bridge_1_1/sim/ahb_axi_matrix_axi_ahblite_bridge_1_1.vhd", 271: 

*Error* Syntax error at s_axi_arlen
"/home/ICer/work/vivado/ahb_matrix/ahb_matrix.ip_user_files/bd/ahb_axi_matrix/ip/ahb_axi_matrix_axi_ahblite_bridge_1_1/sim/ahb_axi_matrix_axi_ahblite_bridge_1_1.vhd", 272: 

*Error* Syntax error at s_axi_arsize
"/home/ICer/work/vivado/ahb_matrix/ahb_matrix.ip_user_files/bd/ahb_axi_matrix/ip/ahb_axi_matrix_axi_ahblite_bridge_1_1/sim/ahb_axi_matrix_axi_ahblite_bridge_1_1.vhd", 273: 

*Error* Syntax error at s_axi_arburst
"/home/ICer/work/vivado/ahb_matrix/ahb_matrix.ip_user_files/bd/ahb_axi_matrix/ip/ahb_axi_matrix_axi_ahblite_bridge_1_1/sim/ahb_axi_matrix_axi_ahblite_bridge_1_1.vhd", 274: 

*Error* Syntax error at s_axi_arlock
"/home/ICer/work/vivado/ahb_matrix/ahb_matrix.ip_user_files/bd/ahb_axi_matrix/ip/ahb_axi_matrix_axi_ahblite_bridge_1_1/sim/ahb_axi_matrix_axi_ahblite_bridge_1_1.vhd", 275: 

*Error* Syntax error at s_axi_arready
"/home/ICer/work/vivado/ahb_matrix/ahb_matrix.ip_user_files/bd/ahb_axi_matrix/ip/ahb_axi_matrix_axi_ahblite_bridge_1_1/sim/ahb_axi_matrix_axi_ahblite_bridge_1_1.vhd", 276: 

*Error* Syntax error at s_axi_rid
"/home/ICer/work/vivado/ahb_matrix/ahb_matrix.ip_user_files/bd/ahb_axi_matrix/ip/ahb_axi_matrix_axi_ahblite_bridge_1_1/sim/ahb_axi_matrix_axi_ahblite_bridge_1_1.vhd", 277: 

*Error* Syntax error at s_axi_rdata
"/home/ICer/work/vivado/ahb_matrix/ahb_matrix.ip_user_files/bd/ahb_axi_matrix/ip/ahb_axi_matrix_axi_ahblite_bridge_1_1/sim/ahb_axi_matrix_axi_ahblite_bridge_1_1.vhd", 278: 

*Error* Syntax error at s_axi_rresp
"/home/ICer/work/vivado/ahb_matrix/ahb_matrix.ip_user_files/bd/ahb_axi_matrix/ip/ahb_axi_matrix_axi_ahblite_bridge_1_1/sim/ahb_axi_matrix_axi_ahblite_bridge_1_1.vhd", 279: 

*Error* Syntax error at s_axi_rvalid
"/home/ICer/work/vivado/ahb_matrix/ahb_matrix.ip_user_files/bd/ahb_axi_matrix/ip/ahb_axi_matrix_axi_ahblite_bridge_1_1/sim/ahb_axi_matrix_axi_ahblite_bridge_1_1.vhd", 280: 

*Error* Syntax error at s_axi_rlast
"/home/ICer/work/vivado/ahb_matrix/ahb_matrix.ip_user_files/bd/ahb_axi_matrix/ip/ahb_axi_matrix_axi_ahblite_bridge_1_1/sim/ahb_axi_matrix_axi_ahblite_bridge_1_1.vhd", 281: 

*Error* Syntax error at s_axi_rready
"/home/ICer/work/vivado/ahb_matrix/ahb_matrix.ip_user_files/bd/ahb_axi_matrix/ip/ahb_axi_matrix_axi_ahblite_bridge_1_1/sim/ahb_axi_matrix_axi_ahblite_bridge_1_1.vhd", 282: 

*Error* Syntax error at m_ahb_haddr
"/home/ICer/work/vivado/ahb_matrix/ahb_matrix.ip_user_files/bd/ahb_axi_matrix/ip/ahb_axi_matrix_axi_ahblite_bridge_1_1/sim/ahb_axi_matrix_axi_ahblite_bridge_1_1.vhd", 283: 

*Error* Syntax error at m_ahb_hwrite
"/home/ICer/work/vivado/ahb_matrix/ahb_matrix.ip_user_files/bd/ahb_axi_matrix/ip/ahb_axi_matrix_axi_ahblite_bridge_1_1/sim/ahb_axi_matrix_axi_ahblite_bridge_1_1.vhd", 284: 

*Error* Syntax error at m_ahb_hsize
"/home/ICer/work/vivado/ahb_matrix/ahb_matrix.ip_user_files/bd/ahb_axi_matrix/ip/ahb_axi_matrix_axi_ahblite_bridge_1_1/sim/ahb_axi_matrix_axi_ahblite_bridge_1_1.vhd", 285: 

*Error* Syntax error at m_ahb_hburst
"/home/ICer/work/vivado/ahb_matrix/ahb_matrix.ip_user_files/bd/ahb_axi_matrix/ip/ahb_axi_matrix_axi_ahblite_bridge_1_1/sim/ahb_axi_matrix_axi_ahblite_bridge_1_1.vhd", 286: 

*Error* Syntax error at m_ahb_hprot
"/home/ICer/work/vivado/ahb_matrix/ahb_matrix.ip_user_files/bd/ahb_axi_matrix/ip/ahb_axi_matrix_axi_ahblite_bridge_1_1/sim/ahb_axi_matrix_axi_ahblite_bridge_1_1.vhd", 287: 

*Error* Syntax error at m_ahb_htrans
"/home/ICer/work/vivado/ahb_matrix/ahb_matrix.ip_user_files/bd/ahb_axi_matrix/ip/ahb_axi_matrix_axi_ahblite_bridge_1_1/sim/ahb_axi_matrix_axi_ahblite_bridge_1_1.vhd", 288: 

*Error* Syntax error at m_ahb_hmastlock
"/home/ICer/work/vivado/ahb_matrix/ahb_matrix.ip_user_files/bd/ahb_axi_matrix/ip/ahb_axi_matrix_axi_ahblite_bridge_1_1/sim/ahb_axi_matrix_axi_ahblite_bridge_1_1.vhd", 289: 

*Error* Syntax error at m_ahb_hwdata
"/home/ICer/work/vivado/ahb_matrix/ahb_matrix.ip_user_files/bd/ahb_axi_matrix/ip/ahb_axi_matrix_axi_ahblite_bridge_1_1/sim/ahb_axi_matrix_axi_ahblite_bridge_1_1.vhd", 290: 

*Error* Syntax error at m_ahb_hready
"/home/ICer/work/vivado/ahb_matrix/ahb_matrix.ip_user_files/bd/ahb_axi_matrix/ip/ahb_axi_matrix_axi_ahblite_bridge_1_1/sim/ahb_axi_matrix_axi_ahblite_bridge_1_1.vhd", 291: 

*Error* Syntax error at m_ahb_hrdata
"/home/ICer/work/vivado/ahb_matrix/ahb_matrix.ip_user_files/bd/ahb_axi_matrix/ip/ahb_axi_matrix_axi_ahblite_bridge_1_1/sim/ahb_axi_matrix_axi_ahblite_bridge_1_1.vhd", 292: 

*Error* Syntax error at m_ahb_hresp
"/home/ICer/work/vivado/ahb_matrix/ahb_matrix.ip_user_files/bd/ahb_axi_matrix/ip/ahb_axi_matrix_axi_ahblite_bridge_1_1/sim/ahb_axi_matrix_axi_ahblite_bridge_1_1.vhd", 293: 

*Error* Syntax error at )
"/home/ICer/work/vivado/ahb_matrix/ahb_matrix.ip_user_files/bd/ahb_axi_matrix/ip/ahb_axi_matrix_axi_ahblite_bridge_1_1/sim/ahb_axi_matrix_axi_ahblite_bridge_1_1.vhd", 294: 

*Error* Syntax error at END
"/home/ICer/work/vivado/ahb_matrix/ahb_matrix.ip_user_files/bd/ahb_axi_matrix/ip/ahb_axi_matrix_axi_ahblite_bridge_1_1/sim/ahb_axi_matrix_axi_ahblite_bridge_1_1.vhd", 295: 
Highest level modules:
a926dffnrx1
a926dffrnx32
a926dffrnx6
a926dffrx1
a926dffrx2
a926dffrx3
a926dffrx32
a926dffrx4
a926dffrx5
a926dffrx8
a926dffsnx32
a926dffsx1
a926dffsx32
a926dffx11
a926dffx12
a926dffx22
a926dffx32
a926dffx6
a926gdffrnx21
a926gdffrnx22
a926gdffrnx23
a926gdffrx1
a926gdffrx10
a926gdffrx16
a926gdffrx18
a926gdffrx2
a926gdffrx21
a926gdffrx22
a926gdffrx27
a926gdffrx3
a926gdffrx30
a926gdffrx32
a926gdffrx4
a926gdffrx5
a926gdffrx6
a926gdffrx7
a926gdffrx8
a926gdffsnx2
a926gdffsnx32
a926gdffsx1
a926gdffsx3
a926gdffsx32
a926gdffx10
a926gdffx12
a926gdffx16
a926gdffx28
a926gdffx56
a926gdffx77
a926gdffx9
DataRam128k
DirtyRam128k
TagRam128k
ValidRam128k
a926CacheRamGasket
a926ejsMRAM
ETM9
a926ejsCPmonitor
tbench
EtmMonitor
AHBTCMRoute
CLKINPAD
CLKOUTPAD
CoprocTBox
CoprocVal
EtmMuxDemux
INPAD
LockCheckA926EJS
MLAHB
OUTPAD
TCMGasket
TOUTPAD
VFPtbench
a9sClkGen
a9sPLL
a9sSynch
a926ejsClkGate
tbench_top


*Error* view axi_crossbar_v2_1_20_axi_crossbar is not defined for instance inst
"/home/ICer/work/vivado/ahb_matrix/ahb_matrix.ip_user_files/bd/ahb_axi_matrix/ip/ahb_axi_matrix_axi_crossbar_0_0/sim/ahb_axi_matrix_axi_crossbar_0_0.v", 334: 

*Error* view ahb_axi_matrix_ahblite_axi_bridge_0_0 is not defined for instance ahblite_axi_bridge_0
"/home/ICer/work/vivado/ahb_matrix/ahb_matrix.ip_user_files/bd/ahb_axi_matrix/sim/ahb_axi_matrix.v", 506: 

*Error* view ahb_axi_matrix_ahblite_axi_bridge_0_1 is not defined for instance ahblite_axi_bridge_1
"/home/ICer/work/vivado/ahb_matrix/ahb_matrix.ip_user_files/bd/ahb_axi_matrix/sim/ahb_axi_matrix.v", 556: 

*Error* view ahb_axi_matrix_axi_ahblite_bridge_0_0 is not defined for instance axi_ahblite_bridge_0
"/home/ICer/work/vivado/ahb_matrix/ahb_matrix.ip_user_files/bd/ahb_axi_matrix/sim/ahb_axi_matrix.v", 606: 

*Error* view ahb_axi_matrix_axi_ahblite_bridge_0_1 is not defined for instance axi_ahblite_bridge_1
"/home/ICer/work/vivado/ahb_matrix/ahb_matrix.ip_user_files/bd/ahb_axi_matrix/sim/ahb_axi_matrix.v", 655: 

*Error* view ahb_axi_matrix_axi_ahblite_bridge_1_0 is not defined for instance axi_ahblite_bridge_2
"/home/ICer/work/vivado/ahb_matrix/ahb_matrix.ip_user_files/bd/ahb_axi_matrix/sim/ahb_axi_matrix.v", 704: 

*Error* view ahb_axi_matrix_axi_ahblite_bridge_1_1 is not defined for instance axi_ahblite_bridge_3
"/home/ICer/work/vivado/ahb_matrix/ahb_matrix.ip_user_files/bd/ahb_axi_matrix/sim/ahb_axi_matrix.v", 753: 
Total	1765 error(s),   41 warning(s)
