Command: vcs -full64 -debug_access+all -l 1.log -P /home/synopsys/verdi/Verdi_O-2018.09-SP2/share/PLI/VCS/LINUXAMD64/novas.tab \
/home/synopsys/verdi/Verdi_O-2018.09-SP2/share/PLI/VCS/LINUXAMD64/pli.a -top tbench_top \
-top glbl
Doing common elaboration 
                         Chronologic VCS (TM)
        Version O-2018.09-1_Full64 -- Sat Sep 19 15:41:26 2026
               Copyright (c) 1991-2018 by Synopsys Inc.
                         ALL RIGHTS RESERVED

This program is proprietary and confidential information of Synopsys Inc.
and may be used and disclosed only as authorized in a license agreement
controlling such use and disclosure.

Top Level Modules:
       tbench_top
       glbl
TimeScale is 1 ps / 1 ps

Warning-[TFIPC] Too few instance port connections
/home/Xilinx/Vivado/2019.1/data/ip/xilinx/axi_crossbar_v2_1/hdl/axi_crossbar_v2_1_vl_rfs.v, 3122
gen_master_slots[0], "axi_register_slice_v2_1_19_axi_register_slice #(.C_FAMILY(C_FAMILY), .C_AXI_PROTOCOL(((C_AXI_PROTOCOL == P_AXI3) ? P_AXI3 : P_AXI4)), .C_AXI_ID_WIDTH(C_AXI_ID_WIDTH), .C_AXI_ADDR_WIDTH(1), .C_AXI_DATA_WIDTH(C_AXI_DATA_WIDTH), .C_AXI_SUPPORTS_USER_SIGNALS(C_AXI_SUPPORTS_USER_SIGNALS), .C_AXI_AWUSER_WIDTH(1), .C_AXI_ARUSER_WIDTH(1), .C_AXI_WUSER_WIDTH(C_AXI_WUSER_WIDTH), .C_AXI_RUSER_WIDTH(C_AXI_RUSER_WIDTH), .C_AXI_BUSER_WIDTH(C_AXI_BUSER_WIDTH), .C_REG_CONFIG_AW(P_BYPASS), .C_REG_CONFIG_AR(P_BYPASS), .C_REG_CONFIG_W(P_BYPASS), .C_REG_CONFIG_R((P_M_AXI_SUPPORTS_READ[0] ? P_FWD_REV : P_BYPASS)), .C_REG_CONFIG_B((P_M_AXI_SUPPORTS_WRITE[0] ? P_SIMPLE : P_BYPASS))) reg_slice_mi( .aresetn (ARESETN),  .aclk (ACLK),  .s_axi_awid ({C_AXI_ID_WIDTH {1'b0}}),  .s_a ... "
  The above instance has fewer port connections than the module definition.
  Please use '+lint=TFIPC-L' to print out detailed information of unconnected 
  ports.


Warning-[TFIPC] Too few instance port connections
/home/Xilinx/Vivado/2019.1/data/ip/xilinx/axi_crossbar_v2_1/hdl/axi_crossbar_v2_1_vl_rfs.v, 3122
gen_master_slots[1], "axi_register_slice_v2_1_19_axi_register_slice #(.C_FAMILY(C_FAMILY), .C_AXI_PROTOCOL(((C_AXI_PROTOCOL == P_AXI3) ? P_AXI3 : P_AXI4)), .C_AXI_ID_WIDTH(C_AXI_ID_WIDTH), .C_AXI_ADDR_WIDTH(1), .C_AXI_DATA_WIDTH(C_AXI_DATA_WIDTH), .C_AXI_SUPPORTS_USER_SIGNALS(C_AXI_SUPPORTS_USER_SIGNALS), .C_AXI_AWUSER_WIDTH(1), .C_AXI_ARUSER_WIDTH(1), .C_AXI_WUSER_WIDTH(C_AXI_WUSER_WIDTH), .C_AXI_RUSER_WIDTH(C_AXI_RUSER_WIDTH), .C_AXI_BUSER_WIDTH(C_AXI_BUSER_WIDTH), .C_REG_CONFIG_AW(P_BYPASS), .C_REG_CONFIG_AR(P_BYPASS), .C_REG_CONFIG_W(P_BYPASS), .C_REG_CONFIG_R((P_M_AXI_SUPPORTS_READ[1] ? P_FWD_REV : P_BYPASS)), .C_REG_CONFIG_B((P_M_AXI_SUPPORTS_WRITE[1] ? P_SIMPLE : P_BYPASS))) reg_slice_mi( .aresetn (ARESETN),  .aclk (ACLK),  .s_axi_awid ({C_AXI_ID_WIDTH {1'b0}}),  .s_a ... "
  The above instance has fewer port connections than the module definition.
  Please use '+lint=TFIPC-L' to print out detailed information of unconnected 
  ports.


Warning-[TFIPC] Too few instance port connections
/home/Xilinx/Vivado/2019.1/data/ip/xilinx/axi_crossbar_v2_1/hdl/axi_crossbar_v2_1_vl_rfs.v, 3122
gen_master_slots[2], "axi_register_slice_v2_1_19_axi_register_slice #(.C_FAMILY(C_FAMILY), .C_AXI_PROTOCOL(((C_AXI_PROTOCOL == P_AXI3) ? P_AXI3 : P_AXI4)), .C_AXI_ID_WIDTH(C_AXI_ID_WIDTH), .C_AXI_ADDR_WIDTH(1), .C_AXI_DATA_WIDTH(C_AXI_DATA_WIDTH), .C_AXI_SUPPORTS_USER_SIGNALS(C_AXI_SUPPORTS_USER_SIGNALS), .C_AXI_AWUSER_WIDTH(1), .C_AXI_ARUSER_WIDTH(1), .C_AXI_WUSER_WIDTH(C_AXI_WUSER_WIDTH), .C_AXI_RUSER_WIDTH(C_AXI_RUSER_WIDTH), .C_AXI_BUSER_WIDTH(C_AXI_BUSER_WIDTH), .C_REG_CONFIG_AW(P_BYPASS), .C_REG_CONFIG_AR(P_BYPASS), .C_REG_CONFIG_W(P_BYPASS), .C_REG_CONFIG_R((P_M_AXI_SUPPORTS_READ[2] ? P_FWD_REV : P_BYPASS)), .C_REG_CONFIG_B((P_M_AXI_SUPPORTS_WRITE[2] ? P_SIMPLE : P_BYPASS))) reg_slice_mi( .aresetn (ARESETN),  .aclk (ACLK),  .s_axi_awid ({C_AXI_ID_WIDTH {1'b0}}),  .s_a ... "
  The above instance has fewer port connections than the module definition.
  Please use '+lint=TFIPC-L' to print out detailed information of unconnected 
  ports.


Warning-[TFIPC] Too few instance port connections
/home/Xilinx/Vivado/2019.1/data/ip/xilinx/axi_crossbar_v2_1/hdl/axi_crossbar_v2_1_vl_rfs.v, 3122
gen_master_slots[3], "axi_register_slice_v2_1_19_axi_register_slice #(.C_FAMILY(C_FAMILY), .C_AXI_PROTOCOL(((C_AXI_PROTOCOL == P_AXI3) ? P_AXI3 : P_AXI4)), .C_AXI_ID_WIDTH(C_AXI_ID_WIDTH), .C_AXI_ADDR_WIDTH(1), .C_AXI_DATA_WIDTH(C_AXI_DATA_WIDTH), .C_AXI_SUPPORTS_USER_SIGNALS(C_AXI_SUPPORTS_USER_SIGNALS), .C_AXI_AWUSER_WIDTH(1), .C_AXI_ARUSER_WIDTH(1), .C_AXI_WUSER_WIDTH(C_AXI_WUSER_WIDTH), .C_AXI_RUSER_WIDTH(C_AXI_RUSER_WIDTH), .C_AXI_BUSER_WIDTH(C_AXI_BUSER_WIDTH), .C_REG_CONFIG_AW(P_BYPASS), .C_REG_CONFIG_AR(P_BYPASS), .C_REG_CONFIG_W(P_BYPASS), .C_REG_CONFIG_R((P_M_AXI_SUPPORTS_READ[3] ? P_FWD_REV : P_BYPASS)), .C_REG_CONFIG_B((P_M_AXI_SUPPORTS_WRITE[3] ? P_SIMPLE : P_BYPASS))) reg_slice_mi( .aresetn (ARESETN),  .aclk (ACLK),  .s_axi_awid ({C_AXI_ID_WIDTH {1'b0}}),  .s_a ... "
  The above instance has fewer port connections than the module definition.
  Please use '+lint=TFIPC-L' to print out detailed information of unconnected 
  ports.


Warning-[TFIPC] Too few instance port connections
/home/Xilinx/Vivado/2019.1/data/ip/xilinx/axi_crossbar_v2_1/hdl/axi_crossbar_v2_1_vl_rfs.v, 3122
gen_master_slots[4], "axi_register_slice_v2_1_19_axi_register_slice #(.C_FAMILY(C_FAMILY), .C_AXI_PROTOCOL(((C_AXI_PROTOCOL == P_AXI3) ? P_AXI3 : P_AXI4)), .C_AXI_ID_WIDTH(C_AXI_ID_WIDTH), .C_AXI_ADDR_WIDTH(1), .C_AXI_DATA_WIDTH(C_AXI_DATA_WIDTH), .C_AXI_SUPPORTS_USER_SIGNALS(C_AXI_SUPPORTS_USER_SIGNALS), .C_AXI_AWUSER_WIDTH(1), .C_AXI_ARUSER_WIDTH(1), .C_AXI_WUSER_WIDTH(C_AXI_WUSER_WIDTH), .C_AXI_RUSER_WIDTH(C_AXI_RUSER_WIDTH), .C_AXI_BUSER_WIDTH(C_AXI_BUSER_WIDTH), .C_REG_CONFIG_AW(P_BYPASS), .C_REG_CONFIG_AR(P_BYPASS), .C_REG_CONFIG_W(P_BYPASS), .C_REG_CONFIG_R((P_M_AXI_SUPPORTS_READ[4] ? P_FWD_REV : P_BYPASS)), .C_REG_CONFIG_B((P_M_AXI_SUPPORTS_WRITE[4] ? P_SIMPLE : P_BYPASS))) reg_slice_mi( .aresetn (ARESETN),  .aclk (ACLK),  .s_axi_awid ({C_AXI_ID_WIDTH {1'b0}}),  .s_a ... "
  The above instance has fewer port connections than the module definition.
  Please use '+lint=TFIPC-L' to print out detailed information of unconnected 
  ports.


Warning-[TFIPC] Too few instance port connections
../verilog/ddr3/ddr3_dfi_phy.v, 1478
ddr3_dfi_phy, "ISERDESE2 #(.SERDES_MODE("MASTER"), .INTERFACE_TYPE("MEMORY"), .DATA_WIDTH(4), .DATA_RATE("DDR"), .NUM_CE(1), .IOBDELAY("IFD")) u_serdes_dq_in0( .CLK (dqs_delayed_w[0]),  .CLKB ((~dqs_delayed_w[0])),  .OCLK (clk_ddr_i),  .OCLKB ((~clk_ddr_i)),  .CLKDIV (clk_i),  .RST (rst_i),  .BITSLIP (0),  .CE1 (1'b1),  .DDLY (dq_delayed_w[0]),  .D (1'b0),  .Q4 (rd_dq0_in_w[3]),  .Q3 (rd_dq0_in_w[2]),  .Q2 (rd_dq0_in_w[1]),  .Q1 (rd_dq0_in_w[0]),  .CE2 (1'b0),  .CLKDIVP (0),  .DYNCLKDIVSEL (0),  .DYNCLKSEL (0),  .OFB (0),  .SHIFTIN1 (0),  .SHIFTIN2 (0));"
  The above instance has fewer port connections than the module definition.
  Please use '+lint=TFIPC-L' to print out detailed information of unconnected 
  ports.


Warning-[TFIPC] Too few instance port connections
../verilog/ddr3/ddr3_dfi_phy.v, 1555
ddr3_dfi_phy, "ISERDESE2 #(.SERDES_MODE("MASTER"), .INTERFACE_TYPE("MEMORY"), .DATA_WIDTH(4), .DATA_RATE("DDR"), .NUM_CE(1), .IOBDELAY("IFD")) u_serdes_dq_in1( .CLK (dqs_delayed_w[0]),  .CLKB ((~dqs_delayed_w[0])),  .OCLK (clk_ddr_i),  .OCLKB ((~clk_ddr_i)),  .CLKDIV (clk_i),  .RST (rst_i),  .BITSLIP (0),  .CE1 (1'b1),  .DDLY (dq_delayed_w[1]),  .D (1'b0),  .Q4 (rd_dq1_in_w[3]),  .Q3 (rd_dq1_in_w[2]),  .Q2 (rd_dq1_in_w[1]),  .Q1 (rd_dq1_in_w[0]),  .CE2 (1'b0),  .CLKDIVP (0),  .DYNCLKDIVSEL (0),  .DYNCLKSEL (0),  .OFB (0),  .SHIFTIN1 (0),  .SHIFTIN2 (0));"
  The above instance has fewer port connections than the module definition.
  Please use '+lint=TFIPC-L' to print out detailed information of unconnected 
  ports.


Warning-[TFIPC] Too few instance port connections
../verilog/ddr3/ddr3_dfi_phy.v, 1632
ddr3_dfi_phy, "ISERDESE2 #(.SERDES_MODE("MASTER"), .INTERFACE_TYPE("MEMORY"), .DATA_WIDTH(4), .DATA_RATE("DDR"), .NUM_CE(1), .IOBDELAY("IFD")) u_serdes_dq_in2( .CLK (dqs_delayed_w[0]),  .CLKB ((~dqs_delayed_w[0])),  .OCLK (clk_ddr_i),  .OCLKB ((~clk_ddr_i)),  .CLKDIV (clk_i),  .RST (rst_i),  .BITSLIP (0),  .CE1 (1'b1),  .DDLY (dq_delayed_w[2]),  .D (1'b0),  .Q4 (rd_dq2_in_w[3]),  .Q3 (rd_dq2_in_w[2]),  .Q2 (rd_dq2_in_w[1]),  .Q1 (rd_dq2_in_w[0]),  .CE2 (1'b0),  .CLKDIVP (0),  .DYNCLKDIVSEL (0),  .DYNCLKSEL (0),  .OFB (0),  .SHIFTIN1 (0),  .SHIFTIN2 (0));"
  The above instance has fewer port connections than the module definition.
  Please use '+lint=TFIPC-L' to print out detailed information of unconnected 
  ports.


Warning-[TFIPC] Too few instance port connections
../verilog/ddr3/ddr3_dfi_phy.v, 1709
ddr3_dfi_phy, "ISERDESE2 #(.SERDES_MODE("MASTER"), .INTERFACE_TYPE("MEMORY"), .DATA_WIDTH(4), .DATA_RATE("DDR"), .NUM_CE(1), .IOBDELAY("IFD")) u_serdes_dq_in3( .CLK (dqs_delayed_w[0]),  .CLKB ((~dqs_delayed_w[0])),  .OCLK (clk_ddr_i),  .OCLKB ((~clk_ddr_i)),  .CLKDIV (clk_i),  .RST (rst_i),  .BITSLIP (0),  .CE1 (1'b1),  .DDLY (dq_delayed_w[3]),  .D (1'b0),  .Q4 (rd_dq3_in_w[3]),  .Q3 (rd_dq3_in_w[2]),  .Q2 (rd_dq3_in_w[1]),  .Q1 (rd_dq3_in_w[0]),  .CE2 (1'b0),  .CLKDIVP (0),  .DYNCLKDIVSEL (0),  .DYNCLKSEL (0),  .OFB (0),  .SHIFTIN1 (0),  .SHIFTIN2 (0));"
  The above instance has fewer port connections than the module definition.
  Please use '+lint=TFIPC-L' to print out detailed information of unconnected 
  ports.


Warning-[TFIPC] Too few instance port connections
../verilog/ddr3/ddr3_dfi_phy.v, 1786
ddr3_dfi_phy, "ISERDESE2 #(.SERDES_MODE("MASTER"), .INTERFACE_TYPE("MEMORY"), .DATA_WIDTH(4), .DATA_RATE("DDR"), .NUM_CE(1), .IOBDELAY("IFD")) u_serdes_dq_in4( .CLK (dqs_delayed_w[0]),  .CLKB ((~dqs_delayed_w[0])),  .OCLK (clk_ddr_i),  .OCLKB ((~clk_ddr_i)),  .CLKDIV (clk_i),  .RST (rst_i),  .BITSLIP (0),  .CE1 (1'b1),  .DDLY (dq_delayed_w[4]),  .D (1'b0),  .Q4 (rd_dq4_in_w[3]),  .Q3 (rd_dq4_in_w[2]),  .Q2 (rd_dq4_in_w[1]),  .Q1 (rd_dq4_in_w[0]),  .CE2 (1'b0),  .CLKDIVP (0),  .DYNCLKDIVSEL (0),  .DYNCLKSEL (0),  .OFB (0),  .SHIFTIN1 (0),  .SHIFTIN2 (0));"
  The above instance has fewer port connections than the module definition.
  Please use '+lint=TFIPC-L' to print out detailed information of unconnected 
  ports.


Warning-[TFIPC] Too few instance port connections
../verilog/ddr3/ddr3_dfi_phy.v, 1863
ddr3_dfi_phy, "ISERDESE2 #(.SERDES_MODE("MASTER"), .INTERFACE_TYPE("MEMORY"), .DATA_WIDTH(4), .DATA_RATE("DDR"), .NUM_CE(1), .IOBDELAY("IFD")) u_serdes_dq_in5( .CLK (dqs_delayed_w[0]),  .CLKB ((~dqs_delayed_w[0])),  .OCLK (clk_ddr_i),  .OCLKB ((~clk_ddr_i)),  .CLKDIV (clk_i),  .RST (rst_i),  .BITSLIP (0),  .CE1 (1'b1),  .DDLY (dq_delayed_w[5]),  .D (1'b0),  .Q4 (rd_dq5_in_w[3]),  .Q3 (rd_dq5_in_w[2]),  .Q2 (rd_dq5_in_w[1]),  .Q1 (rd_dq5_in_w[0]),  .CE2 (1'b0),  .CLKDIVP (0),  .DYNCLKDIVSEL (0),  .DYNCLKSEL (0),  .OFB (0),  .SHIFTIN1 (0),  .SHIFTIN2 (0));"
  The above instance has fewer port connections than the module definition.
  Please use '+lint=TFIPC-L' to print out detailed information of unconnected 
  ports.


Warning-[TFIPC] Too few instance port connections
../verilog/ddr3/ddr3_dfi_phy.v, 1940
ddr3_dfi_phy, "ISERDESE2 #(.SERDES_MODE("MASTER"), .INTERFACE_TYPE("MEMORY"), .DATA_WIDTH(4), .DATA_RATE("DDR"), .NUM_CE(1), .IOBDELAY("IFD")) u_serdes_dq_in6( .CLK (dqs_delayed_w[0]),  .CLKB ((~dqs_delayed_w[0])),  .OCLK (clk_ddr_i),  .OCLKB ((~clk_ddr_i)),  .CLKDIV (clk_i),  .RST (rst_i),  .BITSLIP (0),  .CE1 (1'b1),  .DDLY (dq_delayed_w[6]),  .D (1'b0),  .Q4 (rd_dq6_in_w[3]),  .Q3 (rd_dq6_in_w[2]),  .Q2 (rd_dq6_in_w[1]),  .Q1 (rd_dq6_in_w[0]),  .CE2 (1'b0),  .CLKDIVP (0),  .DYNCLKDIVSEL (0),  .DYNCLKSEL (0),  .OFB (0),  .SHIFTIN1 (0),  .SHIFTIN2 (0));"
  The above instance has fewer port connections than the module definition.
  Please use '+lint=TFIPC-L' to print out detailed information of unconnected 
  ports.


Warning-[TFIPC] Too few instance port connections
../verilog/ddr3/ddr3_dfi_phy.v, 2017
ddr3_dfi_phy, "ISERDESE2 #(.SERDES_MODE("MASTER"), .INTERFACE_TYPE("MEMORY"), .DATA_WIDTH(4), .DATA_RATE("DDR"), .NUM_CE(1), .IOBDELAY("IFD")) u_serdes_dq_in7( .CLK (dqs_delayed_w[0]),  .CLKB ((~dqs_delayed_w[0])),  .OCLK (clk_ddr_i),  .OCLKB ((~clk_ddr_i)),  .CLKDIV (clk_i),  .RST (rst_i),  .BITSLIP (0),  .CE1 (1'b1),  .DDLY (dq_delayed_w[7]),  .D (1'b0),  .Q4 (rd_dq7_in_w[3]),  .Q3 (rd_dq7_in_w[2]),  .Q2 (rd_dq7_in_w[1]),  .Q1 (rd_dq7_in_w[0]),  .CE2 (1'b0),  .CLKDIVP (0),  .DYNCLKDIVSEL (0),  .DYNCLKSEL (0),  .OFB (0),  .SHIFTIN1 (0),  .SHIFTIN2 (0));"
  The above instance has fewer port connections than the module definition.
  Please use '+lint=TFIPC-L' to print out detailed information of unconnected 
  ports.


Warning-[TFIPC] Too few instance port connections
../verilog/ddr3/ddr3_dfi_phy.v, 2094
ddr3_dfi_phy, "ISERDESE2 #(.SERDES_MODE("MASTER"), .INTERFACE_TYPE("MEMORY"), .DATA_WIDTH(4), .DATA_RATE("DDR"), .NUM_CE(1), .IOBDELAY("IFD")) u_serdes_dq_in8( .CLK (dqs_delayed_w[1]),  .CLKB ((~dqs_delayed_w[1])),  .OCLK (clk_ddr_i),  .OCLKB ((~clk_ddr_i)),  .CLKDIV (clk_i),  .RST (rst_i),  .BITSLIP (0),  .CE1 (1'b1),  .DDLY (dq_delayed_w[8]),  .D (1'b0),  .Q4 (rd_dq8_in_w[3]),  .Q3 (rd_dq8_in_w[2]),  .Q2 (rd_dq8_in_w[1]),  .Q1 (rd_dq8_in_w[0]),  .CE2 (1'b0),  .CLKDIVP (0),  .DYNCLKDIVSEL (0),  .DYNCLKSEL (0),  .OFB (0),  .SHIFTIN1 (0),  .SHIFTIN2 (0));"
  The above instance has fewer port connections than the module definition.
  Please use '+lint=TFIPC-L' to print out detailed information of unconnected 
  ports.


Warning-[TFIPC] Too few instance port connections
../verilog/ddr3/ddr3_dfi_phy.v, 2171
ddr3_dfi_phy, "ISERDESE2 #(.SERDES_MODE("MASTER"), .INTERFACE_TYPE("MEMORY"), .DATA_WIDTH(4), .DATA_RATE("DDR"), .NUM_CE(1), .IOBDELAY("IFD")) u_serdes_dq_in9( .CLK (dqs_delayed_w[1]),  .CLKB ((~dqs_delayed_w[1])),  .OCLK (clk_ddr_i),  .OCLKB ((~clk_ddr_i)),  .CLKDIV (clk_i),  .RST (rst_i),  .BITSLIP (0),  .CE1 (1'b1),  .DDLY (dq_delayed_w[9]),  .D (1'b0),  .Q4 (rd_dq9_in_w[3]),  .Q3 (rd_dq9_in_w[2]),  .Q2 (rd_dq9_in_w[1]),  .Q1 (rd_dq9_in_w[0]),  .CE2 (1'b0),  .CLKDIVP (0),  .DYNCLKDIVSEL (0),  .DYNCLKSEL (0),  .OFB (0),  .SHIFTIN1 (0),  .SHIFTIN2 (0));"
  The above instance has fewer port connections than the module definition.
  Please use '+lint=TFIPC-L' to print out detailed information of unconnected 
  ports.


Warning-[TFIPC] Too few instance port connections
../verilog/ddr3/ddr3_dfi_phy.v, 2248
ddr3_dfi_phy, "ISERDESE2 #(.SERDES_MODE("MASTER"), .INTERFACE_TYPE("MEMORY"), .DATA_WIDTH(4), .DATA_RATE("DDR"), .NUM_CE(1), .IOBDELAY("IFD")) u_serdes_dq_in10( .CLK (dqs_delayed_w[1]),  .CLKB ((~dqs_delayed_w[1])),  .OCLK (clk_ddr_i),  .OCLKB ((~clk_ddr_i)),  .CLKDIV (clk_i),  .RST (rst_i),  .BITSLIP (0),  .CE1 (1'b1),  .DDLY (dq_delayed_w[10]),  .D (1'b0),  .Q4 (rd_dq10_in_w[3]),  .Q3 (rd_dq10_in_w[2]),  .Q2 (rd_dq10_in_w[1]),  .Q1 (rd_dq10_in_w[0]),  .CE2 (1'b0),  .CLKDIVP (0),  .DYNCLKDIVSEL (0),  .DYNCLKSEL (0),  .OFB (0),  .SHIFTIN1 (0),  .SHIFTIN2 (0));"
  The above instance has fewer port connections than the module definition.
  Please use '+lint=TFIPC-L' to print out detailed information of unconnected 
  ports.


Warning-[TFIPC] Too few instance port connections
../verilog/ddr3/ddr3_dfi_phy.v, 2325
ddr3_dfi_phy, "ISERDESE2 #(.SERDES_MODE("MASTER"), .INTERFACE_TYPE("MEMORY"), .DATA_WIDTH(4), .DATA_RATE("DDR"), .NUM_CE(1), .IOBDELAY("IFD")) u_serdes_dq_in11( .CLK (dqs_delayed_w[1]),  .CLKB ((~dqs_delayed_w[1])),  .OCLK (clk_ddr_i),  .OCLKB ((~clk_ddr_i)),  .CLKDIV (clk_i),  .RST (rst_i),  .BITSLIP (0),  .CE1 (1'b1),  .DDLY (dq_delayed_w[11]),  .D (1'b0),  .Q4 (rd_dq11_in_w[3]),  .Q3 (rd_dq11_in_w[2]),  .Q2 (rd_dq11_in_w[1]),  .Q1 (rd_dq11_in_w[0]),  .CE2 (1'b0),  .CLKDIVP (0),  .DYNCLKDIVSEL (0),  .DYNCLKSEL (0),  .OFB (0),  .SHIFTIN1 (0),  .SHIFTIN2 (0));"
  The above instance has fewer port connections than the module definition.
  Please use '+lint=TFIPC-L' to print out detailed information of unconnected 
  ports.


Warning-[TFIPC] Too few instance port connections
../verilog/ddr3/ddr3_dfi_phy.v, 2402
ddr3_dfi_phy, "ISERDESE2 #(.SERDES_MODE("MASTER"), .INTERFACE_TYPE("MEMORY"), .DATA_WIDTH(4), .DATA_RATE("DDR"), .NUM_CE(1), .IOBDELAY("IFD")) u_serdes_dq_in12( .CLK (dqs_delayed_w[1]),  .CLKB ((~dqs_delayed_w[1])),  .OCLK (clk_ddr_i),  .OCLKB ((~clk_ddr_i)),  .CLKDIV (clk_i),  .RST (rst_i),  .BITSLIP (0),  .CE1 (1'b1),  .DDLY (dq_delayed_w[12]),  .D (1'b0),  .Q4 (rd_dq12_in_w[3]),  .Q3 (rd_dq12_in_w[2]),  .Q2 (rd_dq12_in_w[1]),  .Q1 (rd_dq12_in_w[0]),  .CE2 (1'b0),  .CLKDIVP (0),  .DYNCLKDIVSEL (0),  .DYNCLKSEL (0),  .OFB (0),  .SHIFTIN1 (0),  .SHIFTIN2 (0));"
  The above instance has fewer port connections than the module definition.
  Please use '+lint=TFIPC-L' to print out detailed information of unconnected 
  ports.


Warning-[TFIPC] Too few instance port connections
../verilog/ddr3/ddr3_dfi_phy.v, 2479
ddr3_dfi_phy, "ISERDESE2 #(.SERDES_MODE("MASTER"), .INTERFACE_TYPE("MEMORY"), .DATA_WIDTH(4), .DATA_RATE("DDR"), .NUM_CE(1), .IOBDELAY("IFD")) u_serdes_dq_in13( .CLK (dqs_delayed_w[1]),  .CLKB ((~dqs_delayed_w[1])),  .OCLK (clk_ddr_i),  .OCLKB ((~clk_ddr_i)),  .CLKDIV (clk_i),  .RST (rst_i),  .BITSLIP (0),  .CE1 (1'b1),  .DDLY (dq_delayed_w[13]),  .D (1'b0),  .Q4 (rd_dq13_in_w[3]),  .Q3 (rd_dq13_in_w[2]),  .Q2 (rd_dq13_in_w[1]),  .Q1 (rd_dq13_in_w[0]),  .CE2 (1'b0),  .CLKDIVP (0),  .DYNCLKDIVSEL (0),  .DYNCLKSEL (0),  .OFB (0),  .SHIFTIN1 (0),  .SHIFTIN2 (0));"
  The above instance has fewer port connections than the module definition.
  Please use '+lint=TFIPC-L' to print out detailed information of unconnected 
  ports.


Warning-[TFIPC] Too few instance port connections
../verilog/ddr3/ddr3_dfi_phy.v, 2556
ddr3_dfi_phy, "ISERDESE2 #(.SERDES_MODE("MASTER"), .INTERFACE_TYPE("MEMORY"), .DATA_WIDTH(4), .DATA_RATE("DDR"), .NUM_CE(1), .IOBDELAY("IFD")) u_serdes_dq_in14( .CLK (dqs_delayed_w[1]),  .CLKB ((~dqs_delayed_w[1])),  .OCLK (clk_ddr_i),  .OCLKB ((~clk_ddr_i)),  .CLKDIV (clk_i),  .RST (rst_i),  .BITSLIP (0),  .CE1 (1'b1),  .DDLY (dq_delayed_w[14]),  .D (1'b0),  .Q4 (rd_dq14_in_w[3]),  .Q3 (rd_dq14_in_w[2]),  .Q2 (rd_dq14_in_w[1]),  .Q1 (rd_dq14_in_w[0]),  .CE2 (1'b0),  .CLKDIVP (0),  .DYNCLKDIVSEL (0),  .DYNCLKSEL (0),  .OFB (0),  .SHIFTIN1 (0),  .SHIFTIN2 (0));"
  The above instance has fewer port connections than the module definition.
  Please use '+lint=TFIPC-L' to print out detailed information of unconnected 
  ports.


Warning-[TFIPC] Too few instance port connections
../verilog/ddr3/ddr3_dfi_phy.v, 2633
ddr3_dfi_phy, "ISERDESE2 #(.SERDES_MODE("MASTER"), .INTERFACE_TYPE("MEMORY"), .DATA_WIDTH(4), .DATA_RATE("DDR"), .NUM_CE(1), .IOBDELAY("IFD")) u_serdes_dq_in15( .CLK (dqs_delayed_w[1]),  .CLKB ((~dqs_delayed_w[1])),  .OCLK (clk_ddr_i),  .OCLKB ((~clk_ddr_i)),  .CLKDIV (clk_i),  .RST (rst_i),  .BITSLIP (0),  .CE1 (1'b1),  .DDLY (dq_delayed_w[15]),  .D (1'b0),  .Q4 (rd_dq15_in_w[3]),  .Q3 (rd_dq15_in_w[2]),  .Q2 (rd_dq15_in_w[1]),  .Q1 (rd_dq15_in_w[0]),  .CE2 (1'b0),  .CLKDIVP (0),  .DYNCLKDIVSEL (0),  .DYNCLKSEL (0),  .OFB (0),  .SHIFTIN1 (0),  .SHIFTIN2 (0));"
  The above instance has fewer port connections than the module definition.
  Please use '+lint=TFIPC-L' to print out detailed information of unconnected 
  ports.


Warning-[PCWM-W] Port connection width mismatch
/home/ICer/work/vivado/ahb_matrix/ahb_matrix.ip_user_files/bd/ahb_axi_matrix/sim/ahb_axi_matrix.v, 834
"ahb_axi_matrix_axi_crossbar_0_0 axi_crossbar_0( .aclk (clk_100MHz_1),  .aresetn (rst_clk_100MHz_100M_peripheral_aresetn),  .m_axi_araddr ({axi_crossbar_0_M03_AXI_ARADDR, axi_crossbar_0_M02_AXI_ARADDR, axi_crossbar_0_M01_AXI_ARADDR, axi_crossbar_0_M00_AXI_ARADDR}),  .m_axi_arburst ({axi_crossbar_0_M03_AXI_ARBURST, axi_crossbar_0_M02_AXI_ARBURST, axi_crossbar_0_M01_AXI_ARBURST, axi_crossbar_0_M00_AXI_ARBURST}),  .m_axi_arcache ({axi_crossbar_0_M03_AXI_ARCACHE, axi_crossbar_0_M02_AXI_ARCACHE, axi_crossbar_0_M01_AXI_ARCACHE, axi_crossbar_0_M00_AXI_ARCACHE}),  .m_axi_arid ({axi_crossbar_0_M03_AXI_ARID, axi_crossbar_0_M02_AXI_ARID, axi_crossbar_0_M01_AXI_ARID, axi_crossbar_0_M00_AXI_ARID}),  .m_axi_arlen ({axi_crossbar_0_M03_AXI_ARLEN, axi_crossbar_0_M02_AXI_ ... "
  The following 12-bit expression is connected to 16-bit port "m_axi_arqos" of
  module "ahb_axi_matrix_axi_crossbar_0_0", instance "axi_crossbar_0".
  Expression: {axi_crossbar_0_M02_AXI_ARQOS, 
  NLW_axi_crossbar_0_m_axi_arqos_UNCONNECTED[7:0]}
  	use +lint=PCWM for more details


Warning-[PCWM-W] Port connection width mismatch
/home/ICer/work/vivado/ahb_matrix/ahb_matrix.ip_user_files/bd/ahb_axi_matrix/sim/ahb_axi_matrix.v, 834
"ahb_axi_matrix_axi_crossbar_0_0 axi_crossbar_0( .aclk (clk_100MHz_1),  .aresetn (rst_clk_100MHz_100M_peripheral_aresetn),  .m_axi_araddr ({axi_crossbar_0_M03_AXI_ARADDR, axi_crossbar_0_M02_AXI_ARADDR, axi_crossbar_0_M01_AXI_ARADDR, axi_crossbar_0_M00_AXI_ARADDR}),  .m_axi_arburst ({axi_crossbar_0_M03_AXI_ARBURST, axi_crossbar_0_M02_AXI_ARBURST, axi_crossbar_0_M01_AXI_ARBURST, axi_crossbar_0_M00_AXI_ARBURST}),  .m_axi_arcache ({axi_crossbar_0_M03_AXI_ARCACHE, axi_crossbar_0_M02_AXI_ARCACHE, axi_crossbar_0_M01_AXI_ARCACHE, axi_crossbar_0_M00_AXI_ARCACHE}),  .m_axi_arid ({axi_crossbar_0_M03_AXI_ARID, axi_crossbar_0_M02_AXI_ARID, axi_crossbar_0_M01_AXI_ARID, axi_crossbar_0_M00_AXI_ARID}),  .m_axi_arlen ({axi_crossbar_0_M03_AXI_ARLEN, axi_crossbar_0_M02_AXI_ ... "
  The following 12-bit expression is connected to 16-bit port "m_axi_arregion"
  of module "ahb_axi_matrix_axi_crossbar_0_0", instance "axi_crossbar_0".
  Expression: {axi_crossbar_0_M02_AXI_ARREGION, 
  NLW_axi_crossbar_0_m_axi_arregion_UNCONNECTED[7:0]}
  	use +lint=PCWM for more details


Warning-[PCWM-W] Port connection width mismatch
/home/ICer/work/vivado/ahb_matrix/ahb_matrix.ip_user_files/bd/ahb_axi_matrix/sim/ahb_axi_matrix.v, 834
"ahb_axi_matrix_axi_crossbar_0_0 axi_crossbar_0( .aclk (clk_100MHz_1),  .aresetn (rst_clk_100MHz_100M_peripheral_aresetn),  .m_axi_araddr ({axi_crossbar_0_M03_AXI_ARADDR, axi_crossbar_0_M02_AXI_ARADDR, axi_crossbar_0_M01_AXI_ARADDR, axi_crossbar_0_M00_AXI_ARADDR}),  .m_axi_arburst ({axi_crossbar_0_M03_AXI_ARBURST, axi_crossbar_0_M02_AXI_ARBURST, axi_crossbar_0_M01_AXI_ARBURST, axi_crossbar_0_M00_AXI_ARBURST}),  .m_axi_arcache ({axi_crossbar_0_M03_AXI_ARCACHE, axi_crossbar_0_M02_AXI_ARCACHE, axi_crossbar_0_M01_AXI_ARCACHE, axi_crossbar_0_M00_AXI_ARCACHE}),  .m_axi_arid ({axi_crossbar_0_M03_AXI_ARID, axi_crossbar_0_M02_AXI_ARID, axi_crossbar_0_M01_AXI_ARID, axi_crossbar_0_M00_AXI_ARID}),  .m_axi_arlen ({axi_crossbar_0_M03_AXI_ARLEN, axi_crossbar_0_M02_AXI_ ... "
  The following 12-bit expression is connected to 16-bit port "m_axi_awqos" of
  module "ahb_axi_matrix_axi_crossbar_0_0", instance "axi_crossbar_0".
  Expression: {axi_crossbar_0_M02_AXI_AWQOS, 
  NLW_axi_crossbar_0_m_axi_awqos_UNCONNECTED[7:0]}
  	use +lint=PCWM for more details


Warning-[PCWM-W] Port connection width mismatch
/home/ICer/work/vivado/ahb_matrix/ahb_matrix.ip_user_files/bd/ahb_axi_matrix/sim/ahb_axi_matrix.v, 834
"ahb_axi_matrix_axi_crossbar_0_0 axi_crossbar_0( .aclk (clk_100MHz_1),  .aresetn (rst_clk_100MHz_100M_peripheral_aresetn),  .m_axi_araddr ({axi_crossbar_0_M03_AXI_ARADDR, axi_crossbar_0_M02_AXI_ARADDR, axi_crossbar_0_M01_AXI_ARADDR, axi_crossbar_0_M00_AXI_ARADDR}),  .m_axi_arburst ({axi_crossbar_0_M03_AXI_ARBURST, axi_crossbar_0_M02_AXI_ARBURST, axi_crossbar_0_M01_AXI_ARBURST, axi_crossbar_0_M00_AXI_ARBURST}),  .m_axi_arcache ({axi_crossbar_0_M03_AXI_ARCACHE, axi_crossbar_0_M02_AXI_ARCACHE, axi_crossbar_0_M01_AXI_ARCACHE, axi_crossbar_0_M00_AXI_ARCACHE}),  .m_axi_arid ({axi_crossbar_0_M03_AXI_ARID, axi_crossbar_0_M02_AXI_ARID, axi_crossbar_0_M01_AXI_ARID, axi_crossbar_0_M00_AXI_ARID}),  .m_axi_arlen ({axi_crossbar_0_M03_AXI_ARLEN, axi_crossbar_0_M02_AXI_ ... "
  The following 12-bit expression is connected to 16-bit port "m_axi_awregion"
  of module "ahb_axi_matrix_axi_crossbar_0_0", instance "axi_crossbar_0".
  Expression: {axi_crossbar_0_M02_AXI_AWREGION, 
  NLW_axi_crossbar_0_m_axi_awregion_UNCONNECTED[7:0]}
  	use +lint=PCWM for more details


Warning-[PCWM-W] Port connection width mismatch
../verilog/ddr3/ddr3_dfi_phy.v, 345
"OSERDESE2 #("DDR", "BUF", 8, , , , , , , , , , , , , , , , , "MASTER", , , , , 1, , , , ) u_serdes_dq0( .CLK (clk_ddr_i),  .CLKDIV (clk_i),  .D1 (dfi_wrdata_q[(0 + 0)]),  .D2 (dfi_wrdata_q[(0 + 0)]),  .D3 (dfi_wrdata_q[(0 + 0)]),  .D4 (dfi_wrdata_q[(0 + 0)]),  .D5 (dfi_wrdata_q[(0 + 16)]),  .D6 (dfi_wrdata_q[(0 + 16)]),  .D7 (dfi_wrdata_q[(0 + 16)]),  .D8 (dfi_wrdata_q[(0 + 16)]),  .OCE (1),  .RST (rst_i),  .SHIFTIN1 (0),  .SHIFTIN2 (0),  .T1 (dqs_out_en_n_q),  .T2 (dqs_out_en_n_q),  .T3 (dqs_out_en_n_q),  .T4 (dqs_out_en_n_q),  .TBYTEIN (0),  .TCE (1),  .OQ (dq_out_w[0]),  .TQ (dq_out_en_n_w[0]));"
  The following 32-bit expression is connected to 1-bit port "OCE" of module 
  "OSERDESE2", instance "u_serdes_dq0".
  Expression: 1
  	use +lint=PCWM for more details


Warning-[PCWM-W] Port connection width mismatch
../verilog/ddr3/ddr3_dfi_phy.v, 345
"OSERDESE2 #("DDR", "BUF", 8, , , , , , , , , , , , , , , , , "MASTER", , , , , 1, , , , ) u_serdes_dq0( .CLK (clk_ddr_i),  .CLKDIV (clk_i),  .D1 (dfi_wrdata_q[(0 + 0)]),  .D2 (dfi_wrdata_q[(0 + 0)]),  .D3 (dfi_wrdata_q[(0 + 0)]),  .D4 (dfi_wrdata_q[(0 + 0)]),  .D5 (dfi_wrdata_q[(0 + 16)]),  .D6 (dfi_wrdata_q[(0 + 16)]),  .D7 (dfi_wrdata_q[(0 + 16)]),  .D8 (dfi_wrdata_q[(0 + 16)]),  .OCE (1),  .RST (rst_i),  .SHIFTIN1 (0),  .SHIFTIN2 (0),  .T1 (dqs_out_en_n_q),  .T2 (dqs_out_en_n_q),  .T3 (dqs_out_en_n_q),  .T4 (dqs_out_en_n_q),  .TBYTEIN (0),  .TCE (1),  .OQ (dq_out_w[0]),  .TQ (dq_out_en_n_w[0]));"
  The following 32-bit expression is connected to 1-bit port "SHIFTIN1" of 
  module "OSERDESE2", instance "u_serdes_dq0".
  Expression: 0
  	use +lint=PCWM for more details


Warning-[PCWM-W] Port connection width mismatch
../verilog/ddr3/ddr3_dfi_phy.v, 345
"OSERDESE2 #("DDR", "BUF", 8, , , , , , , , , , , , , , , , , "MASTER", , , , , 1, , , , ) u_serdes_dq0( .CLK (clk_ddr_i),  .CLKDIV (clk_i),  .D1 (dfi_wrdata_q[(0 + 0)]),  .D2 (dfi_wrdata_q[(0 + 0)]),  .D3 (dfi_wrdata_q[(0 + 0)]),  .D4 (dfi_wrdata_q[(0 + 0)]),  .D5 (dfi_wrdata_q[(0 + 16)]),  .D6 (dfi_wrdata_q[(0 + 16)]),  .D7 (dfi_wrdata_q[(0 + 16)]),  .D8 (dfi_wrdata_q[(0 + 16)]),  .OCE (1),  .RST (rst_i),  .SHIFTIN1 (0),  .SHIFTIN2 (0),  .T1 (dqs_out_en_n_q),  .T2 (dqs_out_en_n_q),  .T3 (dqs_out_en_n_q),  .T4 (dqs_out_en_n_q),  .TBYTEIN (0),  .TCE (1),  .OQ (dq_out_w[0]),  .TQ (dq_out_en_n_w[0]));"
  The following 32-bit expression is connected to 1-bit port "SHIFTIN2" of 
  module "OSERDESE2", instance "u_serdes_dq0".
  Expression: 0
  	use +lint=PCWM for more details


Warning-[PCWM-W] Port connection width mismatch
../verilog/ddr3/ddr3_dfi_phy.v, 345
"OSERDESE2 #("DDR", "BUF", 8, , , , , , , , , , , , , , , , , "MASTER", , , , , 1, , , , ) u_serdes_dq0( .CLK (clk_ddr_i),  .CLKDIV (clk_i),  .D1 (dfi_wrdata_q[(0 + 0)]),  .D2 (dfi_wrdata_q[(0 + 0)]),  .D3 (dfi_wrdata_q[(0 + 0)]),  .D4 (dfi_wrdata_q[(0 + 0)]),  .D5 (dfi_wrdata_q[(0 + 16)]),  .D6 (dfi_wrdata_q[(0 + 16)]),  .D7 (dfi_wrdata_q[(0 + 16)]),  .D8 (dfi_wrdata_q[(0 + 16)]),  .OCE (1),  .RST (rst_i),  .SHIFTIN1 (0),  .SHIFTIN2 (0),  .T1 (dqs_out_en_n_q),  .T2 (dqs_out_en_n_q),  .T3 (dqs_out_en_n_q),  .T4 (dqs_out_en_n_q),  .TBYTEIN (0),  .TCE (1),  .OQ (dq_out_w[0]),  .TQ (dq_out_en_n_w[0]));"
  The following 32-bit expression is connected to 1-bit port "TBYTEIN" of 
  module "OSERDESE2", instance "u_serdes_dq0".
  Expression: 0
  	use +lint=PCWM for more details


Warning-[PCWM-W] Port connection width mismatch
../verilog/ddr3/ddr3_dfi_phy.v, 345
"OSERDESE2 #("DDR", "BUF", 8, , , , , , , , , , , , , , , , , "MASTER", , , , , 1, , , , ) u_serdes_dq0( .CLK (clk_ddr_i),  .CLKDIV (clk_i),  .D1 (dfi_wrdata_q[(0 + 0)]),  .D2 (dfi_wrdata_q[(0 + 0)]),  .D3 (dfi_wrdata_q[(0 + 0)]),  .D4 (dfi_wrdata_q[(0 + 0)]),  .D5 (dfi_wrdata_q[(0 + 16)]),  .D6 (dfi_wrdata_q[(0 + 16)]),  .D7 (dfi_wrdata_q[(0 + 16)]),  .D8 (dfi_wrdata_q[(0 + 16)]),  .OCE (1),  .RST (rst_i),  .SHIFTIN1 (0),  .SHIFTIN2 (0),  .T1 (dqs_out_en_n_q),  .T2 (dqs_out_en_n_q),  .T3 (dqs_out_en_n_q),  .T4 (dqs_out_en_n_q),  .TBYTEIN (0),  .TCE (1),  .OQ (dq_out_w[0]),  .TQ (dq_out_en_n_w[0]));"
  The following 32-bit expression is connected to 1-bit port "TCE" of module 
  "OSERDESE2", instance "u_serdes_dq0".
  Expression: 1
  	use +lint=PCWM for more details


Warning-[PCWM-W] Port connection width mismatch
../verilog/ddr3/ddr3_dfi_phy.v, 398
"OSERDESE2 #("DDR", "BUF", 8, , , , , , , , , , , , , , , , , "MASTER", , , , , 1, , , , ) u_serdes_dq1( .CLK (clk_ddr_i),  .CLKDIV (clk_i),  .D1 (dfi_wrdata_q[(1 + 0)]),  .D2 (dfi_wrdata_q[(1 + 0)]),  .D3 (dfi_wrdata_q[(1 + 0)]),  .D4 (dfi_wrdata_q[(1 + 0)]),  .D5 (dfi_wrdata_q[(1 + 16)]),  .D6 (dfi_wrdata_q[(1 + 16)]),  .D7 (dfi_wrdata_q[(1 + 16)]),  .D8 (dfi_wrdata_q[(1 + 16)]),  .OCE (1),  .RST (rst_i),  .SHIFTIN1 (0),  .SHIFTIN2 (0),  .T1 (dqs_out_en_n_q),  .T2 (dqs_out_en_n_q),  .T3 (dqs_out_en_n_q),  .T4 (dqs_out_en_n_q),  .TBYTEIN (0),  .TCE (1),  .OQ (dq_out_w[1]),  .TQ (dq_out_en_n_w[1]));"
  The following 32-bit expression is connected to 1-bit port "OCE" of module 
  "OSERDESE2", instance "u_serdes_dq1".
  Expression: 1
  	use +lint=PCWM for more details


Warning-[PCWM-W] Port connection width mismatch
../verilog/ddr3/ddr3_dfi_phy.v, 398
"OSERDESE2 #("DDR", "BUF", 8, , , , , , , , , , , , , , , , , "MASTER", , , , , 1, , , , ) u_serdes_dq1( .CLK (clk_ddr_i),  .CLKDIV (clk_i),  .D1 (dfi_wrdata_q[(1 + 0)]),  .D2 (dfi_wrdata_q[(1 + 0)]),  .D3 (dfi_wrdata_q[(1 + 0)]),  .D4 (dfi_wrdata_q[(1 + 0)]),  .D5 (dfi_wrdata_q[(1 + 16)]),  .D6 (dfi_wrdata_q[(1 + 16)]),  .D7 (dfi_wrdata_q[(1 + 16)]),  .D8 (dfi_wrdata_q[(1 + 16)]),  .OCE (1),  .RST (rst_i),  .SHIFTIN1 (0),  .SHIFTIN2 (0),  .T1 (dqs_out_en_n_q),  .T2 (dqs_out_en_n_q),  .T3 (dqs_out_en_n_q),  .T4 (dqs_out_en_n_q),  .TBYTEIN (0),  .TCE (1),  .OQ (dq_out_w[1]),  .TQ (dq_out_en_n_w[1]));"
  The following 32-bit expression is connected to 1-bit port "SHIFTIN1" of 
  module "OSERDESE2", instance "u_serdes_dq1".
  Expression: 0
  	use +lint=PCWM for more details


Warning-[PCWM-W] Port connection width mismatch
../verilog/ddr3/ddr3_dfi_phy.v, 398
"OSERDESE2 #("DDR", "BUF", 8, , , , , , , , , , , , , , , , , "MASTER", , , , , 1, , , , ) u_serdes_dq1( .CLK (clk_ddr_i),  .CLKDIV (clk_i),  .D1 (dfi_wrdata_q[(1 + 0)]),  .D2 (dfi_wrdata_q[(1 + 0)]),  .D3 (dfi_wrdata_q[(1 + 0)]),  .D4 (dfi_wrdata_q[(1 + 0)]),  .D5 (dfi_wrdata_q[(1 + 16)]),  .D6 (dfi_wrdata_q[(1 + 16)]),  .D7 (dfi_wrdata_q[(1 + 16)]),  .D8 (dfi_wrdata_q[(1 + 16)]),  .OCE (1),  .RST (rst_i),  .SHIFTIN1 (0),  .SHIFTIN2 (0),  .T1 (dqs_out_en_n_q),  .T2 (dqs_out_en_n_q),  .T3 (dqs_out_en_n_q),  .T4 (dqs_out_en_n_q),  .TBYTEIN (0),  .TCE (1),  .OQ (dq_out_w[1]),  .TQ (dq_out_en_n_w[1]));"
  The following 32-bit expression is connected to 1-bit port "SHIFTIN2" of 
  module "OSERDESE2", instance "u_serdes_dq1".
  Expression: 0
  	use +lint=PCWM for more details


Warning-[PCWM-W] Port connection width mismatch
../verilog/ddr3/ddr3_dfi_phy.v, 398
"OSERDESE2 #("DDR", "BUF", 8, , , , , , , , , , , , , , , , , "MASTER", , , , , 1, , , , ) u_serdes_dq1( .CLK (clk_ddr_i),  .CLKDIV (clk_i),  .D1 (dfi_wrdata_q[(1 + 0)]),  .D2 (dfi_wrdata_q[(1 + 0)]),  .D3 (dfi_wrdata_q[(1 + 0)]),  .D4 (dfi_wrdata_q[(1 + 0)]),  .D5 (dfi_wrdata_q[(1 + 16)]),  .D6 (dfi_wrdata_q[(1 + 16)]),  .D7 (dfi_wrdata_q[(1 + 16)]),  .D8 (dfi_wrdata_q[(1 + 16)]),  .OCE (1),  .RST (rst_i),  .SHIFTIN1 (0),  .SHIFTIN2 (0),  .T1 (dqs_out_en_n_q),  .T2 (dqs_out_en_n_q),  .T3 (dqs_out_en_n_q),  .T4 (dqs_out_en_n_q),  .TBYTEIN (0),  .TCE (1),  .OQ (dq_out_w[1]),  .TQ (dq_out_en_n_w[1]));"
  The following 32-bit expression is connected to 1-bit port "TBYTEIN" of 
  module "OSERDESE2", instance "u_serdes_dq1".
  Expression: 0
  	use +lint=PCWM for more details


Warning-[PCWM-W] Port connection width mismatch
../verilog/ddr3/ddr3_dfi_phy.v, 398
"OSERDESE2 #("DDR", "BUF", 8, , , , , , , , , , , , , , , , , "MASTER", , , , , 1, , , , ) u_serdes_dq1( .CLK (clk_ddr_i),  .CLKDIV (clk_i),  .D1 (dfi_wrdata_q[(1 + 0)]),  .D2 (dfi_wrdata_q[(1 + 0)]),  .D3 (dfi_wrdata_q[(1 + 0)]),  .D4 (dfi_wrdata_q[(1 + 0)]),  .D5 (dfi_wrdata_q[(1 + 16)]),  .D6 (dfi_wrdata_q[(1 + 16)]),  .D7 (dfi_wrdata_q[(1 + 16)]),  .D8 (dfi_wrdata_q[(1 + 16)]),  .OCE (1),  .RST (rst_i),  .SHIFTIN1 (0),  .SHIFTIN2 (0),  .T1 (dqs_out_en_n_q),  .T2 (dqs_out_en_n_q),  .T3 (dqs_out_en_n_q),  .T4 (dqs_out_en_n_q),  .TBYTEIN (0),  .TCE (1),  .OQ (dq_out_w[1]),  .TQ (dq_out_en_n_w[1]));"
  The following 32-bit expression is connected to 1-bit port "TCE" of module 
  "OSERDESE2", instance "u_serdes_dq1".
  Expression: 1
  	use +lint=PCWM for more details


Warning-[PCWM-W] Port connection width mismatch
../verilog/ddr3/ddr3_dfi_phy.v, 451
"OSERDESE2 #("DDR", "BUF", 8, , , , , , , , , , , , , , , , , "MASTER", , , , , 1, , , , ) u_serdes_dq2( .CLK (clk_ddr_i),  .CLKDIV (clk_i),  .D1 (dfi_wrdata_q[(2 + 0)]),  .D2 (dfi_wrdata_q[(2 + 0)]),  .D3 (dfi_wrdata_q[(2 + 0)]),  .D4 (dfi_wrdata_q[(2 + 0)]),  .D5 (dfi_wrdata_q[(2 + 16)]),  .D6 (dfi_wrdata_q[(2 + 16)]),  .D7 (dfi_wrdata_q[(2 + 16)]),  .D8 (dfi_wrdata_q[(2 + 16)]),  .OCE (1),  .RST (rst_i),  .SHIFTIN1 (0),  .SHIFTIN2 (0),  .T1 (dqs_out_en_n_q),  .T2 (dqs_out_en_n_q),  .T3 (dqs_out_en_n_q),  .T4 (dqs_out_en_n_q),  .TBYTEIN (0),  .TCE (1),  .OQ (dq_out_w[2]),  .TQ (dq_out_en_n_w[2]));"
  The following 32-bit expression is connected to 1-bit port "OCE" of module 
  "OSERDESE2", instance "u_serdes_dq2".
  Expression: 1
  	use +lint=PCWM for more details


Warning-[PCWM-W] Port connection width mismatch
../verilog/ddr3/ddr3_dfi_phy.v, 451
"OSERDESE2 #("DDR", "BUF", 8, , , , , , , , , , , , , , , , , "MASTER", , , , , 1, , , , ) u_serdes_dq2( .CLK (clk_ddr_i),  .CLKDIV (clk_i),  .D1 (dfi_wrdata_q[(2 + 0)]),  .D2 (dfi_wrdata_q[(2 + 0)]),  .D3 (dfi_wrdata_q[(2 + 0)]),  .D4 (dfi_wrdata_q[(2 + 0)]),  .D5 (dfi_wrdata_q[(2 + 16)]),  .D6 (dfi_wrdata_q[(2 + 16)]),  .D7 (dfi_wrdata_q[(2 + 16)]),  .D8 (dfi_wrdata_q[(2 + 16)]),  .OCE (1),  .RST (rst_i),  .SHIFTIN1 (0),  .SHIFTIN2 (0),  .T1 (dqs_out_en_n_q),  .T2 (dqs_out_en_n_q),  .T3 (dqs_out_en_n_q),  .T4 (dqs_out_en_n_q),  .TBYTEIN (0),  .TCE (1),  .OQ (dq_out_w[2]),  .TQ (dq_out_en_n_w[2]));"
  The following 32-bit expression is connected to 1-bit port "SHIFTIN1" of 
  module "OSERDESE2", instance "u_serdes_dq2".
  Expression: 0
  	use +lint=PCWM for more details


Warning-[PCWM-W] Port connection width mismatch
../verilog/ddr3/ddr3_dfi_phy.v, 451
"OSERDESE2 #("DDR", "BUF", 8, , , , , , , , , , , , , , , , , "MASTER", , , , , 1, , , , ) u_serdes_dq2( .CLK (clk_ddr_i),  .CLKDIV (clk_i),  .D1 (dfi_wrdata_q[(2 + 0)]),  .D2 (dfi_wrdata_q[(2 + 0)]),  .D3 (dfi_wrdata_q[(2 + 0)]),  .D4 (dfi_wrdata_q[(2 + 0)]),  .D5 (dfi_wrdata_q[(2 + 16)]),  .D6 (dfi_wrdata_q[(2 + 16)]),  .D7 (dfi_wrdata_q[(2 + 16)]),  .D8 (dfi_wrdata_q[(2 + 16)]),  .OCE (1),  .RST (rst_i),  .SHIFTIN1 (0),  .SHIFTIN2 (0),  .T1 (dqs_out_en_n_q),  .T2 (dqs_out_en_n_q),  .T3 (dqs_out_en_n_q),  .T4 (dqs_out_en_n_q),  .TBYTEIN (0),  .TCE (1),  .OQ (dq_out_w[2]),  .TQ (dq_out_en_n_w[2]));"
  The following 32-bit expression is connected to 1-bit port "SHIFTIN2" of 
  module "OSERDESE2", instance "u_serdes_dq2".
  Expression: 0
  	use +lint=PCWM for more details


Warning-[PCWM-W] Port connection width mismatch
../verilog/ddr3/ddr3_dfi_phy.v, 451
"OSERDESE2 #("DDR", "BUF", 8, , , , , , , , , , , , , , , , , "MASTER", , , , , 1, , , , ) u_serdes_dq2( .CLK (clk_ddr_i),  .CLKDIV (clk_i),  .D1 (dfi_wrdata_q[(2 + 0)]),  .D2 (dfi_wrdata_q[(2 + 0)]),  .D3 (dfi_wrdata_q[(2 + 0)]),  .D4 (dfi_wrdata_q[(2 + 0)]),  .D5 (dfi_wrdata_q[(2 + 16)]),  .D6 (dfi_wrdata_q[(2 + 16)]),  .D7 (dfi_wrdata_q[(2 + 16)]),  .D8 (dfi_wrdata_q[(2 + 16)]),  .OCE (1),  .RST (rst_i),  .SHIFTIN1 (0),  .SHIFTIN2 (0),  .T1 (dqs_out_en_n_q),  .T2 (dqs_out_en_n_q),  .T3 (dqs_out_en_n_q),  .T4 (dqs_out_en_n_q),  .TBYTEIN (0),  .TCE (1),  .OQ (dq_out_w[2]),  .TQ (dq_out_en_n_w[2]));"
  The following 32-bit expression is connected to 1-bit port "TBYTEIN" of 
  module "OSERDESE2", instance "u_serdes_dq2".
  Expression: 0
  	use +lint=PCWM for more details


Warning-[PCWM-W] Port connection width mismatch
../verilog/ddr3/ddr3_dfi_phy.v, 451
"OSERDESE2 #("DDR", "BUF", 8, , , , , , , , , , , , , , , , , "MASTER", , , , , 1, , , , ) u_serdes_dq2( .CLK (clk_ddr_i),  .CLKDIV (clk_i),  .D1 (dfi_wrdata_q[(2 + 0)]),  .D2 (dfi_wrdata_q[(2 + 0)]),  .D3 (dfi_wrdata_q[(2 + 0)]),  .D4 (dfi_wrdata_q[(2 + 0)]),  .D5 (dfi_wrdata_q[(2 + 16)]),  .D6 (dfi_wrdata_q[(2 + 16)]),  .D7 (dfi_wrdata_q[(2 + 16)]),  .D8 (dfi_wrdata_q[(2 + 16)]),  .OCE (1),  .RST (rst_i),  .SHIFTIN1 (0),  .SHIFTIN2 (0),  .T1 (dqs_out_en_n_q),  .T2 (dqs_out_en_n_q),  .T3 (dqs_out_en_n_q),  .T4 (dqs_out_en_n_q),  .TBYTEIN (0),  .TCE (1),  .OQ (dq_out_w[2]),  .TQ (dq_out_en_n_w[2]));"
  The following 32-bit expression is connected to 1-bit port "TCE" of module 
  "OSERDESE2", instance "u_serdes_dq2".
  Expression: 1
  	use +lint=PCWM for more details


Warning-[PCWM-W] Port connection width mismatch
../verilog/ddr3/ddr3_dfi_phy.v, 504
"OSERDESE2 #("DDR", "BUF", 8, , , , , , , , , , , , , , , , , "MASTER", , , , , 1, , , , ) u_serdes_dq3( .CLK (clk_ddr_i),  .CLKDIV (clk_i),  .D1 (dfi_wrdata_q[(3 + 0)]),  .D2 (dfi_wrdata_q[(3 + 0)]),  .D3 (dfi_wrdata_q[(3 + 0)]),  .D4 (dfi_wrdata_q[(3 + 0)]),  .D5 (dfi_wrdata_q[(3 + 16)]),  .D6 (dfi_wrdata_q[(3 + 16)]),  .D7 (dfi_wrdata_q[(3 + 16)]),  .D8 (dfi_wrdata_q[(3 + 16)]),  .OCE (1),  .RST (rst_i),  .SHIFTIN1 (0),  .SHIFTIN2 (0),  .T1 (dqs_out_en_n_q),  .T2 (dqs_out_en_n_q),  .T3 (dqs_out_en_n_q),  .T4 (dqs_out_en_n_q),  .TBYTEIN (0),  .TCE (1),  .OQ (dq_out_w[3]),  .TQ (dq_out_en_n_w[3]));"
  The following 32-bit expression is connected to 1-bit port "OCE" of module 
  "OSERDESE2", instance "u_serdes_dq3".
  Expression: 1
  	use +lint=PCWM for more details


Warning-[PCWM-W] Port connection width mismatch
../verilog/ddr3/ddr3_dfi_phy.v, 504
"OSERDESE2 #("DDR", "BUF", 8, , , , , , , , , , , , , , , , , "MASTER", , , , , 1, , , , ) u_serdes_dq3( .CLK (clk_ddr_i),  .CLKDIV (clk_i),  .D1 (dfi_wrdata_q[(3 + 0)]),  .D2 (dfi_wrdata_q[(3 + 0)]),  .D3 (dfi_wrdata_q[(3 + 0)]),  .D4 (dfi_wrdata_q[(3 + 0)]),  .D5 (dfi_wrdata_q[(3 + 16)]),  .D6 (dfi_wrdata_q[(3 + 16)]),  .D7 (dfi_wrdata_q[(3 + 16)]),  .D8 (dfi_wrdata_q[(3 + 16)]),  .OCE (1),  .RST (rst_i),  .SHIFTIN1 (0),  .SHIFTIN2 (0),  .T1 (dqs_out_en_n_q),  .T2 (dqs_out_en_n_q),  .T3 (dqs_out_en_n_q),  .T4 (dqs_out_en_n_q),  .TBYTEIN (0),  .TCE (1),  .OQ (dq_out_w[3]),  .TQ (dq_out_en_n_w[3]));"
  The following 32-bit expression is connected to 1-bit port "SHIFTIN1" of 
  module "OSERDESE2", instance "u_serdes_dq3".
  Expression: 0
  	use +lint=PCWM for more details


Warning-[PCWM-W] Port connection width mismatch
../verilog/ddr3/ddr3_dfi_phy.v, 504
"OSERDESE2 #("DDR", "BUF", 8, , , , , , , , , , , , , , , , , "MASTER", , , , , 1, , , , ) u_serdes_dq3( .CLK (clk_ddr_i),  .CLKDIV (clk_i),  .D1 (dfi_wrdata_q[(3 + 0)]),  .D2 (dfi_wrdata_q[(3 + 0)]),  .D3 (dfi_wrdata_q[(3 + 0)]),  .D4 (dfi_wrdata_q[(3 + 0)]),  .D5 (dfi_wrdata_q[(3 + 16)]),  .D6 (dfi_wrdata_q[(3 + 16)]),  .D7 (dfi_wrdata_q[(3 + 16)]),  .D8 (dfi_wrdata_q[(3 + 16)]),  .OCE (1),  .RST (rst_i),  .SHIFTIN1 (0),  .SHIFTIN2 (0),  .T1 (dqs_out_en_n_q),  .T2 (dqs_out_en_n_q),  .T3 (dqs_out_en_n_q),  .T4 (dqs_out_en_n_q),  .TBYTEIN (0),  .TCE (1),  .OQ (dq_out_w[3]),  .TQ (dq_out_en_n_w[3]));"
  The following 32-bit expression is connected to 1-bit port "SHIFTIN2" of 
  module "OSERDESE2", instance "u_serdes_dq3".
  Expression: 0
  	use +lint=PCWM for more details


Warning-[PCWM-W] Port connection width mismatch
../verilog/ddr3/ddr3_dfi_phy.v, 504
"OSERDESE2 #("DDR", "BUF", 8, , , , , , , , , , , , , , , , , "MASTER", , , , , 1, , , , ) u_serdes_dq3( .CLK (clk_ddr_i),  .CLKDIV (clk_i),  .D1 (dfi_wrdata_q[(3 + 0)]),  .D2 (dfi_wrdata_q[(3 + 0)]),  .D3 (dfi_wrdata_q[(3 + 0)]),  .D4 (dfi_wrdata_q[(3 + 0)]),  .D5 (dfi_wrdata_q[(3 + 16)]),  .D6 (dfi_wrdata_q[(3 + 16)]),  .D7 (dfi_wrdata_q[(3 + 16)]),  .D8 (dfi_wrdata_q[(3 + 16)]),  .OCE (1),  .RST (rst_i),  .SHIFTIN1 (0),  .SHIFTIN2 (0),  .T1 (dqs_out_en_n_q),  .T2 (dqs_out_en_n_q),  .T3 (dqs_out_en_n_q),  .T4 (dqs_out_en_n_q),  .TBYTEIN (0),  .TCE (1),  .OQ (dq_out_w[3]),  .TQ (dq_out_en_n_w[3]));"
  The following 32-bit expression is connected to 1-bit port "TBYTEIN" of 
  module "OSERDESE2", instance "u_serdes_dq3".
  Expression: 0
  	use +lint=PCWM for more details


Warning-[PCWM-W] Port connection width mismatch
../verilog/ddr3/ddr3_dfi_phy.v, 504
"OSERDESE2 #("DDR", "BUF", 8, , , , , , , , , , , , , , , , , "MASTER", , , , , 1, , , , ) u_serdes_dq3( .CLK (clk_ddr_i),  .CLKDIV (clk_i),  .D1 (dfi_wrdata_q[(3 + 0)]),  .D2 (dfi_wrdata_q[(3 + 0)]),  .D3 (dfi_wrdata_q[(3 + 0)]),  .D4 (dfi_wrdata_q[(3 + 0)]),  .D5 (dfi_wrdata_q[(3 + 16)]),  .D6 (dfi_wrdata_q[(3 + 16)]),  .D7 (dfi_wrdata_q[(3 + 16)]),  .D8 (dfi_wrdata_q[(3 + 16)]),  .OCE (1),  .RST (rst_i),  .SHIFTIN1 (0),  .SHIFTIN2 (0),  .T1 (dqs_out_en_n_q),  .T2 (dqs_out_en_n_q),  .T3 (dqs_out_en_n_q),  .T4 (dqs_out_en_n_q),  .TBYTEIN (0),  .TCE (1),  .OQ (dq_out_w[3]),  .TQ (dq_out_en_n_w[3]));"
  The following 32-bit expression is connected to 1-bit port "TCE" of module 
  "OSERDESE2", instance "u_serdes_dq3".
  Expression: 1
  	use +lint=PCWM for more details


Warning-[PCWM-W] Port connection width mismatch
../verilog/ddr3/ddr3_dfi_phy.v, 557
"OSERDESE2 #("DDR", "BUF", 8, , , , , , , , , , , , , , , , , "MASTER", , , , , 1, , , , ) u_serdes_dq4( .CLK (clk_ddr_i),  .CLKDIV (clk_i),  .D1 (dfi_wrdata_q[(4 + 0)]),  .D2 (dfi_wrdata_q[(4 + 0)]),  .D3 (dfi_wrdata_q[(4 + 0)]),  .D4 (dfi_wrdata_q[(4 + 0)]),  .D5 (dfi_wrdata_q[(4 + 16)]),  .D6 (dfi_wrdata_q[(4 + 16)]),  .D7 (dfi_wrdata_q[(4 + 16)]),  .D8 (dfi_wrdata_q[(4 + 16)]),  .OCE (1),  .RST (rst_i),  .SHIFTIN1 (0),  .SHIFTIN2 (0),  .T1 (dqs_out_en_n_q),  .T2 (dqs_out_en_n_q),  .T3 (dqs_out_en_n_q),  .T4 (dqs_out_en_n_q),  .TBYTEIN (0),  .TCE (1),  .OQ (dq_out_w[4]),  .TQ (dq_out_en_n_w[4]));"
  The following 32-bit expression is connected to 1-bit port "OCE" of module 
  "OSERDESE2", instance "u_serdes_dq4".
  Expression: 1
  	use +lint=PCWM for more details


Warning-[PCWM-W] Port connection width mismatch
../verilog/ddr3/ddr3_dfi_phy.v, 557
"OSERDESE2 #("DDR", "BUF", 8, , , , , , , , , , , , , , , , , "MASTER", , , , , 1, , , , ) u_serdes_dq4( .CLK (clk_ddr_i),  .CLKDIV (clk_i),  .D1 (dfi_wrdata_q[(4 + 0)]),  .D2 (dfi_wrdata_q[(4 + 0)]),  .D3 (dfi_wrdata_q[(4 + 0)]),  .D4 (dfi_wrdata_q[(4 + 0)]),  .D5 (dfi_wrdata_q[(4 + 16)]),  .D6 (dfi_wrdata_q[(4 + 16)]),  .D7 (dfi_wrdata_q[(4 + 16)]),  .D8 (dfi_wrdata_q[(4 + 16)]),  .OCE (1),  .RST (rst_i),  .SHIFTIN1 (0),  .SHIFTIN2 (0),  .T1 (dqs_out_en_n_q),  .T2 (dqs_out_en_n_q),  .T3 (dqs_out_en_n_q),  .T4 (dqs_out_en_n_q),  .TBYTEIN (0),  .TCE (1),  .OQ (dq_out_w[4]),  .TQ (dq_out_en_n_w[4]));"
  The following 32-bit expression is connected to 1-bit port "SHIFTIN1" of 
  module "OSERDESE2", instance "u_serdes_dq4".
  Expression: 0
  	use +lint=PCWM for more details


Warning-[PCWM-W] Port connection width mismatch
../verilog/ddr3/ddr3_dfi_phy.v, 557
"OSERDESE2 #("DDR", "BUF", 8, , , , , , , , , , , , , , , , , "MASTER", , , , , 1, , , , ) u_serdes_dq4( .CLK (clk_ddr_i),  .CLKDIV (clk_i),  .D1 (dfi_wrdata_q[(4 + 0)]),  .D2 (dfi_wrdata_q[(4 + 0)]),  .D3 (dfi_wrdata_q[(4 + 0)]),  .D4 (dfi_wrdata_q[(4 + 0)]),  .D5 (dfi_wrdata_q[(4 + 16)]),  .D6 (dfi_wrdata_q[(4 + 16)]),  .D7 (dfi_wrdata_q[(4 + 16)]),  .D8 (dfi_wrdata_q[(4 + 16)]),  .OCE (1),  .RST (rst_i),  .SHIFTIN1 (0),  .SHIFTIN2 (0),  .T1 (dqs_out_en_n_q),  .T2 (dqs_out_en_n_q),  .T3 (dqs_out_en_n_q),  .T4 (dqs_out_en_n_q),  .TBYTEIN (0),  .TCE (1),  .OQ (dq_out_w[4]),  .TQ (dq_out_en_n_w[4]));"
  The following 32-bit expression is connected to 1-bit port "SHIFTIN2" of 
  module "OSERDESE2", instance "u_serdes_dq4".
  Expression: 0
  	use +lint=PCWM for more details


Warning-[PCWM-W] Port connection width mismatch
../verilog/ddr3/ddr3_dfi_phy.v, 557
"OSERDESE2 #("DDR", "BUF", 8, , , , , , , , , , , , , , , , , "MASTER", , , , , 1, , , , ) u_serdes_dq4( .CLK (clk_ddr_i),  .CLKDIV (clk_i),  .D1 (dfi_wrdata_q[(4 + 0)]),  .D2 (dfi_wrdata_q[(4 + 0)]),  .D3 (dfi_wrdata_q[(4 + 0)]),  .D4 (dfi_wrdata_q[(4 + 0)]),  .D5 (dfi_wrdata_q[(4 + 16)]),  .D6 (dfi_wrdata_q[(4 + 16)]),  .D7 (dfi_wrdata_q[(4 + 16)]),  .D8 (dfi_wrdata_q[(4 + 16)]),  .OCE (1),  .RST (rst_i),  .SHIFTIN1 (0),  .SHIFTIN2 (0),  .T1 (dqs_out_en_n_q),  .T2 (dqs_out_en_n_q),  .T3 (dqs_out_en_n_q),  .T4 (dqs_out_en_n_q),  .TBYTEIN (0),  .TCE (1),  .OQ (dq_out_w[4]),  .TQ (dq_out_en_n_w[4]));"
  The following 32-bit expression is connected to 1-bit port "TBYTEIN" of 
  module "OSERDESE2", instance "u_serdes_dq4".
  Expression: 0
  	use +lint=PCWM for more details


Warning-[PCWM-W] Port connection width mismatch
../verilog/ddr3/ddr3_dfi_phy.v, 557
"OSERDESE2 #("DDR", "BUF", 8, , , , , , , , , , , , , , , , , "MASTER", , , , , 1, , , , ) u_serdes_dq4( .CLK (clk_ddr_i),  .CLKDIV (clk_i),  .D1 (dfi_wrdata_q[(4 + 0)]),  .D2 (dfi_wrdata_q[(4 + 0)]),  .D3 (dfi_wrdata_q[(4 + 0)]),  .D4 (dfi_wrdata_q[(4 + 0)]),  .D5 (dfi_wrdata_q[(4 + 16)]),  .D6 (dfi_wrdata_q[(4 + 16)]),  .D7 (dfi_wrdata_q[(4 + 16)]),  .D8 (dfi_wrdata_q[(4 + 16)]),  .OCE (1),  .RST (rst_i),  .SHIFTIN1 (0),  .SHIFTIN2 (0),  .T1 (dqs_out_en_n_q),  .T2 (dqs_out_en_n_q),  .T3 (dqs_out_en_n_q),  .T4 (dqs_out_en_n_q),  .TBYTEIN (0),  .TCE (1),  .OQ (dq_out_w[4]),  .TQ (dq_out_en_n_w[4]));"
  The following 32-bit expression is connected to 1-bit port "TCE" of module 
  "OSERDESE2", instance "u_serdes_dq4".
  Expression: 1
  	use +lint=PCWM for more details


Warning-[PCWM-W] Port connection width mismatch
../verilog/ddr3/ddr3_dfi_phy.v, 610
"OSERDESE2 #("DDR", "BUF", 8, , , , , , , , , , , , , , , , , "MASTER", , , , , 1, , , , ) u_serdes_dq5( .CLK (clk_ddr_i),  .CLKDIV (clk_i),  .D1 (dfi_wrdata_q[(5 + 0)]),  .D2 (dfi_wrdata_q[(5 + 0)]),  .D3 (dfi_wrdata_q[(5 + 0)]),  .D4 (dfi_wrdata_q[(5 + 0)]),  .D5 (dfi_wrdata_q[(5 + 16)]),  .D6 (dfi_wrdata_q[(5 + 16)]),  .D7 (dfi_wrdata_q[(5 + 16)]),  .D8 (dfi_wrdata_q[(5 + 16)]),  .OCE (1),  .RST (rst_i),  .SHIFTIN1 (0),  .SHIFTIN2 (0),  .T1 (dqs_out_en_n_q),  .T2 (dqs_out_en_n_q),  .T3 (dqs_out_en_n_q),  .T4 (dqs_out_en_n_q),  .TBYTEIN (0),  .TCE (1),  .OQ (dq_out_w[5]),  .TQ (dq_out_en_n_w[5]));"
  The following 32-bit expression is connected to 1-bit port "OCE" of module 
  "OSERDESE2", instance "u_serdes_dq5".
  Expression: 1
  	use +lint=PCWM for more details


Warning-[PCWM-W] Port connection width mismatch
../verilog/ddr3/ddr3_dfi_phy.v, 610
"OSERDESE2 #("DDR", "BUF", 8, , , , , , , , , , , , , , , , , "MASTER", , , , , 1, , , , ) u_serdes_dq5( .CLK (clk_ddr_i),  .CLKDIV (clk_i),  .D1 (dfi_wrdata_q[(5 + 0)]),  .D2 (dfi_wrdata_q[(5 + 0)]),  .D3 (dfi_wrdata_q[(5 + 0)]),  .D4 (dfi_wrdata_q[(5 + 0)]),  .D5 (dfi_wrdata_q[(5 + 16)]),  .D6 (dfi_wrdata_q[(5 + 16)]),  .D7 (dfi_wrdata_q[(5 + 16)]),  .D8 (dfi_wrdata_q[(5 + 16)]),  .OCE (1),  .RST (rst_i),  .SHIFTIN1 (0),  .SHIFTIN2 (0),  .T1 (dqs_out_en_n_q),  .T2 (dqs_out_en_n_q),  .T3 (dqs_out_en_n_q),  .T4 (dqs_out_en_n_q),  .TBYTEIN (0),  .TCE (1),  .OQ (dq_out_w[5]),  .TQ (dq_out_en_n_w[5]));"
  The following 32-bit expression is connected to 1-bit port "SHIFTIN1" of 
  module "OSERDESE2", instance "u_serdes_dq5".
  Expression: 0
  	use +lint=PCWM for more details


Warning-[PCWM-W] Port connection width mismatch
../verilog/ddr3/ddr3_dfi_phy.v, 610
"OSERDESE2 #("DDR", "BUF", 8, , , , , , , , , , , , , , , , , "MASTER", , , , , 1, , , , ) u_serdes_dq5( .CLK (clk_ddr_i),  .CLKDIV (clk_i),  .D1 (dfi_wrdata_q[(5 + 0)]),  .D2 (dfi_wrdata_q[(5 + 0)]),  .D3 (dfi_wrdata_q[(5 + 0)]),  .D4 (dfi_wrdata_q[(5 + 0)]),  .D5 (dfi_wrdata_q[(5 + 16)]),  .D6 (dfi_wrdata_q[(5 + 16)]),  .D7 (dfi_wrdata_q[(5 + 16)]),  .D8 (dfi_wrdata_q[(5 + 16)]),  .OCE (1),  .RST (rst_i),  .SHIFTIN1 (0),  .SHIFTIN2 (0),  .T1 (dqs_out_en_n_q),  .T2 (dqs_out_en_n_q),  .T3 (dqs_out_en_n_q),  .T4 (dqs_out_en_n_q),  .TBYTEIN (0),  .TCE (1),  .OQ (dq_out_w[5]),  .TQ (dq_out_en_n_w[5]));"
  The following 32-bit expression is connected to 1-bit port "SHIFTIN2" of 
  module "OSERDESE2", instance "u_serdes_dq5".
  Expression: 0
  	use +lint=PCWM for more details


Warning-[PCWM-W] Port connection width mismatch
../verilog/ddr3/ddr3_dfi_phy.v, 610
"OSERDESE2 #("DDR", "BUF", 8, , , , , , , , , , , , , , , , , "MASTER", , , , , 1, , , , ) u_serdes_dq5( .CLK (clk_ddr_i),  .CLKDIV (clk_i),  .D1 (dfi_wrdata_q[(5 + 0)]),  .D2 (dfi_wrdata_q[(5 + 0)]),  .D3 (dfi_wrdata_q[(5 + 0)]),  .D4 (dfi_wrdata_q[(5 + 0)]),  .D5 (dfi_wrdata_q[(5 + 16)]),  .D6 (dfi_wrdata_q[(5 + 16)]),  .D7 (dfi_wrdata_q[(5 + 16)]),  .D8 (dfi_wrdata_q[(5 + 16)]),  .OCE (1),  .RST (rst_i),  .SHIFTIN1 (0),  .SHIFTIN2 (0),  .T1 (dqs_out_en_n_q),  .T2 (dqs_out_en_n_q),  .T3 (dqs_out_en_n_q),  .T4 (dqs_out_en_n_q),  .TBYTEIN (0),  .TCE (1),  .OQ (dq_out_w[5]),  .TQ (dq_out_en_n_w[5]));"
  The following 32-bit expression is connected to 1-bit port "TBYTEIN" of 
  module "OSERDESE2", instance "u_serdes_dq5".
  Expression: 0
  	use +lint=PCWM for more details


Warning-[PCWM-W] Port connection width mismatch
../verilog/ddr3/ddr3_dfi_phy.v, 610
"OSERDESE2 #("DDR", "BUF", 8, , , , , , , , , , , , , , , , , "MASTER", , , , , 1, , , , ) u_serdes_dq5( .CLK (clk_ddr_i),  .CLKDIV (clk_i),  .D1 (dfi_wrdata_q[(5 + 0)]),  .D2 (dfi_wrdata_q[(5 + 0)]),  .D3 (dfi_wrdata_q[(5 + 0)]),  .D4 (dfi_wrdata_q[(5 + 0)]),  .D5 (dfi_wrdata_q[(5 + 16)]),  .D6 (dfi_wrdata_q[(5 + 16)]),  .D7 (dfi_wrdata_q[(5 + 16)]),  .D8 (dfi_wrdata_q[(5 + 16)]),  .OCE (1),  .RST (rst_i),  .SHIFTIN1 (0),  .SHIFTIN2 (0),  .T1 (dqs_out_en_n_q),  .T2 (dqs_out_en_n_q),  .T3 (dqs_out_en_n_q),  .T4 (dqs_out_en_n_q),  .TBYTEIN (0),  .TCE (1),  .OQ (dq_out_w[5]),  .TQ (dq_out_en_n_w[5]));"
  The following 32-bit expression is connected to 1-bit port "TCE" of module 
  "OSERDESE2", instance "u_serdes_dq5".
  Expression: 1
  	use +lint=PCWM for more details


Warning-[PCWM-W] Port connection width mismatch
../verilog/ddr3/ddr3_dfi_phy.v, 663
"OSERDESE2 #("DDR", "BUF", 8, , , , , , , , , , , , , , , , , "MASTER", , , , , 1, , , , ) u_serdes_dq6( .CLK (clk_ddr_i),  .CLKDIV (clk_i),  .D1 (dfi_wrdata_q[(6 + 0)]),  .D2 (dfi_wrdata_q[(6 + 0)]),  .D3 (dfi_wrdata_q[(6 + 0)]),  .D4 (dfi_wrdata_q[(6 + 0)]),  .D5 (dfi_wrdata_q[(6 + 16)]),  .D6 (dfi_wrdata_q[(6 + 16)]),  .D7 (dfi_wrdata_q[(6 + 16)]),  .D8 (dfi_wrdata_q[(6 + 16)]),  .OCE (1),  .RST (rst_i),  .SHIFTIN1 (0),  .SHIFTIN2 (0),  .T1 (dqs_out_en_n_q),  .T2 (dqs_out_en_n_q),  .T3 (dqs_out_en_n_q),  .T4 (dqs_out_en_n_q),  .TBYTEIN (0),  .TCE (1),  .OQ (dq_out_w[6]),  .TQ (dq_out_en_n_w[6]));"
  The following 32-bit expression is connected to 1-bit port "OCE" of module 
  "OSERDESE2", instance "u_serdes_dq6".
  Expression: 1
  	use +lint=PCWM for more details


Warning-[PCWM-W] Port connection width mismatch
../verilog/ddr3/ddr3_dfi_phy.v, 663
"OSERDESE2 #("DDR", "BUF", 8, , , , , , , , , , , , , , , , , "MASTER", , , , , 1, , , , ) u_serdes_dq6( .CLK (clk_ddr_i),  .CLKDIV (clk_i),  .D1 (dfi_wrdata_q[(6 + 0)]),  .D2 (dfi_wrdata_q[(6 + 0)]),  .D3 (dfi_wrdata_q[(6 + 0)]),  .D4 (dfi_wrdata_q[(6 + 0)]),  .D5 (dfi_wrdata_q[(6 + 16)]),  .D6 (dfi_wrdata_q[(6 + 16)]),  .D7 (dfi_wrdata_q[(6 + 16)]),  .D8 (dfi_wrdata_q[(6 + 16)]),  .OCE (1),  .RST (rst_i),  .SHIFTIN1 (0),  .SHIFTIN2 (0),  .T1 (dqs_out_en_n_q),  .T2 (dqs_out_en_n_q),  .T3 (dqs_out_en_n_q),  .T4 (dqs_out_en_n_q),  .TBYTEIN (0),  .TCE (1),  .OQ (dq_out_w[6]),  .TQ (dq_out_en_n_w[6]));"
  The following 32-bit expression is connected to 1-bit port "SHIFTIN1" of 
  module "OSERDESE2", instance "u_serdes_dq6".
  Expression: 0
  	use +lint=PCWM for more details


Warning-[PCWM-W] Port connection width mismatch
../verilog/ddr3/ddr3_dfi_phy.v, 663
"OSERDESE2 #("DDR", "BUF", 8, , , , , , , , , , , , , , , , , "MASTER", , , , , 1, , , , ) u_serdes_dq6( .CLK (clk_ddr_i),  .CLKDIV (clk_i),  .D1 (dfi_wrdata_q[(6 + 0)]),  .D2 (dfi_wrdata_q[(6 + 0)]),  .D3 (dfi_wrdata_q[(6 + 0)]),  .D4 (dfi_wrdata_q[(6 + 0)]),  .D5 (dfi_wrdata_q[(6 + 16)]),  .D6 (dfi_wrdata_q[(6 + 16)]),  .D7 (dfi_wrdata_q[(6 + 16)]),  .D8 (dfi_wrdata_q[(6 + 16)]),  .OCE (1),  .RST (rst_i),  .SHIFTIN1 (0),  .SHIFTIN2 (0),  .T1 (dqs_out_en_n_q),  .T2 (dqs_out_en_n_q),  .T3 (dqs_out_en_n_q),  .T4 (dqs_out_en_n_q),  .TBYTEIN (0),  .TCE (1),  .OQ (dq_out_w[6]),  .TQ (dq_out_en_n_w[6]));"
  The following 32-bit expression is connected to 1-bit port "SHIFTIN2" of 
  module "OSERDESE2", instance "u_serdes_dq6".
  Expression: 0
  	use +lint=PCWM for more details


Warning-[PCWM-W] Port connection width mismatch
../verilog/ddr3/ddr3_dfi_phy.v, 663
"OSERDESE2 #("DDR", "BUF", 8, , , , , , , , , , , , , , , , , "MASTER", , , , , 1, , , , ) u_serdes_dq6( .CLK (clk_ddr_i),  .CLKDIV (clk_i),  .D1 (dfi_wrdata_q[(6 + 0)]),  .D2 (dfi_wrdata_q[(6 + 0)]),  .D3 (dfi_wrdata_q[(6 + 0)]),  .D4 (dfi_wrdata_q[(6 + 0)]),  .D5 (dfi_wrdata_q[(6 + 16)]),  .D6 (dfi_wrdata_q[(6 + 16)]),  .D7 (dfi_wrdata_q[(6 + 16)]),  .D8 (dfi_wrdata_q[(6 + 16)]),  .OCE (1),  .RST (rst_i),  .SHIFTIN1 (0),  .SHIFTIN2 (0),  .T1 (dqs_out_en_n_q),  .T2 (dqs_out_en_n_q),  .T3 (dqs_out_en_n_q),  .T4 (dqs_out_en_n_q),  .TBYTEIN (0),  .TCE (1),  .OQ (dq_out_w[6]),  .TQ (dq_out_en_n_w[6]));"
  The following 32-bit expression is connected to 1-bit port "TBYTEIN" of 
  module "OSERDESE2", instance "u_serdes_dq6".
  Expression: 0
  	use +lint=PCWM for more details


Warning-[PCWM-W] Port connection width mismatch
../verilog/ddr3/ddr3_dfi_phy.v, 663
"OSERDESE2 #("DDR", "BUF", 8, , , , , , , , , , , , , , , , , "MASTER", , , , , 1, , , , ) u_serdes_dq6( .CLK (clk_ddr_i),  .CLKDIV (clk_i),  .D1 (dfi_wrdata_q[(6 + 0)]),  .D2 (dfi_wrdata_q[(6 + 0)]),  .D3 (dfi_wrdata_q[(6 + 0)]),  .D4 (dfi_wrdata_q[(6 + 0)]),  .D5 (dfi_wrdata_q[(6 + 16)]),  .D6 (dfi_wrdata_q[(6 + 16)]),  .D7 (dfi_wrdata_q[(6 + 16)]),  .D8 (dfi_wrdata_q[(6 + 16)]),  .OCE (1),  .RST (rst_i),  .SHIFTIN1 (0),  .SHIFTIN2 (0),  .T1 (dqs_out_en_n_q),  .T2 (dqs_out_en_n_q),  .T3 (dqs_out_en_n_q),  .T4 (dqs_out_en_n_q),  .TBYTEIN (0),  .TCE (1),  .OQ (dq_out_w[6]),  .TQ (dq_out_en_n_w[6]));"
  The following 32-bit expression is connected to 1-bit port "TCE" of module 
  "OSERDESE2", instance "u_serdes_dq6".
  Expression: 1
  	use +lint=PCWM for more details


Warning-[PCWM-W] Port connection width mismatch
../verilog/ddr3/ddr3_dfi_phy.v, 716
"OSERDESE2 #("DDR", "BUF", 8, , , , , , , , , , , , , , , , , "MASTER", , , , , 1, , , , ) u_serdes_dq7( .CLK (clk_ddr_i),  .CLKDIV (clk_i),  .D1 (dfi_wrdata_q[(7 + 0)]),  .D2 (dfi_wrdata_q[(7 + 0)]),  .D3 (dfi_wrdata_q[(7 + 0)]),  .D4 (dfi_wrdata_q[(7 + 0)]),  .D5 (dfi_wrdata_q[(7 + 16)]),  .D6 (dfi_wrdata_q[(7 + 16)]),  .D7 (dfi_wrdata_q[(7 + 16)]),  .D8 (dfi_wrdata_q[(7 + 16)]),  .OCE (1),  .RST (rst_i),  .SHIFTIN1 (0),  .SHIFTIN2 (0),  .T1 (dqs_out_en_n_q),  .T2 (dqs_out_en_n_q),  .T3 (dqs_out_en_n_q),  .T4 (dqs_out_en_n_q),  .TBYTEIN (0),  .TCE (1),  .OQ (dq_out_w[7]),  .TQ (dq_out_en_n_w[7]));"
  The following 32-bit expression is connected to 1-bit port "OCE" of module 
  "OSERDESE2", instance "u_serdes_dq7".
  Expression: 1
  	use +lint=PCWM for more details


Warning-[PCWM-W] Port connection width mismatch
../verilog/ddr3/ddr3_dfi_phy.v, 716
"OSERDESE2 #("DDR", "BUF", 8, , , , , , , , , , , , , , , , , "MASTER", , , , , 1, , , , ) u_serdes_dq7( .CLK (clk_ddr_i),  .CLKDIV (clk_i),  .D1 (dfi_wrdata_q[(7 + 0)]),  .D2 (dfi_wrdata_q[(7 + 0)]),  .D3 (dfi_wrdata_q[(7 + 0)]),  .D4 (dfi_wrdata_q[(7 + 0)]),  .D5 (dfi_wrdata_q[(7 + 16)]),  .D6 (dfi_wrdata_q[(7 + 16)]),  .D7 (dfi_wrdata_q[(7 + 16)]),  .D8 (dfi_wrdata_q[(7 + 16)]),  .OCE (1),  .RST (rst_i),  .SHIFTIN1 (0),  .SHIFTIN2 (0),  .T1 (dqs_out_en_n_q),  .T2 (dqs_out_en_n_q),  .T3 (dqs_out_en_n_q),  .T4 (dqs_out_en_n_q),  .TBYTEIN (0),  .TCE (1),  .OQ (dq_out_w[7]),  .TQ (dq_out_en_n_w[7]));"
  The following 32-bit expression is connected to 1-bit port "SHIFTIN1" of 
  module "OSERDESE2", instance "u_serdes_dq7".
  Expression: 0
  	use +lint=PCWM for more details


Warning-[PCWM-W] Port connection width mismatch
../verilog/ddr3/ddr3_dfi_phy.v, 716
"OSERDESE2 #("DDR", "BUF", 8, , , , , , , , , , , , , , , , , "MASTER", , , , , 1, , , , ) u_serdes_dq7( .CLK (clk_ddr_i),  .CLKDIV (clk_i),  .D1 (dfi_wrdata_q[(7 + 0)]),  .D2 (dfi_wrdata_q[(7 + 0)]),  .D3 (dfi_wrdata_q[(7 + 0)]),  .D4 (dfi_wrdata_q[(7 + 0)]),  .D5 (dfi_wrdata_q[(7 + 16)]),  .D6 (dfi_wrdata_q[(7 + 16)]),  .D7 (dfi_wrdata_q[(7 + 16)]),  .D8 (dfi_wrdata_q[(7 + 16)]),  .OCE (1),  .RST (rst_i),  .SHIFTIN1 (0),  .SHIFTIN2 (0),  .T1 (dqs_out_en_n_q),  .T2 (dqs_out_en_n_q),  .T3 (dqs_out_en_n_q),  .T4 (dqs_out_en_n_q),  .TBYTEIN (0),  .TCE (1),  .OQ (dq_out_w[7]),  .TQ (dq_out_en_n_w[7]));"
  The following 32-bit expression is connected to 1-bit port "SHIFTIN2" of 
  module "OSERDESE2", instance "u_serdes_dq7".
  Expression: 0
  	use +lint=PCWM for more details


Warning-[PCWM-W] Port connection width mismatch
../verilog/ddr3/ddr3_dfi_phy.v, 716
"OSERDESE2 #("DDR", "BUF", 8, , , , , , , , , , , , , , , , , "MASTER", , , , , 1, , , , ) u_serdes_dq7( .CLK (clk_ddr_i),  .CLKDIV (clk_i),  .D1 (dfi_wrdata_q[(7 + 0)]),  .D2 (dfi_wrdata_q[(7 + 0)]),  .D3 (dfi_wrdata_q[(7 + 0)]),  .D4 (dfi_wrdata_q[(7 + 0)]),  .D5 (dfi_wrdata_q[(7 + 16)]),  .D6 (dfi_wrdata_q[(7 + 16)]),  .D7 (dfi_wrdata_q[(7 + 16)]),  .D8 (dfi_wrdata_q[(7 + 16)]),  .OCE (1),  .RST (rst_i),  .SHIFTIN1 (0),  .SHIFTIN2 (0),  .T1 (dqs_out_en_n_q),  .T2 (dqs_out_en_n_q),  .T3 (dqs_out_en_n_q),  .T4 (dqs_out_en_n_q),  .TBYTEIN (0),  .TCE (1),  .OQ (dq_out_w[7]),  .TQ (dq_out_en_n_w[7]));"
  The following 32-bit expression is connected to 1-bit port "TBYTEIN" of 
  module "OSERDESE2", instance "u_serdes_dq7".
  Expression: 0
  	use +lint=PCWM for more details


Warning-[PCWM-W] Port connection width mismatch
../verilog/ddr3/ddr3_dfi_phy.v, 716
"OSERDESE2 #("DDR", "BUF", 8, , , , , , , , , , , , , , , , , "MASTER", , , , , 1, , , , ) u_serdes_dq7( .CLK (clk_ddr_i),  .CLKDIV (clk_i),  .D1 (dfi_wrdata_q[(7 + 0)]),  .D2 (dfi_wrdata_q[(7 + 0)]),  .D3 (dfi_wrdata_q[(7 + 0)]),  .D4 (dfi_wrdata_q[(7 + 0)]),  .D5 (dfi_wrdata_q[(7 + 16)]),  .D6 (dfi_wrdata_q[(7 + 16)]),  .D7 (dfi_wrdata_q[(7 + 16)]),  .D8 (dfi_wrdata_q[(7 + 16)]),  .OCE (1),  .RST (rst_i),  .SHIFTIN1 (0),  .SHIFTIN2 (0),  .T1 (dqs_out_en_n_q),  .T2 (dqs_out_en_n_q),  .T3 (dqs_out_en_n_q),  .T4 (dqs_out_en_n_q),  .TBYTEIN (0),  .TCE (1),  .OQ (dq_out_w[7]),  .TQ (dq_out_en_n_w[7]));"
  The following 32-bit expression is connected to 1-bit port "TCE" of module 
  "OSERDESE2", instance "u_serdes_dq7".
  Expression: 1
  	use +lint=PCWM for more details


Warning-[PCWM-W] Port connection width mismatch
../verilog/ddr3/ddr3_dfi_phy.v, 769
"OSERDESE2 #("DDR", "BUF", 8, , , , , , , , , , , , , , , , , "MASTER", , , , , 1, , , , ) u_serdes_dq8( .CLK (clk_ddr_i),  .CLKDIV (clk_i),  .D1 (dfi_wrdata_q[(8 + 0)]),  .D2 (dfi_wrdata_q[(8 + 0)]),  .D3 (dfi_wrdata_q[(8 + 0)]),  .D4 (dfi_wrdata_q[(8 + 0)]),  .D5 (dfi_wrdata_q[(8 + 16)]),  .D6 (dfi_wrdata_q[(8 + 16)]),  .D7 (dfi_wrdata_q[(8 + 16)]),  .D8 (dfi_wrdata_q[(8 + 16)]),  .OCE (1),  .RST (rst_i),  .SHIFTIN1 (0),  .SHIFTIN2 (0),  .T1 (dqs_out_en_n_q),  .T2 (dqs_out_en_n_q),  .T3 (dqs_out_en_n_q),  .T4 (dqs_out_en_n_q),  .TBYTEIN (0),  .TCE (1),  .OQ (dq_out_w[8]),  .TQ (dq_out_en_n_w[8]));"
  The following 32-bit expression is connected to 1-bit port "OCE" of module 
  "OSERDESE2", instance "u_serdes_dq8".
  Expression: 1
  	use +lint=PCWM for more details


Warning-[PCWM-W] Port connection width mismatch
../verilog/ddr3/ddr3_dfi_phy.v, 769
"OSERDESE2 #("DDR", "BUF", 8, , , , , , , , , , , , , , , , , "MASTER", , , , , 1, , , , ) u_serdes_dq8( .CLK (clk_ddr_i),  .CLKDIV (clk_i),  .D1 (dfi_wrdata_q[(8 + 0)]),  .D2 (dfi_wrdata_q[(8 + 0)]),  .D3 (dfi_wrdata_q[(8 + 0)]),  .D4 (dfi_wrdata_q[(8 + 0)]),  .D5 (dfi_wrdata_q[(8 + 16)]),  .D6 (dfi_wrdata_q[(8 + 16)]),  .D7 (dfi_wrdata_q[(8 + 16)]),  .D8 (dfi_wrdata_q[(8 + 16)]),  .OCE (1),  .RST (rst_i),  .SHIFTIN1 (0),  .SHIFTIN2 (0),  .T1 (dqs_out_en_n_q),  .T2 (dqs_out_en_n_q),  .T3 (dqs_out_en_n_q),  .T4 (dqs_out_en_n_q),  .TBYTEIN (0),  .TCE (1),  .OQ (dq_out_w[8]),  .TQ (dq_out_en_n_w[8]));"
  The following 32-bit expression is connected to 1-bit port "SHIFTIN1" of 
  module "OSERDESE2", instance "u_serdes_dq8".
  Expression: 0
  	use +lint=PCWM for more details


Warning-[PCWM-W] Port connection width mismatch
../verilog/ddr3/ddr3_dfi_phy.v, 769
"OSERDESE2 #("DDR", "BUF", 8, , , , , , , , , , , , , , , , , "MASTER", , , , , 1, , , , ) u_serdes_dq8( .CLK (clk_ddr_i),  .CLKDIV (clk_i),  .D1 (dfi_wrdata_q[(8 + 0)]),  .D2 (dfi_wrdata_q[(8 + 0)]),  .D3 (dfi_wrdata_q[(8 + 0)]),  .D4 (dfi_wrdata_q[(8 + 0)]),  .D5 (dfi_wrdata_q[(8 + 16)]),  .D6 (dfi_wrdata_q[(8 + 16)]),  .D7 (dfi_wrdata_q[(8 + 16)]),  .D8 (dfi_wrdata_q[(8 + 16)]),  .OCE (1),  .RST (rst_i),  .SHIFTIN1 (0),  .SHIFTIN2 (0),  .T1 (dqs_out_en_n_q),  .T2 (dqs_out_en_n_q),  .T3 (dqs_out_en_n_q),  .T4 (dqs_out_en_n_q),  .TBYTEIN (0),  .TCE (1),  .OQ (dq_out_w[8]),  .TQ (dq_out_en_n_w[8]));"
  The following 32-bit expression is connected to 1-bit port "SHIFTIN2" of 
  module "OSERDESE2", instance "u_serdes_dq8".
  Expression: 0
  	use +lint=PCWM for more details


Warning-[PCWM-W] Port connection width mismatch
../verilog/ddr3/ddr3_dfi_phy.v, 769
"OSERDESE2 #("DDR", "BUF", 8, , , , , , , , , , , , , , , , , "MASTER", , , , , 1, , , , ) u_serdes_dq8( .CLK (clk_ddr_i),  .CLKDIV (clk_i),  .D1 (dfi_wrdata_q[(8 + 0)]),  .D2 (dfi_wrdata_q[(8 + 0)]),  .D3 (dfi_wrdata_q[(8 + 0)]),  .D4 (dfi_wrdata_q[(8 + 0)]),  .D5 (dfi_wrdata_q[(8 + 16)]),  .D6 (dfi_wrdata_q[(8 + 16)]),  .D7 (dfi_wrdata_q[(8 + 16)]),  .D8 (dfi_wrdata_q[(8 + 16)]),  .OCE (1),  .RST (rst_i),  .SHIFTIN1 (0),  .SHIFTIN2 (0),  .T1 (dqs_out_en_n_q),  .T2 (dqs_out_en_n_q),  .T3 (dqs_out_en_n_q),  .T4 (dqs_out_en_n_q),  .TBYTEIN (0),  .TCE (1),  .OQ (dq_out_w[8]),  .TQ (dq_out_en_n_w[8]));"
  The following 32-bit expression is connected to 1-bit port "TBYTEIN" of 
  module "OSERDESE2", instance "u_serdes_dq8".
  Expression: 0
  	use +lint=PCWM for more details


Warning-[PCWM-W] Port connection width mismatch
../verilog/ddr3/ddr3_dfi_phy.v, 769
"OSERDESE2 #("DDR", "BUF", 8, , , , , , , , , , , , , , , , , "MASTER", , , , , 1, , , , ) u_serdes_dq8( .CLK (clk_ddr_i),  .CLKDIV (clk_i),  .D1 (dfi_wrdata_q[(8 + 0)]),  .D2 (dfi_wrdata_q[(8 + 0)]),  .D3 (dfi_wrdata_q[(8 + 0)]),  .D4 (dfi_wrdata_q[(8 + 0)]),  .D5 (dfi_wrdata_q[(8 + 16)]),  .D6 (dfi_wrdata_q[(8 + 16)]),  .D7 (dfi_wrdata_q[(8 + 16)]),  .D8 (dfi_wrdata_q[(8 + 16)]),  .OCE (1),  .RST (rst_i),  .SHIFTIN1 (0),  .SHIFTIN2 (0),  .T1 (dqs_out_en_n_q),  .T2 (dqs_out_en_n_q),  .T3 (dqs_out_en_n_q),  .T4 (dqs_out_en_n_q),  .TBYTEIN (0),  .TCE (1),  .OQ (dq_out_w[8]),  .TQ (dq_out_en_n_w[8]));"
  The following 32-bit expression is connected to 1-bit port "TCE" of module 
  "OSERDESE2", instance "u_serdes_dq8".
  Expression: 1
  	use +lint=PCWM for more details


Warning-[PCWM-W] Port connection width mismatch
../verilog/ddr3/ddr3_dfi_phy.v, 822
"OSERDESE2 #("DDR", "BUF", 8, , , , , , , , , , , , , , , , , "MASTER", , , , , 1, , , , ) u_serdes_dq9( .CLK (clk_ddr_i),  .CLKDIV (clk_i),  .D1 (dfi_wrdata_q[(9 + 0)]),  .D2 (dfi_wrdata_q[(9 + 0)]),  .D3 (dfi_wrdata_q[(9 + 0)]),  .D4 (dfi_wrdata_q[(9 + 0)]),  .D5 (dfi_wrdata_q[(9 + 16)]),  .D6 (dfi_wrdata_q[(9 + 16)]),  .D7 (dfi_wrdata_q[(9 + 16)]),  .D8 (dfi_wrdata_q[(9 + 16)]),  .OCE (1),  .RST (rst_i),  .SHIFTIN1 (0),  .SHIFTIN2 (0),  .T1 (dqs_out_en_n_q),  .T2 (dqs_out_en_n_q),  .T3 (dqs_out_en_n_q),  .T4 (dqs_out_en_n_q),  .TBYTEIN (0),  .TCE (1),  .OQ (dq_out_w[9]),  .TQ (dq_out_en_n_w[9]));"
  The following 32-bit expression is connected to 1-bit port "OCE" of module 
  "OSERDESE2", instance "u_serdes_dq9".
  Expression: 1
  	use +lint=PCWM for more details


Warning-[PCWM-W] Port connection width mismatch
../verilog/ddr3/ddr3_dfi_phy.v, 822
"OSERDESE2 #("DDR", "BUF", 8, , , , , , , , , , , , , , , , , "MASTER", , , , , 1, , , , ) u_serdes_dq9( .CLK (clk_ddr_i),  .CLKDIV (clk_i),  .D1 (dfi_wrdata_q[(9 + 0)]),  .D2 (dfi_wrdata_q[(9 + 0)]),  .D3 (dfi_wrdata_q[(9 + 0)]),  .D4 (dfi_wrdata_q[(9 + 0)]),  .D5 (dfi_wrdata_q[(9 + 16)]),  .D6 (dfi_wrdata_q[(9 + 16)]),  .D7 (dfi_wrdata_q[(9 + 16)]),  .D8 (dfi_wrdata_q[(9 + 16)]),  .OCE (1),  .RST (rst_i),  .SHIFTIN1 (0),  .SHIFTIN2 (0),  .T1 (dqs_out_en_n_q),  .T2 (dqs_out_en_n_q),  .T3 (dqs_out_en_n_q),  .T4 (dqs_out_en_n_q),  .TBYTEIN (0),  .TCE (1),  .OQ (dq_out_w[9]),  .TQ (dq_out_en_n_w[9]));"
  The following 32-bit expression is connected to 1-bit port "SHIFTIN1" of 
  module "OSERDESE2", instance "u_serdes_dq9".
  Expression: 0
  	use +lint=PCWM for more details


Warning-[PCWM-W] Port connection width mismatch
../verilog/ddr3/ddr3_dfi_phy.v, 822
"OSERDESE2 #("DDR", "BUF", 8, , , , , , , , , , , , , , , , , "MASTER", , , , , 1, , , , ) u_serdes_dq9( .CLK (clk_ddr_i),  .CLKDIV (clk_i),  .D1 (dfi_wrdata_q[(9 + 0)]),  .D2 (dfi_wrdata_q[(9 + 0)]),  .D3 (dfi_wrdata_q[(9 + 0)]),  .D4 (dfi_wrdata_q[(9 + 0)]),  .D5 (dfi_wrdata_q[(9 + 16)]),  .D6 (dfi_wrdata_q[(9 + 16)]),  .D7 (dfi_wrdata_q[(9 + 16)]),  .D8 (dfi_wrdata_q[(9 + 16)]),  .OCE (1),  .RST (rst_i),  .SHIFTIN1 (0),  .SHIFTIN2 (0),  .T1 (dqs_out_en_n_q),  .T2 (dqs_out_en_n_q),  .T3 (dqs_out_en_n_q),  .T4 (dqs_out_en_n_q),  .TBYTEIN (0),  .TCE (1),  .OQ (dq_out_w[9]),  .TQ (dq_out_en_n_w[9]));"
  The following 32-bit expression is connected to 1-bit port "SHIFTIN2" of 
  module "OSERDESE2", instance "u_serdes_dq9".
  Expression: 0
  	use +lint=PCWM for more details


Warning-[PCWM-W] Port connection width mismatch
../verilog/ddr3/ddr3_dfi_phy.v, 822
"OSERDESE2 #("DDR", "BUF", 8, , , , , , , , , , , , , , , , , "MASTER", , , , , 1, , , , ) u_serdes_dq9( .CLK (clk_ddr_i),  .CLKDIV (clk_i),  .D1 (dfi_wrdata_q[(9 + 0)]),  .D2 (dfi_wrdata_q[(9 + 0)]),  .D3 (dfi_wrdata_q[(9 + 0)]),  .D4 (dfi_wrdata_q[(9 + 0)]),  .D5 (dfi_wrdata_q[(9 + 16)]),  .D6 (dfi_wrdata_q[(9 + 16)]),  .D7 (dfi_wrdata_q[(9 + 16)]),  .D8 (dfi_wrdata_q[(9 + 16)]),  .OCE (1),  .RST (rst_i),  .SHIFTIN1 (0),  .SHIFTIN2 (0),  .T1 (dqs_out_en_n_q),  .T2 (dqs_out_en_n_q),  .T3 (dqs_out_en_n_q),  .T4 (dqs_out_en_n_q),  .TBYTEIN (0),  .TCE (1),  .OQ (dq_out_w[9]),  .TQ (dq_out_en_n_w[9]));"
  The following 32-bit expression is connected to 1-bit port "TBYTEIN" of 
  module "OSERDESE2", instance "u_serdes_dq9".
  Expression: 0
  	use +lint=PCWM for more details


Warning-[PCWM-W] Port connection width mismatch
../verilog/ddr3/ddr3_dfi_phy.v, 822
"OSERDESE2 #("DDR", "BUF", 8, , , , , , , , , , , , , , , , , "MASTER", , , , , 1, , , , ) u_serdes_dq9( .CLK (clk_ddr_i),  .CLKDIV (clk_i),  .D1 (dfi_wrdata_q[(9 + 0)]),  .D2 (dfi_wrdata_q[(9 + 0)]),  .D3 (dfi_wrdata_q[(9 + 0)]),  .D4 (dfi_wrdata_q[(9 + 0)]),  .D5 (dfi_wrdata_q[(9 + 16)]),  .D6 (dfi_wrdata_q[(9 + 16)]),  .D7 (dfi_wrdata_q[(9 + 16)]),  .D8 (dfi_wrdata_q[(9 + 16)]),  .OCE (1),  .RST (rst_i),  .SHIFTIN1 (0),  .SHIFTIN2 (0),  .T1 (dqs_out_en_n_q),  .T2 (dqs_out_en_n_q),  .T3 (dqs_out_en_n_q),  .T4 (dqs_out_en_n_q),  .TBYTEIN (0),  .TCE (1),  .OQ (dq_out_w[9]),  .TQ (dq_out_en_n_w[9]));"
  The following 32-bit expression is connected to 1-bit port "TCE" of module 
  "OSERDESE2", instance "u_serdes_dq9".
  Expression: 1
  	use +lint=PCWM for more details


Warning-[PCWM-W] Port connection width mismatch
../verilog/ddr3/ddr3_dfi_phy.v, 875
"OSERDESE2 #("DDR", "BUF", 8, , , , , , , , , , , , , , , , , "MASTER", , , , , 1, , , , ) u_serdes_dq10( .CLK (clk_ddr_i),  .CLKDIV (clk_i),  .D1 (dfi_wrdata_q[(10 + 0)]),  .D2 (dfi_wrdata_q[(10 + 0)]),  .D3 (dfi_wrdata_q[(10 + 0)]),  .D4 (dfi_wrdata_q[(10 + 0)]),  .D5 (dfi_wrdata_q[(10 + 16)]),  .D6 (dfi_wrdata_q[(10 + 16)]),  .D7 (dfi_wrdata_q[(10 + 16)]),  .D8 (dfi_wrdata_q[(10 + 16)]),  .OCE (1),  .RST (rst_i),  .SHIFTIN1 (0),  .SHIFTIN2 (0),  .T1 (dqs_out_en_n_q),  .T2 (dqs_out_en_n_q),  .T3 (dqs_out_en_n_q),  .T4 (dqs_out_en_n_q),  .TBYTEIN (0),  .TCE (1),  .OQ (dq_out_w[10]),  .TQ (dq_out_en_n_w[10]));"
  The following 32-bit expression is connected to 1-bit port "OCE" of module 
  "OSERDESE2", instance "u_serdes_dq10".
  Expression: 1
  	use +lint=PCWM for more details


Warning-[PCWM-W] Port connection width mismatch
../verilog/ddr3/ddr3_dfi_phy.v, 875
"OSERDESE2 #("DDR", "BUF", 8, , , , , , , , , , , , , , , , , "MASTER", , , , , 1, , , , ) u_serdes_dq10( .CLK (clk_ddr_i),  .CLKDIV (clk_i),  .D1 (dfi_wrdata_q[(10 + 0)]),  .D2 (dfi_wrdata_q[(10 + 0)]),  .D3 (dfi_wrdata_q[(10 + 0)]),  .D4 (dfi_wrdata_q[(10 + 0)]),  .D5 (dfi_wrdata_q[(10 + 16)]),  .D6 (dfi_wrdata_q[(10 + 16)]),  .D7 (dfi_wrdata_q[(10 + 16)]),  .D8 (dfi_wrdata_q[(10 + 16)]),  .OCE (1),  .RST (rst_i),  .SHIFTIN1 (0),  .SHIFTIN2 (0),  .T1 (dqs_out_en_n_q),  .T2 (dqs_out_en_n_q),  .T3 (dqs_out_en_n_q),  .T4 (dqs_out_en_n_q),  .TBYTEIN (0),  .TCE (1),  .OQ (dq_out_w[10]),  .TQ (dq_out_en_n_w[10]));"
  The following 32-bit expression is connected to 1-bit port "SHIFTIN1" of 
  module "OSERDESE2", instance "u_serdes_dq10".
  Expression: 0
  	use +lint=PCWM for more details


Warning-[PCWM-W] Port connection width mismatch
../verilog/ddr3/ddr3_dfi_phy.v, 875
"OSERDESE2 #("DDR", "BUF", 8, , , , , , , , , , , , , , , , , "MASTER", , , , , 1, , , , ) u_serdes_dq10( .CLK (clk_ddr_i),  .CLKDIV (clk_i),  .D1 (dfi_wrdata_q[(10 + 0)]),  .D2 (dfi_wrdata_q[(10 + 0)]),  .D3 (dfi_wrdata_q[(10 + 0)]),  .D4 (dfi_wrdata_q[(10 + 0)]),  .D5 (dfi_wrdata_q[(10 + 16)]),  .D6 (dfi_wrdata_q[(10 + 16)]),  .D7 (dfi_wrdata_q[(10 + 16)]),  .D8 (dfi_wrdata_q[(10 + 16)]),  .OCE (1),  .RST (rst_i),  .SHIFTIN1 (0),  .SHIFTIN2 (0),  .T1 (dqs_out_en_n_q),  .T2 (dqs_out_en_n_q),  .T3 (dqs_out_en_n_q),  .T4 (dqs_out_en_n_q),  .TBYTEIN (0),  .TCE (1),  .OQ (dq_out_w[10]),  .TQ (dq_out_en_n_w[10]));"
  The following 32-bit expression is connected to 1-bit port "SHIFTIN2" of 
  module "OSERDESE2", instance "u_serdes_dq10".
  Expression: 0
  	use +lint=PCWM for more details


Warning-[PCWM-W] Port connection width mismatch
../verilog/ddr3/ddr3_dfi_phy.v, 875
"OSERDESE2 #("DDR", "BUF", 8, , , , , , , , , , , , , , , , , "MASTER", , , , , 1, , , , ) u_serdes_dq10( .CLK (clk_ddr_i),  .CLKDIV (clk_i),  .D1 (dfi_wrdata_q[(10 + 0)]),  .D2 (dfi_wrdata_q[(10 + 0)]),  .D3 (dfi_wrdata_q[(10 + 0)]),  .D4 (dfi_wrdata_q[(10 + 0)]),  .D5 (dfi_wrdata_q[(10 + 16)]),  .D6 (dfi_wrdata_q[(10 + 16)]),  .D7 (dfi_wrdata_q[(10 + 16)]),  .D8 (dfi_wrdata_q[(10 + 16)]),  .OCE (1),  .RST (rst_i),  .SHIFTIN1 (0),  .SHIFTIN2 (0),  .T1 (dqs_out_en_n_q),  .T2 (dqs_out_en_n_q),  .T3 (dqs_out_en_n_q),  .T4 (dqs_out_en_n_q),  .TBYTEIN (0),  .TCE (1),  .OQ (dq_out_w[10]),  .TQ (dq_out_en_n_w[10]));"
  The following 32-bit expression is connected to 1-bit port "TBYTEIN" of 
  module "OSERDESE2", instance "u_serdes_dq10".
  Expression: 0
  	use +lint=PCWM for more details


Warning-[PCWM-W] Port connection width mismatch
../verilog/ddr3/ddr3_dfi_phy.v, 875
"OSERDESE2 #("DDR", "BUF", 8, , , , , , , , , , , , , , , , , "MASTER", , , , , 1, , , , ) u_serdes_dq10( .CLK (clk_ddr_i),  .CLKDIV (clk_i),  .D1 (dfi_wrdata_q[(10 + 0)]),  .D2 (dfi_wrdata_q[(10 + 0)]),  .D3 (dfi_wrdata_q[(10 + 0)]),  .D4 (dfi_wrdata_q[(10 + 0)]),  .D5 (dfi_wrdata_q[(10 + 16)]),  .D6 (dfi_wrdata_q[(10 + 16)]),  .D7 (dfi_wrdata_q[(10 + 16)]),  .D8 (dfi_wrdata_q[(10 + 16)]),  .OCE (1),  .RST (rst_i),  .SHIFTIN1 (0),  .SHIFTIN2 (0),  .T1 (dqs_out_en_n_q),  .T2 (dqs_out_en_n_q),  .T3 (dqs_out_en_n_q),  .T4 (dqs_out_en_n_q),  .TBYTEIN (0),  .TCE (1),  .OQ (dq_out_w[10]),  .TQ (dq_out_en_n_w[10]));"
  The following 32-bit expression is connected to 1-bit port "TCE" of module 
  "OSERDESE2", instance "u_serdes_dq10".
  Expression: 1
  	use +lint=PCWM for more details


Warning-[PCWM-W] Port connection width mismatch
../verilog/ddr3/ddr3_dfi_phy.v, 928
"OSERDESE2 #("DDR", "BUF", 8, , , , , , , , , , , , , , , , , "MASTER", , , , , 1, , , , ) u_serdes_dq11( .CLK (clk_ddr_i),  .CLKDIV (clk_i),  .D1 (dfi_wrdata_q[(11 + 0)]),  .D2 (dfi_wrdata_q[(11 + 0)]),  .D3 (dfi_wrdata_q[(11 + 0)]),  .D4 (dfi_wrdata_q[(11 + 0)]),  .D5 (dfi_wrdata_q[(11 + 16)]),  .D6 (dfi_wrdata_q[(11 + 16)]),  .D7 (dfi_wrdata_q[(11 + 16)]),  .D8 (dfi_wrdata_q[(11 + 16)]),  .OCE (1),  .RST (rst_i),  .SHIFTIN1 (0),  .SHIFTIN2 (0),  .T1 (dqs_out_en_n_q),  .T2 (dqs_out_en_n_q),  .T3 (dqs_out_en_n_q),  .T4 (dqs_out_en_n_q),  .TBYTEIN (0),  .TCE (1),  .OQ (dq_out_w[11]),  .TQ (dq_out_en_n_w[11]));"
  The following 32-bit expression is connected to 1-bit port "OCE" of module 
  "OSERDESE2", instance "u_serdes_dq11".
  Expression: 1
  	use +lint=PCWM for more details


Warning-[PCWM-W] Port connection width mismatch
../verilog/ddr3/ddr3_dfi_phy.v, 928
"OSERDESE2 #("DDR", "BUF", 8, , , , , , , , , , , , , , , , , "MASTER", , , , , 1, , , , ) u_serdes_dq11( .CLK (clk_ddr_i),  .CLKDIV (clk_i),  .D1 (dfi_wrdata_q[(11 + 0)]),  .D2 (dfi_wrdata_q[(11 + 0)]),  .D3 (dfi_wrdata_q[(11 + 0)]),  .D4 (dfi_wrdata_q[(11 + 0)]),  .D5 (dfi_wrdata_q[(11 + 16)]),  .D6 (dfi_wrdata_q[(11 + 16)]),  .D7 (dfi_wrdata_q[(11 + 16)]),  .D8 (dfi_wrdata_q[(11 + 16)]),  .OCE (1),  .RST (rst_i),  .SHIFTIN1 (0),  .SHIFTIN2 (0),  .T1 (dqs_out_en_n_q),  .T2 (dqs_out_en_n_q),  .T3 (dqs_out_en_n_q),  .T4 (dqs_out_en_n_q),  .TBYTEIN (0),  .TCE (1),  .OQ (dq_out_w[11]),  .TQ (dq_out_en_n_w[11]));"
  The following 32-bit expression is connected to 1-bit port "SHIFTIN1" of 
  module "OSERDESE2", instance "u_serdes_dq11".
  Expression: 0
  	use +lint=PCWM for more details


Warning-[PCWM-W] Port connection width mismatch
../verilog/ddr3/ddr3_dfi_phy.v, 928
"OSERDESE2 #("DDR", "BUF", 8, , , , , , , , , , , , , , , , , "MASTER", , , , , 1, , , , ) u_serdes_dq11( .CLK (clk_ddr_i),  .CLKDIV (clk_i),  .D1 (dfi_wrdata_q[(11 + 0)]),  .D2 (dfi_wrdata_q[(11 + 0)]),  .D3 (dfi_wrdata_q[(11 + 0)]),  .D4 (dfi_wrdata_q[(11 + 0)]),  .D5 (dfi_wrdata_q[(11 + 16)]),  .D6 (dfi_wrdata_q[(11 + 16)]),  .D7 (dfi_wrdata_q[(11 + 16)]),  .D8 (dfi_wrdata_q[(11 + 16)]),  .OCE (1),  .RST (rst_i),  .SHIFTIN1 (0),  .SHIFTIN2 (0),  .T1 (dqs_out_en_n_q),  .T2 (dqs_out_en_n_q),  .T3 (dqs_out_en_n_q),  .T4 (dqs_out_en_n_q),  .TBYTEIN (0),  .TCE (1),  .OQ (dq_out_w[11]),  .TQ (dq_out_en_n_w[11]));"
  The following 32-bit expression is connected to 1-bit port "SHIFTIN2" of 
  module "OSERDESE2", instance "u_serdes_dq11".
  Expression: 0
  	use +lint=PCWM for more details


Warning-[PCWM-W] Port connection width mismatch
../verilog/ddr3/ddr3_dfi_phy.v, 928
"OSERDESE2 #("DDR", "BUF", 8, , , , , , , , , , , , , , , , , "MASTER", , , , , 1, , , , ) u_serdes_dq11( .CLK (clk_ddr_i),  .CLKDIV (clk_i),  .D1 (dfi_wrdata_q[(11 + 0)]),  .D2 (dfi_wrdata_q[(11 + 0)]),  .D3 (dfi_wrdata_q[(11 + 0)]),  .D4 (dfi_wrdata_q[(11 + 0)]),  .D5 (dfi_wrdata_q[(11 + 16)]),  .D6 (dfi_wrdata_q[(11 + 16)]),  .D7 (dfi_wrdata_q[(11 + 16)]),  .D8 (dfi_wrdata_q[(11 + 16)]),  .OCE (1),  .RST (rst_i),  .SHIFTIN1 (0),  .SHIFTIN2 (0),  .T1 (dqs_out_en_n_q),  .T2 (dqs_out_en_n_q),  .T3 (dqs_out_en_n_q),  .T4 (dqs_out_en_n_q),  .TBYTEIN (0),  .TCE (1),  .OQ (dq_out_w[11]),  .TQ (dq_out_en_n_w[11]));"
  The following 32-bit expression is connected to 1-bit port "TBYTEIN" of 
  module "OSERDESE2", instance "u_serdes_dq11".
  Expression: 0
  	use +lint=PCWM for more details


Warning-[PCWM-W] Port connection width mismatch
../verilog/ddr3/ddr3_dfi_phy.v, 928
"OSERDESE2 #("DDR", "BUF", 8, , , , , , , , , , , , , , , , , "MASTER", , , , , 1, , , , ) u_serdes_dq11( .CLK (clk_ddr_i),  .CLKDIV (clk_i),  .D1 (dfi_wrdata_q[(11 + 0)]),  .D2 (dfi_wrdata_q[(11 + 0)]),  .D3 (dfi_wrdata_q[(11 + 0)]),  .D4 (dfi_wrdata_q[(11 + 0)]),  .D5 (dfi_wrdata_q[(11 + 16)]),  .D6 (dfi_wrdata_q[(11 + 16)]),  .D7 (dfi_wrdata_q[(11 + 16)]),  .D8 (dfi_wrdata_q[(11 + 16)]),  .OCE (1),  .RST (rst_i),  .SHIFTIN1 (0),  .SHIFTIN2 (0),  .T1 (dqs_out_en_n_q),  .T2 (dqs_out_en_n_q),  .T3 (dqs_out_en_n_q),  .T4 (dqs_out_en_n_q),  .TBYTEIN (0),  .TCE (1),  .OQ (dq_out_w[11]),  .TQ (dq_out_en_n_w[11]));"
  The following 32-bit expression is connected to 1-bit port "TCE" of module 
  "OSERDESE2", instance "u_serdes_dq11".
  Expression: 1
  	use +lint=PCWM for more details


Warning-[PCWM-W] Port connection width mismatch
../verilog/ddr3/ddr3_dfi_phy.v, 981
"OSERDESE2 #("DDR", "BUF", 8, , , , , , , , , , , , , , , , , "MASTER", , , , , 1, , , , ) u_serdes_dq12( .CLK (clk_ddr_i),  .CLKDIV (clk_i),  .D1 (dfi_wrdata_q[(12 + 0)]),  .D2 (dfi_wrdata_q[(12 + 0)]),  .D3 (dfi_wrdata_q[(12 + 0)]),  .D4 (dfi_wrdata_q[(12 + 0)]),  .D5 (dfi_wrdata_q[(12 + 16)]),  .D6 (dfi_wrdata_q[(12 + 16)]),  .D7 (dfi_wrdata_q[(12 + 16)]),  .D8 (dfi_wrdata_q[(12 + 16)]),  .OCE (1),  .RST (rst_i),  .SHIFTIN1 (0),  .SHIFTIN2 (0),  .T1 (dqs_out_en_n_q),  .T2 (dqs_out_en_n_q),  .T3 (dqs_out_en_n_q),  .T4 (dqs_out_en_n_q),  .TBYTEIN (0),  .TCE (1),  .OQ (dq_out_w[12]),  .TQ (dq_out_en_n_w[12]));"
  The following 32-bit expression is connected to 1-bit port "OCE" of module 
  "OSERDESE2", instance "u_serdes_dq12".
  Expression: 1
  	use +lint=PCWM for more details


Warning-[PCWM-W] Port connection width mismatch
../verilog/ddr3/ddr3_dfi_phy.v, 981
"OSERDESE2 #("DDR", "BUF", 8, , , , , , , , , , , , , , , , , "MASTER", , , , , 1, , , , ) u_serdes_dq12( .CLK (clk_ddr_i),  .CLKDIV (clk_i),  .D1 (dfi_wrdata_q[(12 + 0)]),  .D2 (dfi_wrdata_q[(12 + 0)]),  .D3 (dfi_wrdata_q[(12 + 0)]),  .D4 (dfi_wrdata_q[(12 + 0)]),  .D5 (dfi_wrdata_q[(12 + 16)]),  .D6 (dfi_wrdata_q[(12 + 16)]),  .D7 (dfi_wrdata_q[(12 + 16)]),  .D8 (dfi_wrdata_q[(12 + 16)]),  .OCE (1),  .RST (rst_i),  .SHIFTIN1 (0),  .SHIFTIN2 (0),  .T1 (dqs_out_en_n_q),  .T2 (dqs_out_en_n_q),  .T3 (dqs_out_en_n_q),  .T4 (dqs_out_en_n_q),  .TBYTEIN (0),  .TCE (1),  .OQ (dq_out_w[12]),  .TQ (dq_out_en_n_w[12]));"
  The following 32-bit expression is connected to 1-bit port "SHIFTIN1" of 
  module "OSERDESE2", instance "u_serdes_dq12".
  Expression: 0
  	use +lint=PCWM for more details


Warning-[PCWM-W] Port connection width mismatch
../verilog/ddr3/ddr3_dfi_phy.v, 981
"OSERDESE2 #("DDR", "BUF", 8, , , , , , , , , , , , , , , , , "MASTER", , , , , 1, , , , ) u_serdes_dq12( .CLK (clk_ddr_i),  .CLKDIV (clk_i),  .D1 (dfi_wrdata_q[(12 + 0)]),  .D2 (dfi_wrdata_q[(12 + 0)]),  .D3 (dfi_wrdata_q[(12 + 0)]),  .D4 (dfi_wrdata_q[(12 + 0)]),  .D5 (dfi_wrdata_q[(12 + 16)]),  .D6 (dfi_wrdata_q[(12 + 16)]),  .D7 (dfi_wrdata_q[(12 + 16)]),  .D8 (dfi_wrdata_q[(12 + 16)]),  .OCE (1),  .RST (rst_i),  .SHIFTIN1 (0),  .SHIFTIN2 (0),  .T1 (dqs_out_en_n_q),  .T2 (dqs_out_en_n_q),  .T3 (dqs_out_en_n_q),  .T4 (dqs_out_en_n_q),  .TBYTEIN (0),  .TCE (1),  .OQ (dq_out_w[12]),  .TQ (dq_out_en_n_w[12]));"
  The following 32-bit expression is connected to 1-bit port "SHIFTIN2" of 
  module "OSERDESE2", instance "u_serdes_dq12".
  Expression: 0
  	use +lint=PCWM for more details


Warning-[PCWM-W] Port connection width mismatch
../verilog/ddr3/ddr3_dfi_phy.v, 981
"OSERDESE2 #("DDR", "BUF", 8, , , , , , , , , , , , , , , , , "MASTER", , , , , 1, , , , ) u_serdes_dq12( .CLK (clk_ddr_i),  .CLKDIV (clk_i),  .D1 (dfi_wrdata_q[(12 + 0)]),  .D2 (dfi_wrdata_q[(12 + 0)]),  .D3 (dfi_wrdata_q[(12 + 0)]),  .D4 (dfi_wrdata_q[(12 + 0)]),  .D5 (dfi_wrdata_q[(12 + 16)]),  .D6 (dfi_wrdata_q[(12 + 16)]),  .D7 (dfi_wrdata_q[(12 + 16)]),  .D8 (dfi_wrdata_q[(12 + 16)]),  .OCE (1),  .RST (rst_i),  .SHIFTIN1 (0),  .SHIFTIN2 (0),  .T1 (dqs_out_en_n_q),  .T2 (dqs_out_en_n_q),  .T3 (dqs_out_en_n_q),  .T4 (dqs_out_en_n_q),  .TBYTEIN (0),  .TCE (1),  .OQ (dq_out_w[12]),  .TQ (dq_out_en_n_w[12]));"
  The following 32-bit expression is connected to 1-bit port "TBYTEIN" of 
  module "OSERDESE2", instance "u_serdes_dq12".
  Expression: 0
  	use +lint=PCWM for more details


Warning-[PCWM-W] Port connection width mismatch
../verilog/ddr3/ddr3_dfi_phy.v, 981
"OSERDESE2 #("DDR", "BUF", 8, , , , , , , , , , , , , , , , , "MASTER", , , , , 1, , , , ) u_serdes_dq12( .CLK (clk_ddr_i),  .CLKDIV (clk_i),  .D1 (dfi_wrdata_q[(12 + 0)]),  .D2 (dfi_wrdata_q[(12 + 0)]),  .D3 (dfi_wrdata_q[(12 + 0)]),  .D4 (dfi_wrdata_q[(12 + 0)]),  .D5 (dfi_wrdata_q[(12 + 16)]),  .D6 (dfi_wrdata_q[(12 + 16)]),  .D7 (dfi_wrdata_q[(12 + 16)]),  .D8 (dfi_wrdata_q[(12 + 16)]),  .OCE (1),  .RST (rst_i),  .SHIFTIN1 (0),  .SHIFTIN2 (0),  .T1 (dqs_out_en_n_q),  .T2 (dqs_out_en_n_q),  .T3 (dqs_out_en_n_q),  .T4 (dqs_out_en_n_q),  .TBYTEIN (0),  .TCE (1),  .OQ (dq_out_w[12]),  .TQ (dq_out_en_n_w[12]));"
  The following 32-bit expression is connected to 1-bit port "TCE" of module 
  "OSERDESE2", instance "u_serdes_dq12".
  Expression: 1
  	use +lint=PCWM for more details


Warning-[PCWM-W] Port connection width mismatch
../verilog/ddr3/ddr3_dfi_phy.v, 1034
"OSERDESE2 #("DDR", "BUF", 8, , , , , , , , , , , , , , , , , "MASTER", , , , , 1, , , , ) u_serdes_dq13( .CLK (clk_ddr_i),  .CLKDIV (clk_i),  .D1 (dfi_wrdata_q[(13 + 0)]),  .D2 (dfi_wrdata_q[(13 + 0)]),  .D3 (dfi_wrdata_q[(13 + 0)]),  .D4 (dfi_wrdata_q[(13 + 0)]),  .D5 (dfi_wrdata_q[(13 + 16)]),  .D6 (dfi_wrdata_q[(13 + 16)]),  .D7 (dfi_wrdata_q[(13 + 16)]),  .D8 (dfi_wrdata_q[(13 + 16)]),  .OCE (1),  .RST (rst_i),  .SHIFTIN1 (0),  .SHIFTIN2 (0),  .T1 (dqs_out_en_n_q),  .T2 (dqs_out_en_n_q),  .T3 (dqs_out_en_n_q),  .T4 (dqs_out_en_n_q),  .TBYTEIN (0),  .TCE (1),  .OQ (dq_out_w[13]),  .TQ (dq_out_en_n_w[13]));"
  The following 32-bit expression is connected to 1-bit port "OCE" of module 
  "OSERDESE2", instance "u_serdes_dq13".
  Expression: 1
  	use +lint=PCWM for more details


Warning-[PCWM-W] Port connection width mismatch
../verilog/ddr3/ddr3_dfi_phy.v, 1034
"OSERDESE2 #("DDR", "BUF", 8, , , , , , , , , , , , , , , , , "MASTER", , , , , 1, , , , ) u_serdes_dq13( .CLK (clk_ddr_i),  .CLKDIV (clk_i),  .D1 (dfi_wrdata_q[(13 + 0)]),  .D2 (dfi_wrdata_q[(13 + 0)]),  .D3 (dfi_wrdata_q[(13 + 0)]),  .D4 (dfi_wrdata_q[(13 + 0)]),  .D5 (dfi_wrdata_q[(13 + 16)]),  .D6 (dfi_wrdata_q[(13 + 16)]),  .D7 (dfi_wrdata_q[(13 + 16)]),  .D8 (dfi_wrdata_q[(13 + 16)]),  .OCE (1),  .RST (rst_i),  .SHIFTIN1 (0),  .SHIFTIN2 (0),  .T1 (dqs_out_en_n_q),  .T2 (dqs_out_en_n_q),  .T3 (dqs_out_en_n_q),  .T4 (dqs_out_en_n_q),  .TBYTEIN (0),  .TCE (1),  .OQ (dq_out_w[13]),  .TQ (dq_out_en_n_w[13]));"
  The following 32-bit expression is connected to 1-bit port "SHIFTIN1" of 
  module "OSERDESE2", instance "u_serdes_dq13".
  Expression: 0
  	use +lint=PCWM for more details


Warning-[PCWM-W] Port connection width mismatch
../verilog/ddr3/ddr3_dfi_phy.v, 1034
"OSERDESE2 #("DDR", "BUF", 8, , , , , , , , , , , , , , , , , "MASTER", , , , , 1, , , , ) u_serdes_dq13( .CLK (clk_ddr_i),  .CLKDIV (clk_i),  .D1 (dfi_wrdata_q[(13 + 0)]),  .D2 (dfi_wrdata_q[(13 + 0)]),  .D3 (dfi_wrdata_q[(13 + 0)]),  .D4 (dfi_wrdata_q[(13 + 0)]),  .D5 (dfi_wrdata_q[(13 + 16)]),  .D6 (dfi_wrdata_q[(13 + 16)]),  .D7 (dfi_wrdata_q[(13 + 16)]),  .D8 (dfi_wrdata_q[(13 + 16)]),  .OCE (1),  .RST (rst_i),  .SHIFTIN1 (0),  .SHIFTIN2 (0),  .T1 (dqs_out_en_n_q),  .T2 (dqs_out_en_n_q),  .T3 (dqs_out_en_n_q),  .T4 (dqs_out_en_n_q),  .TBYTEIN (0),  .TCE (1),  .OQ (dq_out_w[13]),  .TQ (dq_out_en_n_w[13]));"
  The following 32-bit expression is connected to 1-bit port "SHIFTIN2" of 
  module "OSERDESE2", instance "u_serdes_dq13".
  Expression: 0
  	use +lint=PCWM for more details


Warning-[PCWM-W] Port connection width mismatch
../verilog/ddr3/ddr3_dfi_phy.v, 1034
"OSERDESE2 #("DDR", "BUF", 8, , , , , , , , , , , , , , , , , "MASTER", , , , , 1, , , , ) u_serdes_dq13( .CLK (clk_ddr_i),  .CLKDIV (clk_i),  .D1 (dfi_wrdata_q[(13 + 0)]),  .D2 (dfi_wrdata_q[(13 + 0)]),  .D3 (dfi_wrdata_q[(13 + 0)]),  .D4 (dfi_wrdata_q[(13 + 0)]),  .D5 (dfi_wrdata_q[(13 + 16)]),  .D6 (dfi_wrdata_q[(13 + 16)]),  .D7 (dfi_wrdata_q[(13 + 16)]),  .D8 (dfi_wrdata_q[(13 + 16)]),  .OCE (1),  .RST (rst_i),  .SHIFTIN1 (0),  .SHIFTIN2 (0),  .T1 (dqs_out_en_n_q),  .T2 (dqs_out_en_n_q),  .T3 (dqs_out_en_n_q),  .T4 (dqs_out_en_n_q),  .TBYTEIN (0),  .TCE (1),  .OQ (dq_out_w[13]),  .TQ (dq_out_en_n_w[13]));"
  The following 32-bit expression is connected to 1-bit port "TBYTEIN" of 
  module "OSERDESE2", instance "u_serdes_dq13".
  Expression: 0
  	use +lint=PCWM for more details


Warning-[PCWM-W] Port connection width mismatch
../verilog/ddr3/ddr3_dfi_phy.v, 1034
"OSERDESE2 #("DDR", "BUF", 8, , , , , , , , , , , , , , , , , "MASTER", , , , , 1, , , , ) u_serdes_dq13( .CLK (clk_ddr_i),  .CLKDIV (clk_i),  .D1 (dfi_wrdata_q[(13 + 0)]),  .D2 (dfi_wrdata_q[(13 + 0)]),  .D3 (dfi_wrdata_q[(13 + 0)]),  .D4 (dfi_wrdata_q[(13 + 0)]),  .D5 (dfi_wrdata_q[(13 + 16)]),  .D6 (dfi_wrdata_q[(13 + 16)]),  .D7 (dfi_wrdata_q[(13 + 16)]),  .D8 (dfi_wrdata_q[(13 + 16)]),  .OCE (1),  .RST (rst_i),  .SHIFTIN1 (0),  .SHIFTIN2 (0),  .T1 (dqs_out_en_n_q),  .T2 (dqs_out_en_n_q),  .T3 (dqs_out_en_n_q),  .T4 (dqs_out_en_n_q),  .TBYTEIN (0),  .TCE (1),  .OQ (dq_out_w[13]),  .TQ (dq_out_en_n_w[13]));"
  The following 32-bit expression is connected to 1-bit port "TCE" of module 
  "OSERDESE2", instance "u_serdes_dq13".
  Expression: 1
  	use +lint=PCWM for more details


Warning-[PCWM-W] Port connection width mismatch
../verilog/ddr3/ddr3_dfi_phy.v, 1087
"OSERDESE2 #("DDR", "BUF", 8, , , , , , , , , , , , , , , , , "MASTER", , , , , 1, , , , ) u_serdes_dq14( .CLK (clk_ddr_i),  .CLKDIV (clk_i),  .D1 (dfi_wrdata_q[(14 + 0)]),  .D2 (dfi_wrdata_q[(14 + 0)]),  .D3 (dfi_wrdata_q[(14 + 0)]),  .D4 (dfi_wrdata_q[(14 + 0)]),  .D5 (dfi_wrdata_q[(14 + 16)]),  .D6 (dfi_wrdata_q[(14 + 16)]),  .D7 (dfi_wrdata_q[(14 + 16)]),  .D8 (dfi_wrdata_q[(14 + 16)]),  .OCE (1),  .RST (rst_i),  .SHIFTIN1 (0),  .SHIFTIN2 (0),  .T1 (dqs_out_en_n_q),  .T2 (dqs_out_en_n_q),  .T3 (dqs_out_en_n_q),  .T4 (dqs_out_en_n_q),  .TBYTEIN (0),  .TCE (1),  .OQ (dq_out_w[14]),  .TQ (dq_out_en_n_w[14]));"
  The following 32-bit expression is connected to 1-bit port "OCE" of module 
  "OSERDESE2", instance "u_serdes_dq14".
  Expression: 1
  	use +lint=PCWM for more details


Warning-[PCWM-W] Port connection width mismatch
../verilog/ddr3/ddr3_dfi_phy.v, 1087
"OSERDESE2 #("DDR", "BUF", 8, , , , , , , , , , , , , , , , , "MASTER", , , , , 1, , , , ) u_serdes_dq14( .CLK (clk_ddr_i),  .CLKDIV (clk_i),  .D1 (dfi_wrdata_q[(14 + 0)]),  .D2 (dfi_wrdata_q[(14 + 0)]),  .D3 (dfi_wrdata_q[(14 + 0)]),  .D4 (dfi_wrdata_q[(14 + 0)]),  .D5 (dfi_wrdata_q[(14 + 16)]),  .D6 (dfi_wrdata_q[(14 + 16)]),  .D7 (dfi_wrdata_q[(14 + 16)]),  .D8 (dfi_wrdata_q[(14 + 16)]),  .OCE (1),  .RST (rst_i),  .SHIFTIN1 (0),  .SHIFTIN2 (0),  .T1 (dqs_out_en_n_q),  .T2 (dqs_out_en_n_q),  .T3 (dqs_out_en_n_q),  .T4 (dqs_out_en_n_q),  .TBYTEIN (0),  .TCE (1),  .OQ (dq_out_w[14]),  .TQ (dq_out_en_n_w[14]));"
  The following 32-bit expression is connected to 1-bit port "SHIFTIN1" of 
  module "OSERDESE2", instance "u_serdes_dq14".
  Expression: 0
  	use +lint=PCWM for more details


Warning-[PCWM-W] Port connection width mismatch
../verilog/ddr3/ddr3_dfi_phy.v, 1087
"OSERDESE2 #("DDR", "BUF", 8, , , , , , , , , , , , , , , , , "MASTER", , , , , 1, , , , ) u_serdes_dq14( .CLK (clk_ddr_i),  .CLKDIV (clk_i),  .D1 (dfi_wrdata_q[(14 + 0)]),  .D2 (dfi_wrdata_q[(14 + 0)]),  .D3 (dfi_wrdata_q[(14 + 0)]),  .D4 (dfi_wrdata_q[(14 + 0)]),  .D5 (dfi_wrdata_q[(14 + 16)]),  .D6 (dfi_wrdata_q[(14 + 16)]),  .D7 (dfi_wrdata_q[(14 + 16)]),  .D8 (dfi_wrdata_q[(14 + 16)]),  .OCE (1),  .RST (rst_i),  .SHIFTIN1 (0),  .SHIFTIN2 (0),  .T1 (dqs_out_en_n_q),  .T2 (dqs_out_en_n_q),  .T3 (dqs_out_en_n_q),  .T4 (dqs_out_en_n_q),  .TBYTEIN (0),  .TCE (1),  .OQ (dq_out_w[14]),  .TQ (dq_out_en_n_w[14]));"
  The following 32-bit expression is connected to 1-bit port "SHIFTIN2" of 
  module "OSERDESE2", instance "u_serdes_dq14".
  Expression: 0
  	use +lint=PCWM for more details


Warning-[PCWM-W] Port connection width mismatch
../verilog/ddr3/ddr3_dfi_phy.v, 1087
"OSERDESE2 #("DDR", "BUF", 8, , , , , , , , , , , , , , , , , "MASTER", , , , , 1, , , , ) u_serdes_dq14( .CLK (clk_ddr_i),  .CLKDIV (clk_i),  .D1 (dfi_wrdata_q[(14 + 0)]),  .D2 (dfi_wrdata_q[(14 + 0)]),  .D3 (dfi_wrdata_q[(14 + 0)]),  .D4 (dfi_wrdata_q[(14 + 0)]),  .D5 (dfi_wrdata_q[(14 + 16)]),  .D6 (dfi_wrdata_q[(14 + 16)]),  .D7 (dfi_wrdata_q[(14 + 16)]),  .D8 (dfi_wrdata_q[(14 + 16)]),  .OCE (1),  .RST (rst_i),  .SHIFTIN1 (0),  .SHIFTIN2 (0),  .T1 (dqs_out_en_n_q),  .T2 (dqs_out_en_n_q),  .T3 (dqs_out_en_n_q),  .T4 (dqs_out_en_n_q),  .TBYTEIN (0),  .TCE (1),  .OQ (dq_out_w[14]),  .TQ (dq_out_en_n_w[14]));"
  The following 32-bit expression is connected to 1-bit port "TBYTEIN" of 
  module "OSERDESE2", instance "u_serdes_dq14".
  Expression: 0
  	use +lint=PCWM for more details


Warning-[PCWM-W] Port connection width mismatch
../verilog/ddr3/ddr3_dfi_phy.v, 1087
"OSERDESE2 #("DDR", "BUF", 8, , , , , , , , , , , , , , , , , "MASTER", , , , , 1, , , , ) u_serdes_dq14( .CLK (clk_ddr_i),  .CLKDIV (clk_i),  .D1 (dfi_wrdata_q[(14 + 0)]),  .D2 (dfi_wrdata_q[(14 + 0)]),  .D3 (dfi_wrdata_q[(14 + 0)]),  .D4 (dfi_wrdata_q[(14 + 0)]),  .D5 (dfi_wrdata_q[(14 + 16)]),  .D6 (dfi_wrdata_q[(14 + 16)]),  .D7 (dfi_wrdata_q[(14 + 16)]),  .D8 (dfi_wrdata_q[(14 + 16)]),  .OCE (1),  .RST (rst_i),  .SHIFTIN1 (0),  .SHIFTIN2 (0),  .T1 (dqs_out_en_n_q),  .T2 (dqs_out_en_n_q),  .T3 (dqs_out_en_n_q),  .T4 (dqs_out_en_n_q),  .TBYTEIN (0),  .TCE (1),  .OQ (dq_out_w[14]),  .TQ (dq_out_en_n_w[14]));"
  The following 32-bit expression is connected to 1-bit port "TCE" of module 
  "OSERDESE2", instance "u_serdes_dq14".
  Expression: 1
  	use +lint=PCWM for more details


Warning-[PCWM-W] Port connection width mismatch
../verilog/ddr3/ddr3_dfi_phy.v, 1140
"OSERDESE2 #("DDR", "BUF", 8, , , , , , , , , , , , , , , , , "MASTER", , , , , 1, , , , ) u_serdes_dq15( .CLK (clk_ddr_i),  .CLKDIV (clk_i),  .D1 (dfi_wrdata_q[(15 + 0)]),  .D2 (dfi_wrdata_q[(15 + 0)]),  .D3 (dfi_wrdata_q[(15 + 0)]),  .D4 (dfi_wrdata_q[(15 + 0)]),  .D5 (dfi_wrdata_q[(15 + 16)]),  .D6 (dfi_wrdata_q[(15 + 16)]),  .D7 (dfi_wrdata_q[(15 + 16)]),  .D8 (dfi_wrdata_q[(15 + 16)]),  .OCE (1),  .RST (rst_i),  .SHIFTIN1 (0),  .SHIFTIN2 (0),  .T1 (dqs_out_en_n_q),  .T2 (dqs_out_en_n_q),  .T3 (dqs_out_en_n_q),  .T4 (dqs_out_en_n_q),  .TBYTEIN (0),  .TCE (1),  .OQ (dq_out_w[15]),  .TQ (dq_out_en_n_w[15]));"
  The following 32-bit expression is connected to 1-bit port "OCE" of module 
  "OSERDESE2", instance "u_serdes_dq15".
  Expression: 1
  	use +lint=PCWM for more details


Warning-[PCWM-W] Port connection width mismatch
../verilog/ddr3/ddr3_dfi_phy.v, 1140
"OSERDESE2 #("DDR", "BUF", 8, , , , , , , , , , , , , , , , , "MASTER", , , , , 1, , , , ) u_serdes_dq15( .CLK (clk_ddr_i),  .CLKDIV (clk_i),  .D1 (dfi_wrdata_q[(15 + 0)]),  .D2 (dfi_wrdata_q[(15 + 0)]),  .D3 (dfi_wrdata_q[(15 + 0)]),  .D4 (dfi_wrdata_q[(15 + 0)]),  .D5 (dfi_wrdata_q[(15 + 16)]),  .D6 (dfi_wrdata_q[(15 + 16)]),  .D7 (dfi_wrdata_q[(15 + 16)]),  .D8 (dfi_wrdata_q[(15 + 16)]),  .OCE (1),  .RST (rst_i),  .SHIFTIN1 (0),  .SHIFTIN2 (0),  .T1 (dqs_out_en_n_q),  .T2 (dqs_out_en_n_q),  .T3 (dqs_out_en_n_q),  .T4 (dqs_out_en_n_q),  .TBYTEIN (0),  .TCE (1),  .OQ (dq_out_w[15]),  .TQ (dq_out_en_n_w[15]));"
  The following 32-bit expression is connected to 1-bit port "SHIFTIN1" of 
  module "OSERDESE2", instance "u_serdes_dq15".
  Expression: 0
  	use +lint=PCWM for more details


Warning-[PCWM-W] Port connection width mismatch
../verilog/ddr3/ddr3_dfi_phy.v, 1140
"OSERDESE2 #("DDR", "BUF", 8, , , , , , , , , , , , , , , , , "MASTER", , , , , 1, , , , ) u_serdes_dq15( .CLK (clk_ddr_i),  .CLKDIV (clk_i),  .D1 (dfi_wrdata_q[(15 + 0)]),  .D2 (dfi_wrdata_q[(15 + 0)]),  .D3 (dfi_wrdata_q[(15 + 0)]),  .D4 (dfi_wrdata_q[(15 + 0)]),  .D5 (dfi_wrdata_q[(15 + 16)]),  .D6 (dfi_wrdata_q[(15 + 16)]),  .D7 (dfi_wrdata_q[(15 + 16)]),  .D8 (dfi_wrdata_q[(15 + 16)]),  .OCE (1),  .RST (rst_i),  .SHIFTIN1 (0),  .SHIFTIN2 (0),  .T1 (dqs_out_en_n_q),  .T2 (dqs_out_en_n_q),  .T3 (dqs_out_en_n_q),  .T4 (dqs_out_en_n_q),  .TBYTEIN (0),  .TCE (1),  .OQ (dq_out_w[15]),  .TQ (dq_out_en_n_w[15]));"
  The following 32-bit expression is connected to 1-bit port "SHIFTIN2" of 
  module "OSERDESE2", instance "u_serdes_dq15".
  Expression: 0
  	use +lint=PCWM for more details


Warning-[PCWM-W] Port connection width mismatch
../verilog/ddr3/ddr3_dfi_phy.v, 1140
"OSERDESE2 #("DDR", "BUF", 8, , , , , , , , , , , , , , , , , "MASTER", , , , , 1, , , , ) u_serdes_dq15( .CLK (clk_ddr_i),  .CLKDIV (clk_i),  .D1 (dfi_wrdata_q[(15 + 0)]),  .D2 (dfi_wrdata_q[(15 + 0)]),  .D3 (dfi_wrdata_q[(15 + 0)]),  .D4 (dfi_wrdata_q[(15 + 0)]),  .D5 (dfi_wrdata_q[(15 + 16)]),  .D6 (dfi_wrdata_q[(15 + 16)]),  .D7 (dfi_wrdata_q[(15 + 16)]),  .D8 (dfi_wrdata_q[(15 + 16)]),  .OCE (1),  .RST (rst_i),  .SHIFTIN1 (0),  .SHIFTIN2 (0),  .T1 (dqs_out_en_n_q),  .T2 (dqs_out_en_n_q),  .T3 (dqs_out_en_n_q),  .T4 (dqs_out_en_n_q),  .TBYTEIN (0),  .TCE (1),  .OQ (dq_out_w[15]),  .TQ (dq_out_en_n_w[15]));"
  The following 32-bit expression is connected to 1-bit port "TBYTEIN" of 
  module "OSERDESE2", instance "u_serdes_dq15".
  Expression: 0
  	use +lint=PCWM for more details


Warning-[PCWM-W] Port connection width mismatch
../verilog/ddr3/ddr3_dfi_phy.v, 1140
"OSERDESE2 #("DDR", "BUF", 8, , , , , , , , , , , , , , , , , "MASTER", , , , , 1, , , , ) u_serdes_dq15( .CLK (clk_ddr_i),  .CLKDIV (clk_i),  .D1 (dfi_wrdata_q[(15 + 0)]),  .D2 (dfi_wrdata_q[(15 + 0)]),  .D3 (dfi_wrdata_q[(15 + 0)]),  .D4 (dfi_wrdata_q[(15 + 0)]),  .D5 (dfi_wrdata_q[(15 + 16)]),  .D6 (dfi_wrdata_q[(15 + 16)]),  .D7 (dfi_wrdata_q[(15 + 16)]),  .D8 (dfi_wrdata_q[(15 + 16)]),  .OCE (1),  .RST (rst_i),  .SHIFTIN1 (0),  .SHIFTIN2 (0),  .T1 (dqs_out_en_n_q),  .T2 (dqs_out_en_n_q),  .T3 (dqs_out_en_n_q),  .T4 (dqs_out_en_n_q),  .TBYTEIN (0),  .TCE (1),  .OQ (dq_out_w[15]),  .TQ (dq_out_en_n_w[15]));"
  The following 32-bit expression is connected to 1-bit port "TCE" of module 
  "OSERDESE2", instance "u_serdes_dq15".
  Expression: 1
  	use +lint=PCWM for more details


Warning-[PCWM-W] Port connection width mismatch
../verilog/ddr3/ddr3_dfi_phy.v, 1206
"OSERDESE2 #("DDR", "BUF", 8, , , , , , , , , , , , , , , , , "MASTER", , , , , 1, , , , ) u_serdes_dm0( .CLK (clk_ddr_i),  .CLKDIV (clk_i),  .D1 (dfi_wr_mask_q[0]),  .D2 (dfi_wr_mask_q[0]),  .D3 (dfi_wr_mask_q[0]),  .D4 (dfi_wr_mask_q[0]),  .D5 (dfi_wr_mask_q[2]),  .D6 (dfi_wr_mask_q[2]),  .D7 (dfi_wr_mask_q[2]),  .D8 (dfi_wr_mask_q[2]),  .OCE (1),  .RST (rst_i),  .SHIFTIN1 (0),  .SHIFTIN2 (0),  .T1 (0),  .T2 (0),  .T3 (0),  .T4 (0),  .TBYTEIN (0),  .TCE (0),  .OQ (dm_out_w[0]));"
  The following 32-bit expression is connected to 1-bit port "OCE" of module 
  "OSERDESE2", instance "u_serdes_dm0".
  Expression: 1
  	use +lint=PCWM for more details


Warning-[PCWM-W] Port connection width mismatch
../verilog/ddr3/ddr3_dfi_phy.v, 1206
"OSERDESE2 #("DDR", "BUF", 8, , , , , , , , , , , , , , , , , "MASTER", , , , , 1, , , , ) u_serdes_dm0( .CLK (clk_ddr_i),  .CLKDIV (clk_i),  .D1 (dfi_wr_mask_q[0]),  .D2 (dfi_wr_mask_q[0]),  .D3 (dfi_wr_mask_q[0]),  .D4 (dfi_wr_mask_q[0]),  .D5 (dfi_wr_mask_q[2]),  .D6 (dfi_wr_mask_q[2]),  .D7 (dfi_wr_mask_q[2]),  .D8 (dfi_wr_mask_q[2]),  .OCE (1),  .RST (rst_i),  .SHIFTIN1 (0),  .SHIFTIN2 (0),  .T1 (0),  .T2 (0),  .T3 (0),  .T4 (0),  .TBYTEIN (0),  .TCE (0),  .OQ (dm_out_w[0]));"
  The following 32-bit expression is connected to 1-bit port "SHIFTIN1" of 
  module "OSERDESE2", instance "u_serdes_dm0".
  Expression: 0
  	use +lint=PCWM for more details


Warning-[PCWM-W] Port connection width mismatch
../verilog/ddr3/ddr3_dfi_phy.v, 1206
"OSERDESE2 #("DDR", "BUF", 8, , , , , , , , , , , , , , , , , "MASTER", , , , , 1, , , , ) u_serdes_dm0( .CLK (clk_ddr_i),  .CLKDIV (clk_i),  .D1 (dfi_wr_mask_q[0]),  .D2 (dfi_wr_mask_q[0]),  .D3 (dfi_wr_mask_q[0]),  .D4 (dfi_wr_mask_q[0]),  .D5 (dfi_wr_mask_q[2]),  .D6 (dfi_wr_mask_q[2]),  .D7 (dfi_wr_mask_q[2]),  .D8 (dfi_wr_mask_q[2]),  .OCE (1),  .RST (rst_i),  .SHIFTIN1 (0),  .SHIFTIN2 (0),  .T1 (0),  .T2 (0),  .T3 (0),  .T4 (0),  .TBYTEIN (0),  .TCE (0),  .OQ (dm_out_w[0]));"
  The following 32-bit expression is connected to 1-bit port "SHIFTIN2" of 
  module "OSERDESE2", instance "u_serdes_dm0".
  Expression: 0
  	use +lint=PCWM for more details


Warning-[PCWM-W] Port connection width mismatch
../verilog/ddr3/ddr3_dfi_phy.v, 1206
"OSERDESE2 #("DDR", "BUF", 8, , , , , , , , , , , , , , , , , "MASTER", , , , , 1, , , , ) u_serdes_dm0( .CLK (clk_ddr_i),  .CLKDIV (clk_i),  .D1 (dfi_wr_mask_q[0]),  .D2 (dfi_wr_mask_q[0]),  .D3 (dfi_wr_mask_q[0]),  .D4 (dfi_wr_mask_q[0]),  .D5 (dfi_wr_mask_q[2]),  .D6 (dfi_wr_mask_q[2]),  .D7 (dfi_wr_mask_q[2]),  .D8 (dfi_wr_mask_q[2]),  .OCE (1),  .RST (rst_i),  .SHIFTIN1 (0),  .SHIFTIN2 (0),  .T1 (0),  .T2 (0),  .T3 (0),  .T4 (0),  .TBYTEIN (0),  .TCE (0),  .OQ (dm_out_w[0]));"
  The following 32-bit expression is connected to 1-bit port "T1" of module 
  "OSERDESE2", instance "u_serdes_dm0".
  Expression: 0
  	use +lint=PCWM for more details


Warning-[PCWM-W] Port connection width mismatch
../verilog/ddr3/ddr3_dfi_phy.v, 1206
"OSERDESE2 #("DDR", "BUF", 8, , , , , , , , , , , , , , , , , "MASTER", , , , , 1, , , , ) u_serdes_dm0( .CLK (clk_ddr_i),  .CLKDIV (clk_i),  .D1 (dfi_wr_mask_q[0]),  .D2 (dfi_wr_mask_q[0]),  .D3 (dfi_wr_mask_q[0]),  .D4 (dfi_wr_mask_q[0]),  .D5 (dfi_wr_mask_q[2]),  .D6 (dfi_wr_mask_q[2]),  .D7 (dfi_wr_mask_q[2]),  .D8 (dfi_wr_mask_q[2]),  .OCE (1),  .RST (rst_i),  .SHIFTIN1 (0),  .SHIFTIN2 (0),  .T1 (0),  .T2 (0),  .T3 (0),  .T4 (0),  .TBYTEIN (0),  .TCE (0),  .OQ (dm_out_w[0]));"
  The following 32-bit expression is connected to 1-bit port "T2" of module 
  "OSERDESE2", instance "u_serdes_dm0".
  Expression: 0
  	use +lint=PCWM for more details


Warning-[PCWM-W] Port connection width mismatch
../verilog/ddr3/ddr3_dfi_phy.v, 1206
"OSERDESE2 #("DDR", "BUF", 8, , , , , , , , , , , , , , , , , "MASTER", , , , , 1, , , , ) u_serdes_dm0( .CLK (clk_ddr_i),  .CLKDIV (clk_i),  .D1 (dfi_wr_mask_q[0]),  .D2 (dfi_wr_mask_q[0]),  .D3 (dfi_wr_mask_q[0]),  .D4 (dfi_wr_mask_q[0]),  .D5 (dfi_wr_mask_q[2]),  .D6 (dfi_wr_mask_q[2]),  .D7 (dfi_wr_mask_q[2]),  .D8 (dfi_wr_mask_q[2]),  .OCE (1),  .RST (rst_i),  .SHIFTIN1 (0),  .SHIFTIN2 (0),  .T1 (0),  .T2 (0),  .T3 (0),  .T4 (0),  .TBYTEIN (0),  .TCE (0),  .OQ (dm_out_w[0]));"
  The following 32-bit expression is connected to 1-bit port "T3" of module 
  "OSERDESE2", instance "u_serdes_dm0".
  Expression: 0
  	use +lint=PCWM for more details


Warning-[PCWM-W] Port connection width mismatch
../verilog/ddr3/ddr3_dfi_phy.v, 1206
"OSERDESE2 #("DDR", "BUF", 8, , , , , , , , , , , , , , , , , "MASTER", , , , , 1, , , , ) u_serdes_dm0( .CLK (clk_ddr_i),  .CLKDIV (clk_i),  .D1 (dfi_wr_mask_q[0]),  .D2 (dfi_wr_mask_q[0]),  .D3 (dfi_wr_mask_q[0]),  .D4 (dfi_wr_mask_q[0]),  .D5 (dfi_wr_mask_q[2]),  .D6 (dfi_wr_mask_q[2]),  .D7 (dfi_wr_mask_q[2]),  .D8 (dfi_wr_mask_q[2]),  .OCE (1),  .RST (rst_i),  .SHIFTIN1 (0),  .SHIFTIN2 (0),  .T1 (0),  .T2 (0),  .T3 (0),  .T4 (0),  .TBYTEIN (0),  .TCE (0),  .OQ (dm_out_w[0]));"
  The following 32-bit expression is connected to 1-bit port "T4" of module 
  "OSERDESE2", instance "u_serdes_dm0".
  Expression: 0
  	use +lint=PCWM for more details


Warning-[PCWM-W] Port connection width mismatch
../verilog/ddr3/ddr3_dfi_phy.v, 1206
"OSERDESE2 #("DDR", "BUF", 8, , , , , , , , , , , , , , , , , "MASTER", , , , , 1, , , , ) u_serdes_dm0( .CLK (clk_ddr_i),  .CLKDIV (clk_i),  .D1 (dfi_wr_mask_q[0]),  .D2 (dfi_wr_mask_q[0]),  .D3 (dfi_wr_mask_q[0]),  .D4 (dfi_wr_mask_q[0]),  .D5 (dfi_wr_mask_q[2]),  .D6 (dfi_wr_mask_q[2]),  .D7 (dfi_wr_mask_q[2]),  .D8 (dfi_wr_mask_q[2]),  .OCE (1),  .RST (rst_i),  .SHIFTIN1 (0),  .SHIFTIN2 (0),  .T1 (0),  .T2 (0),  .T3 (0),  .T4 (0),  .TBYTEIN (0),  .TCE (0),  .OQ (dm_out_w[0]));"
  The following 32-bit expression is connected to 1-bit port "TBYTEIN" of 
  module "OSERDESE2", instance "u_serdes_dm0".
  Expression: 0
  	use +lint=PCWM for more details


Warning-[PCWM-W] Port connection width mismatch
../verilog/ddr3/ddr3_dfi_phy.v, 1206
"OSERDESE2 #("DDR", "BUF", 8, , , , , , , , , , , , , , , , , "MASTER", , , , , 1, , , , ) u_serdes_dm0( .CLK (clk_ddr_i),  .CLKDIV (clk_i),  .D1 (dfi_wr_mask_q[0]),  .D2 (dfi_wr_mask_q[0]),  .D3 (dfi_wr_mask_q[0]),  .D4 (dfi_wr_mask_q[0]),  .D5 (dfi_wr_mask_q[2]),  .D6 (dfi_wr_mask_q[2]),  .D7 (dfi_wr_mask_q[2]),  .D8 (dfi_wr_mask_q[2]),  .OCE (1),  .RST (rst_i),  .SHIFTIN1 (0),  .SHIFTIN2 (0),  .T1 (0),  .T2 (0),  .T3 (0),  .T4 (0),  .TBYTEIN (0),  .TCE (0),  .OQ (dm_out_w[0]));"
  The following 32-bit expression is connected to 1-bit port "TCE" of module 
  "OSERDESE2", instance "u_serdes_dm0".
  Expression: 0
  	use +lint=PCWM for more details


Warning-[PCWM-W] Port connection width mismatch
../verilog/ddr3/ddr3_dfi_phy.v, 1246
"OSERDESE2 #("DDR", "BUF", 8, , , , , , , , , , , , , , , , , "MASTER", , , , , 1, , , , ) u_serdes_dm1( .CLK (clk_ddr_i),  .CLKDIV (clk_i),  .D1 (dfi_wr_mask_q[1]),  .D2 (dfi_wr_mask_q[1]),  .D3 (dfi_wr_mask_q[1]),  .D4 (dfi_wr_mask_q[1]),  .D5 (dfi_wr_mask_q[3]),  .D6 (dfi_wr_mask_q[3]),  .D7 (dfi_wr_mask_q[3]),  .D8 (dfi_wr_mask_q[3]),  .OCE (1),  .RST (rst_i),  .SHIFTIN1 (0),  .SHIFTIN2 (0),  .T1 (0),  .T2 (0),  .T3 (0),  .T4 (0),  .TBYTEIN (0),  .TCE (0),  .OQ (dm_out_w[1]));"
  The following 32-bit expression is connected to 1-bit port "OCE" of module 
  "OSERDESE2", instance "u_serdes_dm1".
  Expression: 1
  	use +lint=PCWM for more details


Warning-[PCWM-W] Port connection width mismatch
../verilog/ddr3/ddr3_dfi_phy.v, 1246
"OSERDESE2 #("DDR", "BUF", 8, , , , , , , , , , , , , , , , , "MASTER", , , , , 1, , , , ) u_serdes_dm1( .CLK (clk_ddr_i),  .CLKDIV (clk_i),  .D1 (dfi_wr_mask_q[1]),  .D2 (dfi_wr_mask_q[1]),  .D3 (dfi_wr_mask_q[1]),  .D4 (dfi_wr_mask_q[1]),  .D5 (dfi_wr_mask_q[3]),  .D6 (dfi_wr_mask_q[3]),  .D7 (dfi_wr_mask_q[3]),  .D8 (dfi_wr_mask_q[3]),  .OCE (1),  .RST (rst_i),  .SHIFTIN1 (0),  .SHIFTIN2 (0),  .T1 (0),  .T2 (0),  .T3 (0),  .T4 (0),  .TBYTEIN (0),  .TCE (0),  .OQ (dm_out_w[1]));"
  The following 32-bit expression is connected to 1-bit port "SHIFTIN1" of 
  module "OSERDESE2", instance "u_serdes_dm1".
  Expression: 0
  	use +lint=PCWM for more details


Warning-[PCWM-W] Port connection width mismatch
../verilog/ddr3/ddr3_dfi_phy.v, 1246
"OSERDESE2 #("DDR", "BUF", 8, , , , , , , , , , , , , , , , , "MASTER", , , , , 1, , , , ) u_serdes_dm1( .CLK (clk_ddr_i),  .CLKDIV (clk_i),  .D1 (dfi_wr_mask_q[1]),  .D2 (dfi_wr_mask_q[1]),  .D3 (dfi_wr_mask_q[1]),  .D4 (dfi_wr_mask_q[1]),  .D5 (dfi_wr_mask_q[3]),  .D6 (dfi_wr_mask_q[3]),  .D7 (dfi_wr_mask_q[3]),  .D8 (dfi_wr_mask_q[3]),  .OCE (1),  .RST (rst_i),  .SHIFTIN1 (0),  .SHIFTIN2 (0),  .T1 (0),  .T2 (0),  .T3 (0),  .T4 (0),  .TBYTEIN (0),  .TCE (0),  .OQ (dm_out_w[1]));"
  The following 32-bit expression is connected to 1-bit port "SHIFTIN2" of 
  module "OSERDESE2", instance "u_serdes_dm1".
  Expression: 0
  	use +lint=PCWM for more details


Warning-[PCWM-W] Port connection width mismatch
../verilog/ddr3/ddr3_dfi_phy.v, 1246
"OSERDESE2 #("DDR", "BUF", 8, , , , , , , , , , , , , , , , , "MASTER", , , , , 1, , , , ) u_serdes_dm1( .CLK (clk_ddr_i),  .CLKDIV (clk_i),  .D1 (dfi_wr_mask_q[1]),  .D2 (dfi_wr_mask_q[1]),  .D3 (dfi_wr_mask_q[1]),  .D4 (dfi_wr_mask_q[1]),  .D5 (dfi_wr_mask_q[3]),  .D6 (dfi_wr_mask_q[3]),  .D7 (dfi_wr_mask_q[3]),  .D8 (dfi_wr_mask_q[3]),  .OCE (1),  .RST (rst_i),  .SHIFTIN1 (0),  .SHIFTIN2 (0),  .T1 (0),  .T2 (0),  .T3 (0),  .T4 (0),  .TBYTEIN (0),  .TCE (0),  .OQ (dm_out_w[1]));"
  The following 32-bit expression is connected to 1-bit port "T1" of module 
  "OSERDESE2", instance "u_serdes_dm1".
  Expression: 0
  	use +lint=PCWM for more details


Warning-[PCWM-W] Port connection width mismatch
../verilog/ddr3/ddr3_dfi_phy.v, 1246
"OSERDESE2 #("DDR", "BUF", 8, , , , , , , , , , , , , , , , , "MASTER", , , , , 1, , , , ) u_serdes_dm1( .CLK (clk_ddr_i),  .CLKDIV (clk_i),  .D1 (dfi_wr_mask_q[1]),  .D2 (dfi_wr_mask_q[1]),  .D3 (dfi_wr_mask_q[1]),  .D4 (dfi_wr_mask_q[1]),  .D5 (dfi_wr_mask_q[3]),  .D6 (dfi_wr_mask_q[3]),  .D7 (dfi_wr_mask_q[3]),  .D8 (dfi_wr_mask_q[3]),  .OCE (1),  .RST (rst_i),  .SHIFTIN1 (0),  .SHIFTIN2 (0),  .T1 (0),  .T2 (0),  .T3 (0),  .T4 (0),  .TBYTEIN (0),  .TCE (0),  .OQ (dm_out_w[1]));"
  The following 32-bit expression is connected to 1-bit port "T2" of module 
  "OSERDESE2", instance "u_serdes_dm1".
  Expression: 0
  	use +lint=PCWM for more details


Warning-[PCWM-W] Port connection width mismatch
../verilog/ddr3/ddr3_dfi_phy.v, 1246
"OSERDESE2 #("DDR", "BUF", 8, , , , , , , , , , , , , , , , , "MASTER", , , , , 1, , , , ) u_serdes_dm1( .CLK (clk_ddr_i),  .CLKDIV (clk_i),  .D1 (dfi_wr_mask_q[1]),  .D2 (dfi_wr_mask_q[1]),  .D3 (dfi_wr_mask_q[1]),  .D4 (dfi_wr_mask_q[1]),  .D5 (dfi_wr_mask_q[3]),  .D6 (dfi_wr_mask_q[3]),  .D7 (dfi_wr_mask_q[3]),  .D8 (dfi_wr_mask_q[3]),  .OCE (1),  .RST (rst_i),  .SHIFTIN1 (0),  .SHIFTIN2 (0),  .T1 (0),  .T2 (0),  .T3 (0),  .T4 (0),  .TBYTEIN (0),  .TCE (0),  .OQ (dm_out_w[1]));"
  The following 32-bit expression is connected to 1-bit port "T3" of module 
  "OSERDESE2", instance "u_serdes_dm1".
  Expression: 0
  	use +lint=PCWM for more details


Warning-[PCWM-W] Port connection width mismatch
../verilog/ddr3/ddr3_dfi_phy.v, 1246
"OSERDESE2 #("DDR", "BUF", 8, , , , , , , , , , , , , , , , , "MASTER", , , , , 1, , , , ) u_serdes_dm1( .CLK (clk_ddr_i),  .CLKDIV (clk_i),  .D1 (dfi_wr_mask_q[1]),  .D2 (dfi_wr_mask_q[1]),  .D3 (dfi_wr_mask_q[1]),  .D4 (dfi_wr_mask_q[1]),  .D5 (dfi_wr_mask_q[3]),  .D6 (dfi_wr_mask_q[3]),  .D7 (dfi_wr_mask_q[3]),  .D8 (dfi_wr_mask_q[3]),  .OCE (1),  .RST (rst_i),  .SHIFTIN1 (0),  .SHIFTIN2 (0),  .T1 (0),  .T2 (0),  .T3 (0),  .T4 (0),  .TBYTEIN (0),  .TCE (0),  .OQ (dm_out_w[1]));"
  The following 32-bit expression is connected to 1-bit port "T4" of module 
  "OSERDESE2", instance "u_serdes_dm1".
  Expression: 0
  	use +lint=PCWM for more details


Warning-[PCWM-W] Port connection width mismatch
../verilog/ddr3/ddr3_dfi_phy.v, 1246
"OSERDESE2 #("DDR", "BUF", 8, , , , , , , , , , , , , , , , , "MASTER", , , , , 1, , , , ) u_serdes_dm1( .CLK (clk_ddr_i),  .CLKDIV (clk_i),  .D1 (dfi_wr_mask_q[1]),  .D2 (dfi_wr_mask_q[1]),  .D3 (dfi_wr_mask_q[1]),  .D4 (dfi_wr_mask_q[1]),  .D5 (dfi_wr_mask_q[3]),  .D6 (dfi_wr_mask_q[3]),  .D7 (dfi_wr_mask_q[3]),  .D8 (dfi_wr_mask_q[3]),  .OCE (1),  .RST (rst_i),  .SHIFTIN1 (0),  .SHIFTIN2 (0),  .T1 (0),  .T2 (0),  .T3 (0),  .T4 (0),  .TBYTEIN (0),  .TCE (0),  .OQ (dm_out_w[1]));"
  The following 32-bit expression is connected to 1-bit port "TBYTEIN" of 
  module "OSERDESE2", instance "u_serdes_dm1".
  Expression: 0
  	use +lint=PCWM for more details


Warning-[PCWM-W] Port connection width mismatch
../verilog/ddr3/ddr3_dfi_phy.v, 1246
"OSERDESE2 #("DDR", "BUF", 8, , , , , , , , , , , , , , , , , "MASTER", , , , , 1, , , , ) u_serdes_dm1( .CLK (clk_ddr_i),  .CLKDIV (clk_i),  .D1 (dfi_wr_mask_q[1]),  .D2 (dfi_wr_mask_q[1]),  .D3 (dfi_wr_mask_q[1]),  .D4 (dfi_wr_mask_q[1]),  .D5 (dfi_wr_mask_q[3]),  .D6 (dfi_wr_mask_q[3]),  .D7 (dfi_wr_mask_q[3]),  .D8 (dfi_wr_mask_q[3]),  .OCE (1),  .RST (rst_i),  .SHIFTIN1 (0),  .SHIFTIN2 (0),  .T1 (0),  .T2 (0),  .T3 (0),  .T4 (0),  .TBYTEIN (0),  .TCE (0),  .OQ (dm_out_w[1]));"
  The following 32-bit expression is connected to 1-bit port "TCE" of module 
  "OSERDESE2", instance "u_serdes_dm1".
  Expression: 0
  	use +lint=PCWM for more details


Warning-[PCWM-W] Port connection width mismatch
../verilog/ddr3/ddr3_dfi_phy.v, 1291
"OSERDESE2 #("DDR", "BUF", 8, , , , , , , , , , , , , , , , , "MASTER", , , , , 1, , , , ) u_serdes_dqs0( .CLK (clk_ddr90_i),  .CLKDIV (clk_i),  .D1 (0),  .D2 (0),  .D3 (1),  .D4 (1),  .D5 (1),  .D6 (1),  .D7 (0),  .D8 (0),  .OCE (1),  .RST (rst_i),  .SHIFTIN1 (0),  .SHIFTIN2 (0),  .T1 (dqs_out_en_n_q),  .T2 (dqs_out_en_n_q),  .T3 (dqs_out_en_n_q),  .T4 (dqs_out_en_n_q),  .TBYTEIN (0),  .TCE (1),  .OQ (dqs_out_w[0]),  .TQ (dqs_out_en_n_w[0]));"
  The following 32-bit expression is connected to 1-bit port "D1" of module 
  "OSERDESE2", instance "u_serdes_dqs0".
  Expression: 0
  	use +lint=PCWM for more details


Warning-[PCWM-W] Port connection width mismatch
../verilog/ddr3/ddr3_dfi_phy.v, 1291
"OSERDESE2 #("DDR", "BUF", 8, , , , , , , , , , , , , , , , , "MASTER", , , , , 1, , , , ) u_serdes_dqs0( .CLK (clk_ddr90_i),  .CLKDIV (clk_i),  .D1 (0),  .D2 (0),  .D3 (1),  .D4 (1),  .D5 (1),  .D6 (1),  .D7 (0),  .D8 (0),  .OCE (1),  .RST (rst_i),  .SHIFTIN1 (0),  .SHIFTIN2 (0),  .T1 (dqs_out_en_n_q),  .T2 (dqs_out_en_n_q),  .T3 (dqs_out_en_n_q),  .T4 (dqs_out_en_n_q),  .TBYTEIN (0),  .TCE (1),  .OQ (dqs_out_w[0]),  .TQ (dqs_out_en_n_w[0]));"
  The following 32-bit expression is connected to 1-bit port "D2" of module 
  "OSERDESE2", instance "u_serdes_dqs0".
  Expression: 0
  	use +lint=PCWM for more details


Warning-[PCWM-W] Port connection width mismatch
../verilog/ddr3/ddr3_dfi_phy.v, 1291
"OSERDESE2 #("DDR", "BUF", 8, , , , , , , , , , , , , , , , , "MASTER", , , , , 1, , , , ) u_serdes_dqs0( .CLK (clk_ddr90_i),  .CLKDIV (clk_i),  .D1 (0),  .D2 (0),  .D3 (1),  .D4 (1),  .D5 (1),  .D6 (1),  .D7 (0),  .D8 (0),  .OCE (1),  .RST (rst_i),  .SHIFTIN1 (0),  .SHIFTIN2 (0),  .T1 (dqs_out_en_n_q),  .T2 (dqs_out_en_n_q),  .T3 (dqs_out_en_n_q),  .T4 (dqs_out_en_n_q),  .TBYTEIN (0),  .TCE (1),  .OQ (dqs_out_w[0]),  .TQ (dqs_out_en_n_w[0]));"
  The following 32-bit expression is connected to 1-bit port "D3" of module 
  "OSERDESE2", instance "u_serdes_dqs0".
  Expression: 1
  	use +lint=PCWM for more details


Warning-[PCWM-W] Port connection width mismatch
../verilog/ddr3/ddr3_dfi_phy.v, 1291
"OSERDESE2 #("DDR", "BUF", 8, , , , , , , , , , , , , , , , , "MASTER", , , , , 1, , , , ) u_serdes_dqs0( .CLK (clk_ddr90_i),  .CLKDIV (clk_i),  .D1 (0),  .D2 (0),  .D3 (1),  .D4 (1),  .D5 (1),  .D6 (1),  .D7 (0),  .D8 (0),  .OCE (1),  .RST (rst_i),  .SHIFTIN1 (0),  .SHIFTIN2 (0),  .T1 (dqs_out_en_n_q),  .T2 (dqs_out_en_n_q),  .T3 (dqs_out_en_n_q),  .T4 (dqs_out_en_n_q),  .TBYTEIN (0),  .TCE (1),  .OQ (dqs_out_w[0]),  .TQ (dqs_out_en_n_w[0]));"
  The following 32-bit expression is connected to 1-bit port "D4" of module 
  "OSERDESE2", instance "u_serdes_dqs0".
  Expression: 1
  	use +lint=PCWM for more details


Warning-[PCWM-W] Port connection width mismatch
../verilog/ddr3/ddr3_dfi_phy.v, 1291
"OSERDESE2 #("DDR", "BUF", 8, , , , , , , , , , , , , , , , , "MASTER", , , , , 1, , , , ) u_serdes_dqs0( .CLK (clk_ddr90_i),  .CLKDIV (clk_i),  .D1 (0),  .D2 (0),  .D3 (1),  .D4 (1),  .D5 (1),  .D6 (1),  .D7 (0),  .D8 (0),  .OCE (1),  .RST (rst_i),  .SHIFTIN1 (0),  .SHIFTIN2 (0),  .T1 (dqs_out_en_n_q),  .T2 (dqs_out_en_n_q),  .T3 (dqs_out_en_n_q),  .T4 (dqs_out_en_n_q),  .TBYTEIN (0),  .TCE (1),  .OQ (dqs_out_w[0]),  .TQ (dqs_out_en_n_w[0]));"
  The following 32-bit expression is connected to 1-bit port "D5" of module 
  "OSERDESE2", instance "u_serdes_dqs0".
  Expression: 1
  	use +lint=PCWM for more details


Warning-[PCWM-W] Port connection width mismatch
../verilog/ddr3/ddr3_dfi_phy.v, 1291
"OSERDESE2 #("DDR", "BUF", 8, , , , , , , , , , , , , , , , , "MASTER", , , , , 1, , , , ) u_serdes_dqs0( .CLK (clk_ddr90_i),  .CLKDIV (clk_i),  .D1 (0),  .D2 (0),  .D3 (1),  .D4 (1),  .D5 (1),  .D6 (1),  .D7 (0),  .D8 (0),  .OCE (1),  .RST (rst_i),  .SHIFTIN1 (0),  .SHIFTIN2 (0),  .T1 (dqs_out_en_n_q),  .T2 (dqs_out_en_n_q),  .T3 (dqs_out_en_n_q),  .T4 (dqs_out_en_n_q),  .TBYTEIN (0),  .TCE (1),  .OQ (dqs_out_w[0]),  .TQ (dqs_out_en_n_w[0]));"
  The following 32-bit expression is connected to 1-bit port "D6" of module 
  "OSERDESE2", instance "u_serdes_dqs0".
  Expression: 1
  	use +lint=PCWM for more details


Warning-[PCWM-W] Port connection width mismatch
../verilog/ddr3/ddr3_dfi_phy.v, 1291
"OSERDESE2 #("DDR", "BUF", 8, , , , , , , , , , , , , , , , , "MASTER", , , , , 1, , , , ) u_serdes_dqs0( .CLK (clk_ddr90_i),  .CLKDIV (clk_i),  .D1 (0),  .D2 (0),  .D3 (1),  .D4 (1),  .D5 (1),  .D6 (1),  .D7 (0),  .D8 (0),  .OCE (1),  .RST (rst_i),  .SHIFTIN1 (0),  .SHIFTIN2 (0),  .T1 (dqs_out_en_n_q),  .T2 (dqs_out_en_n_q),  .T3 (dqs_out_en_n_q),  .T4 (dqs_out_en_n_q),  .TBYTEIN (0),  .TCE (1),  .OQ (dqs_out_w[0]),  .TQ (dqs_out_en_n_w[0]));"
  The following 32-bit expression is connected to 1-bit port "D7" of module 
  "OSERDESE2", instance "u_serdes_dqs0".
  Expression: 0
  	use +lint=PCWM for more details


Warning-[PCWM-W] Port connection width mismatch
../verilog/ddr3/ddr3_dfi_phy.v, 1291
"OSERDESE2 #("DDR", "BUF", 8, , , , , , , , , , , , , , , , , "MASTER", , , , , 1, , , , ) u_serdes_dqs0( .CLK (clk_ddr90_i),  .CLKDIV (clk_i),  .D1 (0),  .D2 (0),  .D3 (1),  .D4 (1),  .D5 (1),  .D6 (1),  .D7 (0),  .D8 (0),  .OCE (1),  .RST (rst_i),  .SHIFTIN1 (0),  .SHIFTIN2 (0),  .T1 (dqs_out_en_n_q),  .T2 (dqs_out_en_n_q),  .T3 (dqs_out_en_n_q),  .T4 (dqs_out_en_n_q),  .TBYTEIN (0),  .TCE (1),  .OQ (dqs_out_w[0]),  .TQ (dqs_out_en_n_w[0]));"
  The following 32-bit expression is connected to 1-bit port "D8" of module 
  "OSERDESE2", instance "u_serdes_dqs0".
  Expression: 0
  	use +lint=PCWM for more details


Warning-[PCWM-W] Port connection width mismatch
../verilog/ddr3/ddr3_dfi_phy.v, 1291
"OSERDESE2 #("DDR", "BUF", 8, , , , , , , , , , , , , , , , , "MASTER", , , , , 1, , , , ) u_serdes_dqs0( .CLK (clk_ddr90_i),  .CLKDIV (clk_i),  .D1 (0),  .D2 (0),  .D3 (1),  .D4 (1),  .D5 (1),  .D6 (1),  .D7 (0),  .D8 (0),  .OCE (1),  .RST (rst_i),  .SHIFTIN1 (0),  .SHIFTIN2 (0),  .T1 (dqs_out_en_n_q),  .T2 (dqs_out_en_n_q),  .T3 (dqs_out_en_n_q),  .T4 (dqs_out_en_n_q),  .TBYTEIN (0),  .TCE (1),  .OQ (dqs_out_w[0]),  .TQ (dqs_out_en_n_w[0]));"
  The following 32-bit expression is connected to 1-bit port "OCE" of module 
  "OSERDESE2", instance "u_serdes_dqs0".
  Expression: 1
  	use +lint=PCWM for more details


Warning-[PCWM-W] Port connection width mismatch
../verilog/ddr3/ddr3_dfi_phy.v, 1291
"OSERDESE2 #("DDR", "BUF", 8, , , , , , , , , , , , , , , , , "MASTER", , , , , 1, , , , ) u_serdes_dqs0( .CLK (clk_ddr90_i),  .CLKDIV (clk_i),  .D1 (0),  .D2 (0),  .D3 (1),  .D4 (1),  .D5 (1),  .D6 (1),  .D7 (0),  .D8 (0),  .OCE (1),  .RST (rst_i),  .SHIFTIN1 (0),  .SHIFTIN2 (0),  .T1 (dqs_out_en_n_q),  .T2 (dqs_out_en_n_q),  .T3 (dqs_out_en_n_q),  .T4 (dqs_out_en_n_q),  .TBYTEIN (0),  .TCE (1),  .OQ (dqs_out_w[0]),  .TQ (dqs_out_en_n_w[0]));"
  The following 32-bit expression is connected to 1-bit port "SHIFTIN1" of 
  module "OSERDESE2", instance "u_serdes_dqs0".
  Expression: 0
  	use +lint=PCWM for more details


Warning-[PCWM-W] Port connection width mismatch
../verilog/ddr3/ddr3_dfi_phy.v, 1291
"OSERDESE2 #("DDR", "BUF", 8, , , , , , , , , , , , , , , , , "MASTER", , , , , 1, , , , ) u_serdes_dqs0( .CLK (clk_ddr90_i),  .CLKDIV (clk_i),  .D1 (0),  .D2 (0),  .D3 (1),  .D4 (1),  .D5 (1),  .D6 (1),  .D7 (0),  .D8 (0),  .OCE (1),  .RST (rst_i),  .SHIFTIN1 (0),  .SHIFTIN2 (0),  .T1 (dqs_out_en_n_q),  .T2 (dqs_out_en_n_q),  .T3 (dqs_out_en_n_q),  .T4 (dqs_out_en_n_q),  .TBYTEIN (0),  .TCE (1),  .OQ (dqs_out_w[0]),  .TQ (dqs_out_en_n_w[0]));"
  The following 32-bit expression is connected to 1-bit port "SHIFTIN2" of 
  module "OSERDESE2", instance "u_serdes_dqs0".
  Expression: 0
  	use +lint=PCWM for more details


Warning-[PCWM-W] Port connection width mismatch
../verilog/ddr3/ddr3_dfi_phy.v, 1291
"OSERDESE2 #("DDR", "BUF", 8, , , , , , , , , , , , , , , , , "MASTER", , , , , 1, , , , ) u_serdes_dqs0( .CLK (clk_ddr90_i),  .CLKDIV (clk_i),  .D1 (0),  .D2 (0),  .D3 (1),  .D4 (1),  .D5 (1),  .D6 (1),  .D7 (0),  .D8 (0),  .OCE (1),  .RST (rst_i),  .SHIFTIN1 (0),  .SHIFTIN2 (0),  .T1 (dqs_out_en_n_q),  .T2 (dqs_out_en_n_q),  .T3 (dqs_out_en_n_q),  .T4 (dqs_out_en_n_q),  .TBYTEIN (0),  .TCE (1),  .OQ (dqs_out_w[0]),  .TQ (dqs_out_en_n_w[0]));"
  The following 32-bit expression is connected to 1-bit port "TBYTEIN" of 
  module "OSERDESE2", instance "u_serdes_dqs0".
  Expression: 0
  	use +lint=PCWM for more details


Warning-[PCWM-W] Port connection width mismatch
../verilog/ddr3/ddr3_dfi_phy.v, 1291
"OSERDESE2 #("DDR", "BUF", 8, , , , , , , , , , , , , , , , , "MASTER", , , , , 1, , , , ) u_serdes_dqs0( .CLK (clk_ddr90_i),  .CLKDIV (clk_i),  .D1 (0),  .D2 (0),  .D3 (1),  .D4 (1),  .D5 (1),  .D6 (1),  .D7 (0),  .D8 (0),  .OCE (1),  .RST (rst_i),  .SHIFTIN1 (0),  .SHIFTIN2 (0),  .T1 (dqs_out_en_n_q),  .T2 (dqs_out_en_n_q),  .T3 (dqs_out_en_n_q),  .T4 (dqs_out_en_n_q),  .TBYTEIN (0),  .TCE (1),  .OQ (dqs_out_w[0]),  .TQ (dqs_out_en_n_w[0]));"
  The following 32-bit expression is connected to 1-bit port "TCE" of module 
  "OSERDESE2", instance "u_serdes_dqs0".
  Expression: 1
  	use +lint=PCWM for more details


Warning-[PCWM-W] Port connection width mismatch
../verilog/ddr3/ddr3_dfi_phy.v, 1331
"OSERDESE2 #("DDR", "BUF", 8, , , , , , , , , , , , , , , , , "MASTER", , , , , 1, , , , ) u_serdes_dqs1( .CLK (clk_ddr90_i),  .CLKDIV (clk_i),  .D1 (0),  .D2 (0),  .D3 (1),  .D4 (1),  .D5 (1),  .D6 (1),  .D7 (0),  .D8 (0),  .OCE (1),  .RST (rst_i),  .SHIFTIN1 (0),  .SHIFTIN2 (0),  .T1 (dqs_out_en_n_q),  .T2 (dqs_out_en_n_q),  .T3 (dqs_out_en_n_q),  .T4 (dqs_out_en_n_q),  .TBYTEIN (0),  .TCE (1),  .OQ (dqs_out_w[1]),  .TQ (dqs_out_en_n_w[1]));"
  The following 32-bit expression is connected to 1-bit port "D1" of module 
  "OSERDESE2", instance "u_serdes_dqs1".
  Expression: 0
  	use +lint=PCWM for more details


Warning-[PCWM-W] Port connection width mismatch
../verilog/ddr3/ddr3_dfi_phy.v, 1331
"OSERDESE2 #("DDR", "BUF", 8, , , , , , , , , , , , , , , , , "MASTER", , , , , 1, , , , ) u_serdes_dqs1( .CLK (clk_ddr90_i),  .CLKDIV (clk_i),  .D1 (0),  .D2 (0),  .D3 (1),  .D4 (1),  .D5 (1),  .D6 (1),  .D7 (0),  .D8 (0),  .OCE (1),  .RST (rst_i),  .SHIFTIN1 (0),  .SHIFTIN2 (0),  .T1 (dqs_out_en_n_q),  .T2 (dqs_out_en_n_q),  .T3 (dqs_out_en_n_q),  .T4 (dqs_out_en_n_q),  .TBYTEIN (0),  .TCE (1),  .OQ (dqs_out_w[1]),  .TQ (dqs_out_en_n_w[1]));"
  The following 32-bit expression is connected to 1-bit port "D2" of module 
  "OSERDESE2", instance "u_serdes_dqs1".
  Expression: 0
  	use +lint=PCWM for more details


Warning-[PCWM-W] Port connection width mismatch
../verilog/ddr3/ddr3_dfi_phy.v, 1331
"OSERDESE2 #("DDR", "BUF", 8, , , , , , , , , , , , , , , , , "MASTER", , , , , 1, , , , ) u_serdes_dqs1( .CLK (clk_ddr90_i),  .CLKDIV (clk_i),  .D1 (0),  .D2 (0),  .D3 (1),  .D4 (1),  .D5 (1),  .D6 (1),  .D7 (0),  .D8 (0),  .OCE (1),  .RST (rst_i),  .SHIFTIN1 (0),  .SHIFTIN2 (0),  .T1 (dqs_out_en_n_q),  .T2 (dqs_out_en_n_q),  .T3 (dqs_out_en_n_q),  .T4 (dqs_out_en_n_q),  .TBYTEIN (0),  .TCE (1),  .OQ (dqs_out_w[1]),  .TQ (dqs_out_en_n_w[1]));"
  The following 32-bit expression is connected to 1-bit port "D3" of module 
  "OSERDESE2", instance "u_serdes_dqs1".
  Expression: 1
  	use +lint=PCWM for more details


Warning-[PCWM-W] Port connection width mismatch
../verilog/ddr3/ddr3_dfi_phy.v, 1331
"OSERDESE2 #("DDR", "BUF", 8, , , , , , , , , , , , , , , , , "MASTER", , , , , 1, , , , ) u_serdes_dqs1( .CLK (clk_ddr90_i),  .CLKDIV (clk_i),  .D1 (0),  .D2 (0),  .D3 (1),  .D4 (1),  .D5 (1),  .D6 (1),  .D7 (0),  .D8 (0),  .OCE (1),  .RST (rst_i),  .SHIFTIN1 (0),  .SHIFTIN2 (0),  .T1 (dqs_out_en_n_q),  .T2 (dqs_out_en_n_q),  .T3 (dqs_out_en_n_q),  .T4 (dqs_out_en_n_q),  .TBYTEIN (0),  .TCE (1),  .OQ (dqs_out_w[1]),  .TQ (dqs_out_en_n_w[1]));"
  The following 32-bit expression is connected to 1-bit port "D4" of module 
  "OSERDESE2", instance "u_serdes_dqs1".
  Expression: 1
  	use +lint=PCWM for more details


Warning-[PCWM-W] Port connection width mismatch
../verilog/ddr3/ddr3_dfi_phy.v, 1331
"OSERDESE2 #("DDR", "BUF", 8, , , , , , , , , , , , , , , , , "MASTER", , , , , 1, , , , ) u_serdes_dqs1( .CLK (clk_ddr90_i),  .CLKDIV (clk_i),  .D1 (0),  .D2 (0),  .D3 (1),  .D4 (1),  .D5 (1),  .D6 (1),  .D7 (0),  .D8 (0),  .OCE (1),  .RST (rst_i),  .SHIFTIN1 (0),  .SHIFTIN2 (0),  .T1 (dqs_out_en_n_q),  .T2 (dqs_out_en_n_q),  .T3 (dqs_out_en_n_q),  .T4 (dqs_out_en_n_q),  .TBYTEIN (0),  .TCE (1),  .OQ (dqs_out_w[1]),  .TQ (dqs_out_en_n_w[1]));"
  The following 32-bit expression is connected to 1-bit port "D5" of module 
  "OSERDESE2", instance "u_serdes_dqs1".
  Expression: 1
  	use +lint=PCWM for more details


Warning-[PCWM-W] Port connection width mismatch
../verilog/ddr3/ddr3_dfi_phy.v, 1331
"OSERDESE2 #("DDR", "BUF", 8, , , , , , , , , , , , , , , , , "MASTER", , , , , 1, , , , ) u_serdes_dqs1( .CLK (clk_ddr90_i),  .CLKDIV (clk_i),  .D1 (0),  .D2 (0),  .D3 (1),  .D4 (1),  .D5 (1),  .D6 (1),  .D7 (0),  .D8 (0),  .OCE (1),  .RST (rst_i),  .SHIFTIN1 (0),  .SHIFTIN2 (0),  .T1 (dqs_out_en_n_q),  .T2 (dqs_out_en_n_q),  .T3 (dqs_out_en_n_q),  .T4 (dqs_out_en_n_q),  .TBYTEIN (0),  .TCE (1),  .OQ (dqs_out_w[1]),  .TQ (dqs_out_en_n_w[1]));"
  The following 32-bit expression is connected to 1-bit port "D6" of module 
  "OSERDESE2", instance "u_serdes_dqs1".
  Expression: 1
  	use +lint=PCWM for more details


Warning-[PCWM-W] Port connection width mismatch
../verilog/ddr3/ddr3_dfi_phy.v, 1331
"OSERDESE2 #("DDR", "BUF", 8, , , , , , , , , , , , , , , , , "MASTER", , , , , 1, , , , ) u_serdes_dqs1( .CLK (clk_ddr90_i),  .CLKDIV (clk_i),  .D1 (0),  .D2 (0),  .D3 (1),  .D4 (1),  .D5 (1),  .D6 (1),  .D7 (0),  .D8 (0),  .OCE (1),  .RST (rst_i),  .SHIFTIN1 (0),  .SHIFTIN2 (0),  .T1 (dqs_out_en_n_q),  .T2 (dqs_out_en_n_q),  .T3 (dqs_out_en_n_q),  .T4 (dqs_out_en_n_q),  .TBYTEIN (0),  .TCE (1),  .OQ (dqs_out_w[1]),  .TQ (dqs_out_en_n_w[1]));"
  The following 32-bit expression is connected to 1-bit port "D7" of module 
  "OSERDESE2", instance "u_serdes_dqs1".
  Expression: 0
  	use +lint=PCWM for more details


Warning-[PCWM-W] Port connection width mismatch
../verilog/ddr3/ddr3_dfi_phy.v, 1331
"OSERDESE2 #("DDR", "BUF", 8, , , , , , , , , , , , , , , , , "MASTER", , , , , 1, , , , ) u_serdes_dqs1( .CLK (clk_ddr90_i),  .CLKDIV (clk_i),  .D1 (0),  .D2 (0),  .D3 (1),  .D4 (1),  .D5 (1),  .D6 (1),  .D7 (0),  .D8 (0),  .OCE (1),  .RST (rst_i),  .SHIFTIN1 (0),  .SHIFTIN2 (0),  .T1 (dqs_out_en_n_q),  .T2 (dqs_out_en_n_q),  .T3 (dqs_out_en_n_q),  .T4 (dqs_out_en_n_q),  .TBYTEIN (0),  .TCE (1),  .OQ (dqs_out_w[1]),  .TQ (dqs_out_en_n_w[1]));"
  The following 32-bit expression is connected to 1-bit port "D8" of module 
  "OSERDESE2", instance "u_serdes_dqs1".
  Expression: 0
  	use +lint=PCWM for more details


Warning-[PCWM-W] Port connection width mismatch
../verilog/ddr3/ddr3_dfi_phy.v, 1331
"OSERDESE2 #("DDR", "BUF", 8, , , , , , , , , , , , , , , , , "MASTER", , , , , 1, , , , ) u_serdes_dqs1( .CLK (clk_ddr90_i),  .CLKDIV (clk_i),  .D1 (0),  .D2 (0),  .D3 (1),  .D4 (1),  .D5 (1),  .D6 (1),  .D7 (0),  .D8 (0),  .OCE (1),  .RST (rst_i),  .SHIFTIN1 (0),  .SHIFTIN2 (0),  .T1 (dqs_out_en_n_q),  .T2 (dqs_out_en_n_q),  .T3 (dqs_out_en_n_q),  .T4 (dqs_out_en_n_q),  .TBYTEIN (0),  .TCE (1),  .OQ (dqs_out_w[1]),  .TQ (dqs_out_en_n_w[1]));"
  The following 32-bit expression is connected to 1-bit port "OCE" of module 
  "OSERDESE2", instance "u_serdes_dqs1".
  Expression: 1
  	use +lint=PCWM for more details


Warning-[PCWM-W] Port connection width mismatch
../verilog/ddr3/ddr3_dfi_phy.v, 1331
"OSERDESE2 #("DDR", "BUF", 8, , , , , , , , , , , , , , , , , "MASTER", , , , , 1, , , , ) u_serdes_dqs1( .CLK (clk_ddr90_i),  .CLKDIV (clk_i),  .D1 (0),  .D2 (0),  .D3 (1),  .D4 (1),  .D5 (1),  .D6 (1),  .D7 (0),  .D8 (0),  .OCE (1),  .RST (rst_i),  .SHIFTIN1 (0),  .SHIFTIN2 (0),  .T1 (dqs_out_en_n_q),  .T2 (dqs_out_en_n_q),  .T3 (dqs_out_en_n_q),  .T4 (dqs_out_en_n_q),  .TBYTEIN (0),  .TCE (1),  .OQ (dqs_out_w[1]),  .TQ (dqs_out_en_n_w[1]));"
  The following 32-bit expression is connected to 1-bit port "SHIFTIN1" of 
  module "OSERDESE2", instance "u_serdes_dqs1".
  Expression: 0
  	use +lint=PCWM for more details


Warning-[PCWM-W] Port connection width mismatch
../verilog/ddr3/ddr3_dfi_phy.v, 1331
"OSERDESE2 #("DDR", "BUF", 8, , , , , , , , , , , , , , , , , "MASTER", , , , , 1, , , , ) u_serdes_dqs1( .CLK (clk_ddr90_i),  .CLKDIV (clk_i),  .D1 (0),  .D2 (0),  .D3 (1),  .D4 (1),  .D5 (1),  .D6 (1),  .D7 (0),  .D8 (0),  .OCE (1),  .RST (rst_i),  .SHIFTIN1 (0),  .SHIFTIN2 (0),  .T1 (dqs_out_en_n_q),  .T2 (dqs_out_en_n_q),  .T3 (dqs_out_en_n_q),  .T4 (dqs_out_en_n_q),  .TBYTEIN (0),  .TCE (1),  .OQ (dqs_out_w[1]),  .TQ (dqs_out_en_n_w[1]));"
  The following 32-bit expression is connected to 1-bit port "SHIFTIN2" of 
  module "OSERDESE2", instance "u_serdes_dqs1".
  Expression: 0
  	use +lint=PCWM for more details


Warning-[PCWM-W] Port connection width mismatch
../verilog/ddr3/ddr3_dfi_phy.v, 1331
"OSERDESE2 #("DDR", "BUF", 8, , , , , , , , , , , , , , , , , "MASTER", , , , , 1, , , , ) u_serdes_dqs1( .CLK (clk_ddr90_i),  .CLKDIV (clk_i),  .D1 (0),  .D2 (0),  .D3 (1),  .D4 (1),  .D5 (1),  .D6 (1),  .D7 (0),  .D8 (0),  .OCE (1),  .RST (rst_i),  .SHIFTIN1 (0),  .SHIFTIN2 (0),  .T1 (dqs_out_en_n_q),  .T2 (dqs_out_en_n_q),  .T3 (dqs_out_en_n_q),  .T4 (dqs_out_en_n_q),  .TBYTEIN (0),  .TCE (1),  .OQ (dqs_out_w[1]),  .TQ (dqs_out_en_n_w[1]));"
  The following 32-bit expression is connected to 1-bit port "TBYTEIN" of 
  module "OSERDESE2", instance "u_serdes_dqs1".
  Expression: 0
  	use +lint=PCWM for more details


Warning-[PCWM-W] Port connection width mismatch
../verilog/ddr3/ddr3_dfi_phy.v, 1331
"OSERDESE2 #("DDR", "BUF", 8, , , , , , , , , , , , , , , , , "MASTER", , , , , 1, , , , ) u_serdes_dqs1( .CLK (clk_ddr90_i),  .CLKDIV (clk_i),  .D1 (0),  .D2 (0),  .D3 (1),  .D4 (1),  .D5 (1),  .D6 (1),  .D7 (0),  .D8 (0),  .OCE (1),  .RST (rst_i),  .SHIFTIN1 (0),  .SHIFTIN2 (0),  .T1 (dqs_out_en_n_q),  .T2 (dqs_out_en_n_q),  .T3 (dqs_out_en_n_q),  .T4 (dqs_out_en_n_q),  .TBYTEIN (0),  .TCE (1),  .OQ (dqs_out_w[1]),  .TQ (dqs_out_en_n_w[1]));"
  The following 32-bit expression is connected to 1-bit port "TCE" of module 
  "OSERDESE2", instance "u_serdes_dqs1".
  Expression: 1
  	use +lint=PCWM for more details


Warning-[PCWM-W] Port connection width mismatch
../verilog/ddr3/ddr3_dfi_phy.v, 1478
"ISERDESE2 #("DDR", 4, , , , , , , "MEMORY", "IFD", , , , , , , , 1, , "MASTER", , , , , , , , ) u_serdes_dq_in0( .CLK (dqs_delayed_w[0]),  .CLKB ((~dqs_delayed_w[0])),  .OCLK (clk_ddr_i),  .OCLKB ((~clk_ddr_i)),  .CLKDIV (clk_i),  .RST (rst_i),  .BITSLIP (0),  .CE1 (1'b1),  .DDLY (dq_delayed_w[0]),  .D (1'b0),  .Q4 (rd_dq0_in_w[3]),  .Q3 (rd_dq0_in_w[2]),  .Q2 (rd_dq0_in_w[1]),  .Q1 (rd_dq0_in_w[0]),  .CE2 (1'b0),  .CLKDIVP (0),  .DYNCLKDIVSEL (0),  .DYNCLKSEL (0),  .OFB (0),  .SHIFTIN1 (0),  .SHIFTIN2 (0));"
  The following 32-bit expression is connected to 1-bit port "BITSLIP" of 
  module "ISERDESE2", instance "u_serdes_dq_in0".
  Expression: 0
  	use +lint=PCWM for more details


Warning-[PCWM-W] Port connection width mismatch
../verilog/ddr3/ddr3_dfi_phy.v, 1478
"ISERDESE2 #("DDR", 4, , , , , , , "MEMORY", "IFD", , , , , , , , 1, , "MASTER", , , , , , , , ) u_serdes_dq_in0( .CLK (dqs_delayed_w[0]),  .CLKB ((~dqs_delayed_w[0])),  .OCLK (clk_ddr_i),  .OCLKB ((~clk_ddr_i)),  .CLKDIV (clk_i),  .RST (rst_i),  .BITSLIP (0),  .CE1 (1'b1),  .DDLY (dq_delayed_w[0]),  .D (1'b0),  .Q4 (rd_dq0_in_w[3]),  .Q3 (rd_dq0_in_w[2]),  .Q2 (rd_dq0_in_w[1]),  .Q1 (rd_dq0_in_w[0]),  .CE2 (1'b0),  .CLKDIVP (0),  .DYNCLKDIVSEL (0),  .DYNCLKSEL (0),  .OFB (0),  .SHIFTIN1 (0),  .SHIFTIN2 (0));"
  The following 32-bit expression is connected to 1-bit port "CLKDIVP" of 
  module "ISERDESE2", instance "u_serdes_dq_in0".
  Expression: 0
  	use +lint=PCWM for more details


Warning-[PCWM-W] Port connection width mismatch
../verilog/ddr3/ddr3_dfi_phy.v, 1478
"ISERDESE2 #("DDR", 4, , , , , , , "MEMORY", "IFD", , , , , , , , 1, , "MASTER", , , , , , , , ) u_serdes_dq_in0( .CLK (dqs_delayed_w[0]),  .CLKB ((~dqs_delayed_w[0])),  .OCLK (clk_ddr_i),  .OCLKB ((~clk_ddr_i)),  .CLKDIV (clk_i),  .RST (rst_i),  .BITSLIP (0),  .CE1 (1'b1),  .DDLY (dq_delayed_w[0]),  .D (1'b0),  .Q4 (rd_dq0_in_w[3]),  .Q3 (rd_dq0_in_w[2]),  .Q2 (rd_dq0_in_w[1]),  .Q1 (rd_dq0_in_w[0]),  .CE2 (1'b0),  .CLKDIVP (0),  .DYNCLKDIVSEL (0),  .DYNCLKSEL (0),  .OFB (0),  .SHIFTIN1 (0),  .SHIFTIN2 (0));"
  The following 32-bit expression is connected to 1-bit port "DYNCLKDIVSEL" of
  module "ISERDESE2", instance "u_serdes_dq_in0".
  Expression: 0
  	use +lint=PCWM for more details


Warning-[PCWM-W] Port connection width mismatch
../verilog/ddr3/ddr3_dfi_phy.v, 1478
"ISERDESE2 #("DDR", 4, , , , , , , "MEMORY", "IFD", , , , , , , , 1, , "MASTER", , , , , , , , ) u_serdes_dq_in0( .CLK (dqs_delayed_w[0]),  .CLKB ((~dqs_delayed_w[0])),  .OCLK (clk_ddr_i),  .OCLKB ((~clk_ddr_i)),  .CLKDIV (clk_i),  .RST (rst_i),  .BITSLIP (0),  .CE1 (1'b1),  .DDLY (dq_delayed_w[0]),  .D (1'b0),  .Q4 (rd_dq0_in_w[3]),  .Q3 (rd_dq0_in_w[2]),  .Q2 (rd_dq0_in_w[1]),  .Q1 (rd_dq0_in_w[0]),  .CE2 (1'b0),  .CLKDIVP (0),  .DYNCLKDIVSEL (0),  .DYNCLKSEL (0),  .OFB (0),  .SHIFTIN1 (0),  .SHIFTIN2 (0));"
  The following 32-bit expression is connected to 1-bit port "DYNCLKSEL" of 
  module "ISERDESE2", instance "u_serdes_dq_in0".
  Expression: 0
  	use +lint=PCWM for more details


Warning-[PCWM-W] Port connection width mismatch
../verilog/ddr3/ddr3_dfi_phy.v, 1478
"ISERDESE2 #("DDR", 4, , , , , , , "MEMORY", "IFD", , , , , , , , 1, , "MASTER", , , , , , , , ) u_serdes_dq_in0( .CLK (dqs_delayed_w[0]),  .CLKB ((~dqs_delayed_w[0])),  .OCLK (clk_ddr_i),  .OCLKB ((~clk_ddr_i)),  .CLKDIV (clk_i),  .RST (rst_i),  .BITSLIP (0),  .CE1 (1'b1),  .DDLY (dq_delayed_w[0]),  .D (1'b0),  .Q4 (rd_dq0_in_w[3]),  .Q3 (rd_dq0_in_w[2]),  .Q2 (rd_dq0_in_w[1]),  .Q1 (rd_dq0_in_w[0]),  .CE2 (1'b0),  .CLKDIVP (0),  .DYNCLKDIVSEL (0),  .DYNCLKSEL (0),  .OFB (0),  .SHIFTIN1 (0),  .SHIFTIN2 (0));"
  The following 32-bit expression is connected to 1-bit port "OFB" of module 
  "ISERDESE2", instance "u_serdes_dq_in0".
  Expression: 0
  	use +lint=PCWM for more details


Warning-[PCWM-W] Port connection width mismatch
../verilog/ddr3/ddr3_dfi_phy.v, 1478
"ISERDESE2 #("DDR", 4, , , , , , , "MEMORY", "IFD", , , , , , , , 1, , "MASTER", , , , , , , , ) u_serdes_dq_in0( .CLK (dqs_delayed_w[0]),  .CLKB ((~dqs_delayed_w[0])),  .OCLK (clk_ddr_i),  .OCLKB ((~clk_ddr_i)),  .CLKDIV (clk_i),  .RST (rst_i),  .BITSLIP (0),  .CE1 (1'b1),  .DDLY (dq_delayed_w[0]),  .D (1'b0),  .Q4 (rd_dq0_in_w[3]),  .Q3 (rd_dq0_in_w[2]),  .Q2 (rd_dq0_in_w[1]),  .Q1 (rd_dq0_in_w[0]),  .CE2 (1'b0),  .CLKDIVP (0),  .DYNCLKDIVSEL (0),  .DYNCLKSEL (0),  .OFB (0),  .SHIFTIN1 (0),  .SHIFTIN2 (0));"
  The following 32-bit expression is connected to 1-bit port "SHIFTIN1" of 
  module "ISERDESE2", instance "u_serdes_dq_in0".
  Expression: 0
  	use +lint=PCWM for more details


Warning-[PCWM-W] Port connection width mismatch
../verilog/ddr3/ddr3_dfi_phy.v, 1478
"ISERDESE2 #("DDR", 4, , , , , , , "MEMORY", "IFD", , , , , , , , 1, , "MASTER", , , , , , , , ) u_serdes_dq_in0( .CLK (dqs_delayed_w[0]),  .CLKB ((~dqs_delayed_w[0])),  .OCLK (clk_ddr_i),  .OCLKB ((~clk_ddr_i)),  .CLKDIV (clk_i),  .RST (rst_i),  .BITSLIP (0),  .CE1 (1'b1),  .DDLY (dq_delayed_w[0]),  .D (1'b0),  .Q4 (rd_dq0_in_w[3]),  .Q3 (rd_dq0_in_w[2]),  .Q2 (rd_dq0_in_w[1]),  .Q1 (rd_dq0_in_w[0]),  .CE2 (1'b0),  .CLKDIVP (0),  .DYNCLKDIVSEL (0),  .DYNCLKSEL (0),  .OFB (0),  .SHIFTIN1 (0),  .SHIFTIN2 (0));"
  The following 32-bit expression is connected to 1-bit port "SHIFTIN2" of 
  module "ISERDESE2", instance "u_serdes_dq_in0".
  Expression: 0
  	use +lint=PCWM for more details


Warning-[PCWM-W] Port connection width mismatch
../verilog/ddr3/ddr3_dfi_phy.v, 1555
"ISERDESE2 #("DDR", 4, , , , , , , "MEMORY", "IFD", , , , , , , , 1, , "MASTER", , , , , , , , ) u_serdes_dq_in1( .CLK (dqs_delayed_w[0]),  .CLKB ((~dqs_delayed_w[0])),  .OCLK (clk_ddr_i),  .OCLKB ((~clk_ddr_i)),  .CLKDIV (clk_i),  .RST (rst_i),  .BITSLIP (0),  .CE1 (1'b1),  .DDLY (dq_delayed_w[1]),  .D (1'b0),  .Q4 (rd_dq1_in_w[3]),  .Q3 (rd_dq1_in_w[2]),  .Q2 (rd_dq1_in_w[1]),  .Q1 (rd_dq1_in_w[0]),  .CE2 (1'b0),  .CLKDIVP (0),  .DYNCLKDIVSEL (0),  .DYNCLKSEL (0),  .OFB (0),  .SHIFTIN1 (0),  .SHIFTIN2 (0));"
  The following 32-bit expression is connected to 1-bit port "BITSLIP" of 
  module "ISERDESE2", instance "u_serdes_dq_in1".
  Expression: 0
  	use +lint=PCWM for more details


Warning-[PCWM-W] Port connection width mismatch
../verilog/ddr3/ddr3_dfi_phy.v, 1555
"ISERDESE2 #("DDR", 4, , , , , , , "MEMORY", "IFD", , , , , , , , 1, , "MASTER", , , , , , , , ) u_serdes_dq_in1( .CLK (dqs_delayed_w[0]),  .CLKB ((~dqs_delayed_w[0])),  .OCLK (clk_ddr_i),  .OCLKB ((~clk_ddr_i)),  .CLKDIV (clk_i),  .RST (rst_i),  .BITSLIP (0),  .CE1 (1'b1),  .DDLY (dq_delayed_w[1]),  .D (1'b0),  .Q4 (rd_dq1_in_w[3]),  .Q3 (rd_dq1_in_w[2]),  .Q2 (rd_dq1_in_w[1]),  .Q1 (rd_dq1_in_w[0]),  .CE2 (1'b0),  .CLKDIVP (0),  .DYNCLKDIVSEL (0),  .DYNCLKSEL (0),  .OFB (0),  .SHIFTIN1 (0),  .SHIFTIN2 (0));"
  The following 32-bit expression is connected to 1-bit port "CLKDIVP" of 
  module "ISERDESE2", instance "u_serdes_dq_in1".
  Expression: 0
  	use +lint=PCWM for more details


Warning-[PCWM-W] Port connection width mismatch
../verilog/ddr3/ddr3_dfi_phy.v, 1555
"ISERDESE2 #("DDR", 4, , , , , , , "MEMORY", "IFD", , , , , , , , 1, , "MASTER", , , , , , , , ) u_serdes_dq_in1( .CLK (dqs_delayed_w[0]),  .CLKB ((~dqs_delayed_w[0])),  .OCLK (clk_ddr_i),  .OCLKB ((~clk_ddr_i)),  .CLKDIV (clk_i),  .RST (rst_i),  .BITSLIP (0),  .CE1 (1'b1),  .DDLY (dq_delayed_w[1]),  .D (1'b0),  .Q4 (rd_dq1_in_w[3]),  .Q3 (rd_dq1_in_w[2]),  .Q2 (rd_dq1_in_w[1]),  .Q1 (rd_dq1_in_w[0]),  .CE2 (1'b0),  .CLKDIVP (0),  .DYNCLKDIVSEL (0),  .DYNCLKSEL (0),  .OFB (0),  .SHIFTIN1 (0),  .SHIFTIN2 (0));"
  The following 32-bit expression is connected to 1-bit port "DYNCLKDIVSEL" of
  module "ISERDESE2", instance "u_serdes_dq_in1".
  Expression: 0
  	use +lint=PCWM for more details


Warning-[PCWM-W] Port connection width mismatch
../verilog/ddr3/ddr3_dfi_phy.v, 1555
"ISERDESE2 #("DDR", 4, , , , , , , "MEMORY", "IFD", , , , , , , , 1, , "MASTER", , , , , , , , ) u_serdes_dq_in1( .CLK (dqs_delayed_w[0]),  .CLKB ((~dqs_delayed_w[0])),  .OCLK (clk_ddr_i),  .OCLKB ((~clk_ddr_i)),  .CLKDIV (clk_i),  .RST (rst_i),  .BITSLIP (0),  .CE1 (1'b1),  .DDLY (dq_delayed_w[1]),  .D (1'b0),  .Q4 (rd_dq1_in_w[3]),  .Q3 (rd_dq1_in_w[2]),  .Q2 (rd_dq1_in_w[1]),  .Q1 (rd_dq1_in_w[0]),  .CE2 (1'b0),  .CLKDIVP (0),  .DYNCLKDIVSEL (0),  .DYNCLKSEL (0),  .OFB (0),  .SHIFTIN1 (0),  .SHIFTIN2 (0));"
  The following 32-bit expression is connected to 1-bit port "DYNCLKSEL" of 
  module "ISERDESE2", instance "u_serdes_dq_in1".
  Expression: 0
  	use +lint=PCWM for more details


Warning-[PCWM-W] Port connection width mismatch
../verilog/ddr3/ddr3_dfi_phy.v, 1555
"ISERDESE2 #("DDR", 4, , , , , , , "MEMORY", "IFD", , , , , , , , 1, , "MASTER", , , , , , , , ) u_serdes_dq_in1( .CLK (dqs_delayed_w[0]),  .CLKB ((~dqs_delayed_w[0])),  .OCLK (clk_ddr_i),  .OCLKB ((~clk_ddr_i)),  .CLKDIV (clk_i),  .RST (rst_i),  .BITSLIP (0),  .CE1 (1'b1),  .DDLY (dq_delayed_w[1]),  .D (1'b0),  .Q4 (rd_dq1_in_w[3]),  .Q3 (rd_dq1_in_w[2]),  .Q2 (rd_dq1_in_w[1]),  .Q1 (rd_dq1_in_w[0]),  .CE2 (1'b0),  .CLKDIVP (0),  .DYNCLKDIVSEL (0),  .DYNCLKSEL (0),  .OFB (0),  .SHIFTIN1 (0),  .SHIFTIN2 (0));"
  The following 32-bit expression is connected to 1-bit port "OFB" of module 
  "ISERDESE2", instance "u_serdes_dq_in1".
  Expression: 0
  	use +lint=PCWM for more details


Warning-[PCWM-W] Port connection width mismatch
../verilog/ddr3/ddr3_dfi_phy.v, 1555
"ISERDESE2 #("DDR", 4, , , , , , , "MEMORY", "IFD", , , , , , , , 1, , "MASTER", , , , , , , , ) u_serdes_dq_in1( .CLK (dqs_delayed_w[0]),  .CLKB ((~dqs_delayed_w[0])),  .OCLK (clk_ddr_i),  .OCLKB ((~clk_ddr_i)),  .CLKDIV (clk_i),  .RST (rst_i),  .BITSLIP (0),  .CE1 (1'b1),  .DDLY (dq_delayed_w[1]),  .D (1'b0),  .Q4 (rd_dq1_in_w[3]),  .Q3 (rd_dq1_in_w[2]),  .Q2 (rd_dq1_in_w[1]),  .Q1 (rd_dq1_in_w[0]),  .CE2 (1'b0),  .CLKDIVP (0),  .DYNCLKDIVSEL (0),  .DYNCLKSEL (0),  .OFB (0),  .SHIFTIN1 (0),  .SHIFTIN2 (0));"
  The following 32-bit expression is connected to 1-bit port "SHIFTIN1" of 
  module "ISERDESE2", instance "u_serdes_dq_in1".
  Expression: 0
  	use +lint=PCWM for more details


Warning-[PCWM-W] Port connection width mismatch
../verilog/ddr3/ddr3_dfi_phy.v, 1555
"ISERDESE2 #("DDR", 4, , , , , , , "MEMORY", "IFD", , , , , , , , 1, , "MASTER", , , , , , , , ) u_serdes_dq_in1( .CLK (dqs_delayed_w[0]),  .CLKB ((~dqs_delayed_w[0])),  .OCLK (clk_ddr_i),  .OCLKB ((~clk_ddr_i)),  .CLKDIV (clk_i),  .RST (rst_i),  .BITSLIP (0),  .CE1 (1'b1),  .DDLY (dq_delayed_w[1]),  .D (1'b0),  .Q4 (rd_dq1_in_w[3]),  .Q3 (rd_dq1_in_w[2]),  .Q2 (rd_dq1_in_w[1]),  .Q1 (rd_dq1_in_w[0]),  .CE2 (1'b0),  .CLKDIVP (0),  .DYNCLKDIVSEL (0),  .DYNCLKSEL (0),  .OFB (0),  .SHIFTIN1 (0),  .SHIFTIN2 (0));"
  The following 32-bit expression is connected to 1-bit port "SHIFTIN2" of 
  module "ISERDESE2", instance "u_serdes_dq_in1".
  Expression: 0
  	use +lint=PCWM for more details


Warning-[PCWM-W] Port connection width mismatch
../verilog/ddr3/ddr3_dfi_phy.v, 1632
"ISERDESE2 #("DDR", 4, , , , , , , "MEMORY", "IFD", , , , , , , , 1, , "MASTER", , , , , , , , ) u_serdes_dq_in2( .CLK (dqs_delayed_w[0]),  .CLKB ((~dqs_delayed_w[0])),  .OCLK (clk_ddr_i),  .OCLKB ((~clk_ddr_i)),  .CLKDIV (clk_i),  .RST (rst_i),  .BITSLIP (0),  .CE1 (1'b1),  .DDLY (dq_delayed_w[2]),  .D (1'b0),  .Q4 (rd_dq2_in_w[3]),  .Q3 (rd_dq2_in_w[2]),  .Q2 (rd_dq2_in_w[1]),  .Q1 (rd_dq2_in_w[0]),  .CE2 (1'b0),  .CLKDIVP (0),  .DYNCLKDIVSEL (0),  .DYNCLKSEL (0),  .OFB (0),  .SHIFTIN1 (0),  .SHIFTIN2 (0));"
  The following 32-bit expression is connected to 1-bit port "BITSLIP" of 
  module "ISERDESE2", instance "u_serdes_dq_in2".
  Expression: 0
  	use +lint=PCWM for more details


Warning-[PCWM-W] Port connection width mismatch
../verilog/ddr3/ddr3_dfi_phy.v, 1632
"ISERDESE2 #("DDR", 4, , , , , , , "MEMORY", "IFD", , , , , , , , 1, , "MASTER", , , , , , , , ) u_serdes_dq_in2( .CLK (dqs_delayed_w[0]),  .CLKB ((~dqs_delayed_w[0])),  .OCLK (clk_ddr_i),  .OCLKB ((~clk_ddr_i)),  .CLKDIV (clk_i),  .RST (rst_i),  .BITSLIP (0),  .CE1 (1'b1),  .DDLY (dq_delayed_w[2]),  .D (1'b0),  .Q4 (rd_dq2_in_w[3]),  .Q3 (rd_dq2_in_w[2]),  .Q2 (rd_dq2_in_w[1]),  .Q1 (rd_dq2_in_w[0]),  .CE2 (1'b0),  .CLKDIVP (0),  .DYNCLKDIVSEL (0),  .DYNCLKSEL (0),  .OFB (0),  .SHIFTIN1 (0),  .SHIFTIN2 (0));"
  The following 32-bit expression is connected to 1-bit port "CLKDIVP" of 
  module "ISERDESE2", instance "u_serdes_dq_in2".
  Expression: 0
  	use +lint=PCWM for more details


Warning-[PCWM-W] Port connection width mismatch
../verilog/ddr3/ddr3_dfi_phy.v, 1632
"ISERDESE2 #("DDR", 4, , , , , , , "MEMORY", "IFD", , , , , , , , 1, , "MASTER", , , , , , , , ) u_serdes_dq_in2( .CLK (dqs_delayed_w[0]),  .CLKB ((~dqs_delayed_w[0])),  .OCLK (clk_ddr_i),  .OCLKB ((~clk_ddr_i)),  .CLKDIV (clk_i),  .RST (rst_i),  .BITSLIP (0),  .CE1 (1'b1),  .DDLY (dq_delayed_w[2]),  .D (1'b0),  .Q4 (rd_dq2_in_w[3]),  .Q3 (rd_dq2_in_w[2]),  .Q2 (rd_dq2_in_w[1]),  .Q1 (rd_dq2_in_w[0]),  .CE2 (1'b0),  .CLKDIVP (0),  .DYNCLKDIVSEL (0),  .DYNCLKSEL (0),  .OFB (0),  .SHIFTIN1 (0),  .SHIFTIN2 (0));"
  The following 32-bit expression is connected to 1-bit port "DYNCLKDIVSEL" of
  module "ISERDESE2", instance "u_serdes_dq_in2".
  Expression: 0
  	use +lint=PCWM for more details


Warning-[PCWM-W] Port connection width mismatch
../verilog/ddr3/ddr3_dfi_phy.v, 1632
"ISERDESE2 #("DDR", 4, , , , , , , "MEMORY", "IFD", , , , , , , , 1, , "MASTER", , , , , , , , ) u_serdes_dq_in2( .CLK (dqs_delayed_w[0]),  .CLKB ((~dqs_delayed_w[0])),  .OCLK (clk_ddr_i),  .OCLKB ((~clk_ddr_i)),  .CLKDIV (clk_i),  .RST (rst_i),  .BITSLIP (0),  .CE1 (1'b1),  .DDLY (dq_delayed_w[2]),  .D (1'b0),  .Q4 (rd_dq2_in_w[3]),  .Q3 (rd_dq2_in_w[2]),  .Q2 (rd_dq2_in_w[1]),  .Q1 (rd_dq2_in_w[0]),  .CE2 (1'b0),  .CLKDIVP (0),  .DYNCLKDIVSEL (0),  .DYNCLKSEL (0),  .OFB (0),  .SHIFTIN1 (0),  .SHIFTIN2 (0));"
  The following 32-bit expression is connected to 1-bit port "DYNCLKSEL" of 
  module "ISERDESE2", instance "u_serdes_dq_in2".
  Expression: 0
  	use +lint=PCWM for more details


Warning-[PCWM-W] Port connection width mismatch
../verilog/ddr3/ddr3_dfi_phy.v, 1632
"ISERDESE2 #("DDR", 4, , , , , , , "MEMORY", "IFD", , , , , , , , 1, , "MASTER", , , , , , , , ) u_serdes_dq_in2( .CLK (dqs_delayed_w[0]),  .CLKB ((~dqs_delayed_w[0])),  .OCLK (clk_ddr_i),  .OCLKB ((~clk_ddr_i)),  .CLKDIV (clk_i),  .RST (rst_i),  .BITSLIP (0),  .CE1 (1'b1),  .DDLY (dq_delayed_w[2]),  .D (1'b0),  .Q4 (rd_dq2_in_w[3]),  .Q3 (rd_dq2_in_w[2]),  .Q2 (rd_dq2_in_w[1]),  .Q1 (rd_dq2_in_w[0]),  .CE2 (1'b0),  .CLKDIVP (0),  .DYNCLKDIVSEL (0),  .DYNCLKSEL (0),  .OFB (0),  .SHIFTIN1 (0),  .SHIFTIN2 (0));"
  The following 32-bit expression is connected to 1-bit port "OFB" of module 
  "ISERDESE2", instance "u_serdes_dq_in2".
  Expression: 0
  	use +lint=PCWM for more details


Warning-[PCWM-W] Port connection width mismatch
../verilog/ddr3/ddr3_dfi_phy.v, 1632
"ISERDESE2 #("DDR", 4, , , , , , , "MEMORY", "IFD", , , , , , , , 1, , "MASTER", , , , , , , , ) u_serdes_dq_in2( .CLK (dqs_delayed_w[0]),  .CLKB ((~dqs_delayed_w[0])),  .OCLK (clk_ddr_i),  .OCLKB ((~clk_ddr_i)),  .CLKDIV (clk_i),  .RST (rst_i),  .BITSLIP (0),  .CE1 (1'b1),  .DDLY (dq_delayed_w[2]),  .D (1'b0),  .Q4 (rd_dq2_in_w[3]),  .Q3 (rd_dq2_in_w[2]),  .Q2 (rd_dq2_in_w[1]),  .Q1 (rd_dq2_in_w[0]),  .CE2 (1'b0),  .CLKDIVP (0),  .DYNCLKDIVSEL (0),  .DYNCLKSEL (0),  .OFB (0),  .SHIFTIN1 (0),  .SHIFTIN2 (0));"
  The following 32-bit expression is connected to 1-bit port "SHIFTIN1" of 
  module "ISERDESE2", instance "u_serdes_dq_in2".
  Expression: 0
  	use +lint=PCWM for more details


Warning-[PCWM-W] Port connection width mismatch
../verilog/ddr3/ddr3_dfi_phy.v, 1632
"ISERDESE2 #("DDR", 4, , , , , , , "MEMORY", "IFD", , , , , , , , 1, , "MASTER", , , , , , , , ) u_serdes_dq_in2( .CLK (dqs_delayed_w[0]),  .CLKB ((~dqs_delayed_w[0])),  .OCLK (clk_ddr_i),  .OCLKB ((~clk_ddr_i)),  .CLKDIV (clk_i),  .RST (rst_i),  .BITSLIP (0),  .CE1 (1'b1),  .DDLY (dq_delayed_w[2]),  .D (1'b0),  .Q4 (rd_dq2_in_w[3]),  .Q3 (rd_dq2_in_w[2]),  .Q2 (rd_dq2_in_w[1]),  .Q1 (rd_dq2_in_w[0]),  .CE2 (1'b0),  .CLKDIVP (0),  .DYNCLKDIVSEL (0),  .DYNCLKSEL (0),  .OFB (0),  .SHIFTIN1 (0),  .SHIFTIN2 (0));"
  The following 32-bit expression is connected to 1-bit port "SHIFTIN2" of 
  module "ISERDESE2", instance "u_serdes_dq_in2".
  Expression: 0
  	use +lint=PCWM for more details


Warning-[PCWM-W] Port connection width mismatch
../verilog/ddr3/ddr3_dfi_phy.v, 1709
"ISERDESE2 #("DDR", 4, , , , , , , "MEMORY", "IFD", , , , , , , , 1, , "MASTER", , , , , , , , ) u_serdes_dq_in3( .CLK (dqs_delayed_w[0]),  .CLKB ((~dqs_delayed_w[0])),  .OCLK (clk_ddr_i),  .OCLKB ((~clk_ddr_i)),  .CLKDIV (clk_i),  .RST (rst_i),  .BITSLIP (0),  .CE1 (1'b1),  .DDLY (dq_delayed_w[3]),  .D (1'b0),  .Q4 (rd_dq3_in_w[3]),  .Q3 (rd_dq3_in_w[2]),  .Q2 (rd_dq3_in_w[1]),  .Q1 (rd_dq3_in_w[0]),  .CE2 (1'b0),  .CLKDIVP (0),  .DYNCLKDIVSEL (0),  .DYNCLKSEL (0),  .OFB (0),  .SHIFTIN1 (0),  .SHIFTIN2 (0));"
  The following 32-bit expression is connected to 1-bit port "BITSLIP" of 
  module "ISERDESE2", instance "u_serdes_dq_in3".
  Expression: 0
  	use +lint=PCWM for more details


Warning-[PCWM-W] Port connection width mismatch
../verilog/ddr3/ddr3_dfi_phy.v, 1709
"ISERDESE2 #("DDR", 4, , , , , , , "MEMORY", "IFD", , , , , , , , 1, , "MASTER", , , , , , , , ) u_serdes_dq_in3( .CLK (dqs_delayed_w[0]),  .CLKB ((~dqs_delayed_w[0])),  .OCLK (clk_ddr_i),  .OCLKB ((~clk_ddr_i)),  .CLKDIV (clk_i),  .RST (rst_i),  .BITSLIP (0),  .CE1 (1'b1),  .DDLY (dq_delayed_w[3]),  .D (1'b0),  .Q4 (rd_dq3_in_w[3]),  .Q3 (rd_dq3_in_w[2]),  .Q2 (rd_dq3_in_w[1]),  .Q1 (rd_dq3_in_w[0]),  .CE2 (1'b0),  .CLKDIVP (0),  .DYNCLKDIVSEL (0),  .DYNCLKSEL (0),  .OFB (0),  .SHIFTIN1 (0),  .SHIFTIN2 (0));"
  The following 32-bit expression is connected to 1-bit port "CLKDIVP" of 
  module "ISERDESE2", instance "u_serdes_dq_in3".
  Expression: 0
  	use +lint=PCWM for more details


Warning-[PCWM-W] Port connection width mismatch
../verilog/ddr3/ddr3_dfi_phy.v, 1709
"ISERDESE2 #("DDR", 4, , , , , , , "MEMORY", "IFD", , , , , , , , 1, , "MASTER", , , , , , , , ) u_serdes_dq_in3( .CLK (dqs_delayed_w[0]),  .CLKB ((~dqs_delayed_w[0])),  .OCLK (clk_ddr_i),  .OCLKB ((~clk_ddr_i)),  .CLKDIV (clk_i),  .RST (rst_i),  .BITSLIP (0),  .CE1 (1'b1),  .DDLY (dq_delayed_w[3]),  .D (1'b0),  .Q4 (rd_dq3_in_w[3]),  .Q3 (rd_dq3_in_w[2]),  .Q2 (rd_dq3_in_w[1]),  .Q1 (rd_dq3_in_w[0]),  .CE2 (1'b0),  .CLKDIVP (0),  .DYNCLKDIVSEL (0),  .DYNCLKSEL (0),  .OFB (0),  .SHIFTIN1 (0),  .SHIFTIN2 (0));"
  The following 32-bit expression is connected to 1-bit port "DYNCLKDIVSEL" of
  module "ISERDESE2", instance "u_serdes_dq_in3".
  Expression: 0
  	use +lint=PCWM for more details


Warning-[PCWM-W] Port connection width mismatch
../verilog/ddr3/ddr3_dfi_phy.v, 1709
"ISERDESE2 #("DDR", 4, , , , , , , "MEMORY", "IFD", , , , , , , , 1, , "MASTER", , , , , , , , ) u_serdes_dq_in3( .CLK (dqs_delayed_w[0]),  .CLKB ((~dqs_delayed_w[0])),  .OCLK (clk_ddr_i),  .OCLKB ((~clk_ddr_i)),  .CLKDIV (clk_i),  .RST (rst_i),  .BITSLIP (0),  .CE1 (1'b1),  .DDLY (dq_delayed_w[3]),  .D (1'b0),  .Q4 (rd_dq3_in_w[3]),  .Q3 (rd_dq3_in_w[2]),  .Q2 (rd_dq3_in_w[1]),  .Q1 (rd_dq3_in_w[0]),  .CE2 (1'b0),  .CLKDIVP (0),  .DYNCLKDIVSEL (0),  .DYNCLKSEL (0),  .OFB (0),  .SHIFTIN1 (0),  .SHIFTIN2 (0));"
  The following 32-bit expression is connected to 1-bit port "DYNCLKSEL" of 
  module "ISERDESE2", instance "u_serdes_dq_in3".
  Expression: 0
  	use +lint=PCWM for more details


Warning-[PCWM-W] Port connection width mismatch
../verilog/ddr3/ddr3_dfi_phy.v, 1709
"ISERDESE2 #("DDR", 4, , , , , , , "MEMORY", "IFD", , , , , , , , 1, , "MASTER", , , , , , , , ) u_serdes_dq_in3( .CLK (dqs_delayed_w[0]),  .CLKB ((~dqs_delayed_w[0])),  .OCLK (clk_ddr_i),  .OCLKB ((~clk_ddr_i)),  .CLKDIV (clk_i),  .RST (rst_i),  .BITSLIP (0),  .CE1 (1'b1),  .DDLY (dq_delayed_w[3]),  .D (1'b0),  .Q4 (rd_dq3_in_w[3]),  .Q3 (rd_dq3_in_w[2]),  .Q2 (rd_dq3_in_w[1]),  .Q1 (rd_dq3_in_w[0]),  .CE2 (1'b0),  .CLKDIVP (0),  .DYNCLKDIVSEL (0),  .DYNCLKSEL (0),  .OFB (0),  .SHIFTIN1 (0),  .SHIFTIN2 (0));"
  The following 32-bit expression is connected to 1-bit port "OFB" of module 
  "ISERDESE2", instance "u_serdes_dq_in3".
  Expression: 0
  	use +lint=PCWM for more details


Warning-[PCWM-W] Port connection width mismatch
../verilog/ddr3/ddr3_dfi_phy.v, 1709
"ISERDESE2 #("DDR", 4, , , , , , , "MEMORY", "IFD", , , , , , , , 1, , "MASTER", , , , , , , , ) u_serdes_dq_in3( .CLK (dqs_delayed_w[0]),  .CLKB ((~dqs_delayed_w[0])),  .OCLK (clk_ddr_i),  .OCLKB ((~clk_ddr_i)),  .CLKDIV (clk_i),  .RST (rst_i),  .BITSLIP (0),  .CE1 (1'b1),  .DDLY (dq_delayed_w[3]),  .D (1'b0),  .Q4 (rd_dq3_in_w[3]),  .Q3 (rd_dq3_in_w[2]),  .Q2 (rd_dq3_in_w[1]),  .Q1 (rd_dq3_in_w[0]),  .CE2 (1'b0),  .CLKDIVP (0),  .DYNCLKDIVSEL (0),  .DYNCLKSEL (0),  .OFB (0),  .SHIFTIN1 (0),  .SHIFTIN2 (0));"
  The following 32-bit expression is connected to 1-bit port "SHIFTIN1" of 
  module "ISERDESE2", instance "u_serdes_dq_in3".
  Expression: 0
  	use +lint=PCWM for more details


Warning-[PCWM-W] Port connection width mismatch
../verilog/ddr3/ddr3_dfi_phy.v, 1709
"ISERDESE2 #("DDR", 4, , , , , , , "MEMORY", "IFD", , , , , , , , 1, , "MASTER", , , , , , , , ) u_serdes_dq_in3( .CLK (dqs_delayed_w[0]),  .CLKB ((~dqs_delayed_w[0])),  .OCLK (clk_ddr_i),  .OCLKB ((~clk_ddr_i)),  .CLKDIV (clk_i),  .RST (rst_i),  .BITSLIP (0),  .CE1 (1'b1),  .DDLY (dq_delayed_w[3]),  .D (1'b0),  .Q4 (rd_dq3_in_w[3]),  .Q3 (rd_dq3_in_w[2]),  .Q2 (rd_dq3_in_w[1]),  .Q1 (rd_dq3_in_w[0]),  .CE2 (1'b0),  .CLKDIVP (0),  .DYNCLKDIVSEL (0),  .DYNCLKSEL (0),  .OFB (0),  .SHIFTIN1 (0),  .SHIFTIN2 (0));"
  The following 32-bit expression is connected to 1-bit port "SHIFTIN2" of 
  module "ISERDESE2", instance "u_serdes_dq_in3".
  Expression: 0
  	use +lint=PCWM for more details


Warning-[PCWM-W] Port connection width mismatch
../verilog/ddr3/ddr3_dfi_phy.v, 1786
"ISERDESE2 #("DDR", 4, , , , , , , "MEMORY", "IFD", , , , , , , , 1, , "MASTER", , , , , , , , ) u_serdes_dq_in4( .CLK (dqs_delayed_w[0]),  .CLKB ((~dqs_delayed_w[0])),  .OCLK (clk_ddr_i),  .OCLKB ((~clk_ddr_i)),  .CLKDIV (clk_i),  .RST (rst_i),  .BITSLIP (0),  .CE1 (1'b1),  .DDLY (dq_delayed_w[4]),  .D (1'b0),  .Q4 (rd_dq4_in_w[3]),  .Q3 (rd_dq4_in_w[2]),  .Q2 (rd_dq4_in_w[1]),  .Q1 (rd_dq4_in_w[0]),  .CE2 (1'b0),  .CLKDIVP (0),  .DYNCLKDIVSEL (0),  .DYNCLKSEL (0),  .OFB (0),  .SHIFTIN1 (0),  .SHIFTIN2 (0));"
  The following 32-bit expression is connected to 1-bit port "BITSLIP" of 
  module "ISERDESE2", instance "u_serdes_dq_in4".
  Expression: 0
  	use +lint=PCWM for more details


Warning-[PCWM-W] Port connection width mismatch
../verilog/ddr3/ddr3_dfi_phy.v, 1786
"ISERDESE2 #("DDR", 4, , , , , , , "MEMORY", "IFD", , , , , , , , 1, , "MASTER", , , , , , , , ) u_serdes_dq_in4( .CLK (dqs_delayed_w[0]),  .CLKB ((~dqs_delayed_w[0])),  .OCLK (clk_ddr_i),  .OCLKB ((~clk_ddr_i)),  .CLKDIV (clk_i),  .RST (rst_i),  .BITSLIP (0),  .CE1 (1'b1),  .DDLY (dq_delayed_w[4]),  .D (1'b0),  .Q4 (rd_dq4_in_w[3]),  .Q3 (rd_dq4_in_w[2]),  .Q2 (rd_dq4_in_w[1]),  .Q1 (rd_dq4_in_w[0]),  .CE2 (1'b0),  .CLKDIVP (0),  .DYNCLKDIVSEL (0),  .DYNCLKSEL (0),  .OFB (0),  .SHIFTIN1 (0),  .SHIFTIN2 (0));"
  The following 32-bit expression is connected to 1-bit port "CLKDIVP" of 
  module "ISERDESE2", instance "u_serdes_dq_in4".
  Expression: 0
  	use +lint=PCWM for more details


Warning-[PCWM-W] Port connection width mismatch
../verilog/ddr3/ddr3_dfi_phy.v, 1786
"ISERDESE2 #("DDR", 4, , , , , , , "MEMORY", "IFD", , , , , , , , 1, , "MASTER", , , , , , , , ) u_serdes_dq_in4( .CLK (dqs_delayed_w[0]),  .CLKB ((~dqs_delayed_w[0])),  .OCLK (clk_ddr_i),  .OCLKB ((~clk_ddr_i)),  .CLKDIV (clk_i),  .RST (rst_i),  .BITSLIP (0),  .CE1 (1'b1),  .DDLY (dq_delayed_w[4]),  .D (1'b0),  .Q4 (rd_dq4_in_w[3]),  .Q3 (rd_dq4_in_w[2]),  .Q2 (rd_dq4_in_w[1]),  .Q1 (rd_dq4_in_w[0]),  .CE2 (1'b0),  .CLKDIVP (0),  .DYNCLKDIVSEL (0),  .DYNCLKSEL (0),  .OFB (0),  .SHIFTIN1 (0),  .SHIFTIN2 (0));"
  The following 32-bit expression is connected to 1-bit port "DYNCLKDIVSEL" of
  module "ISERDESE2", instance "u_serdes_dq_in4".
  Expression: 0
  	use +lint=PCWM for more details


Warning-[PCWM-W] Port connection width mismatch
../verilog/ddr3/ddr3_dfi_phy.v, 1786
"ISERDESE2 #("DDR", 4, , , , , , , "MEMORY", "IFD", , , , , , , , 1, , "MASTER", , , , , , , , ) u_serdes_dq_in4( .CLK (dqs_delayed_w[0]),  .CLKB ((~dqs_delayed_w[0])),  .OCLK (clk_ddr_i),  .OCLKB ((~clk_ddr_i)),  .CLKDIV (clk_i),  .RST (rst_i),  .BITSLIP (0),  .CE1 (1'b1),  .DDLY (dq_delayed_w[4]),  .D (1'b0),  .Q4 (rd_dq4_in_w[3]),  .Q3 (rd_dq4_in_w[2]),  .Q2 (rd_dq4_in_w[1]),  .Q1 (rd_dq4_in_w[0]),  .CE2 (1'b0),  .CLKDIVP (0),  .DYNCLKDIVSEL (0),  .DYNCLKSEL (0),  .OFB (0),  .SHIFTIN1 (0),  .SHIFTIN2 (0));"
  The following 32-bit expression is connected to 1-bit port "DYNCLKSEL" of 
  module "ISERDESE2", instance "u_serdes_dq_in4".
  Expression: 0
  	use +lint=PCWM for more details


Warning-[PCWM-W] Port connection width mismatch
../verilog/ddr3/ddr3_dfi_phy.v, 1786
"ISERDESE2 #("DDR", 4, , , , , , , "MEMORY", "IFD", , , , , , , , 1, , "MASTER", , , , , , , , ) u_serdes_dq_in4( .CLK (dqs_delayed_w[0]),  .CLKB ((~dqs_delayed_w[0])),  .OCLK (clk_ddr_i),  .OCLKB ((~clk_ddr_i)),  .CLKDIV (clk_i),  .RST (rst_i),  .BITSLIP (0),  .CE1 (1'b1),  .DDLY (dq_delayed_w[4]),  .D (1'b0),  .Q4 (rd_dq4_in_w[3]),  .Q3 (rd_dq4_in_w[2]),  .Q2 (rd_dq4_in_w[1]),  .Q1 (rd_dq4_in_w[0]),  .CE2 (1'b0),  .CLKDIVP (0),  .DYNCLKDIVSEL (0),  .DYNCLKSEL (0),  .OFB (0),  .SHIFTIN1 (0),  .SHIFTIN2 (0));"
  The following 32-bit expression is connected to 1-bit port "OFB" of module 
  "ISERDESE2", instance "u_serdes_dq_in4".
  Expression: 0
  	use +lint=PCWM for more details


Warning-[PCWM-W] Port connection width mismatch
../verilog/ddr3/ddr3_dfi_phy.v, 1786
"ISERDESE2 #("DDR", 4, , , , , , , "MEMORY", "IFD", , , , , , , , 1, , "MASTER", , , , , , , , ) u_serdes_dq_in4( .CLK (dqs_delayed_w[0]),  .CLKB ((~dqs_delayed_w[0])),  .OCLK (clk_ddr_i),  .OCLKB ((~clk_ddr_i)),  .CLKDIV (clk_i),  .RST (rst_i),  .BITSLIP (0),  .CE1 (1'b1),  .DDLY (dq_delayed_w[4]),  .D (1'b0),  .Q4 (rd_dq4_in_w[3]),  .Q3 (rd_dq4_in_w[2]),  .Q2 (rd_dq4_in_w[1]),  .Q1 (rd_dq4_in_w[0]),  .CE2 (1'b0),  .CLKDIVP (0),  .DYNCLKDIVSEL (0),  .DYNCLKSEL (0),  .OFB (0),  .SHIFTIN1 (0),  .SHIFTIN2 (0));"
  The following 32-bit expression is connected to 1-bit port "SHIFTIN1" of 
  module "ISERDESE2", instance "u_serdes_dq_in4".
  Expression: 0
  	use +lint=PCWM for more details


Warning-[PCWM-W] Port connection width mismatch
../verilog/ddr3/ddr3_dfi_phy.v, 1786
"ISERDESE2 #("DDR", 4, , , , , , , "MEMORY", "IFD", , , , , , , , 1, , "MASTER", , , , , , , , ) u_serdes_dq_in4( .CLK (dqs_delayed_w[0]),  .CLKB ((~dqs_delayed_w[0])),  .OCLK (clk_ddr_i),  .OCLKB ((~clk_ddr_i)),  .CLKDIV (clk_i),  .RST (rst_i),  .BITSLIP (0),  .CE1 (1'b1),  .DDLY (dq_delayed_w[4]),  .D (1'b0),  .Q4 (rd_dq4_in_w[3]),  .Q3 (rd_dq4_in_w[2]),  .Q2 (rd_dq4_in_w[1]),  .Q1 (rd_dq4_in_w[0]),  .CE2 (1'b0),  .CLKDIVP (0),  .DYNCLKDIVSEL (0),  .DYNCLKSEL (0),  .OFB (0),  .SHIFTIN1 (0),  .SHIFTIN2 (0));"
  The following 32-bit expression is connected to 1-bit port "SHIFTIN2" of 
  module "ISERDESE2", instance "u_serdes_dq_in4".
  Expression: 0
  	use +lint=PCWM for more details


Warning-[PCWM-W] Port connection width mismatch
../verilog/ddr3/ddr3_dfi_phy.v, 1863
"ISERDESE2 #("DDR", 4, , , , , , , "MEMORY", "IFD", , , , , , , , 1, , "MASTER", , , , , , , , ) u_serdes_dq_in5( .CLK (dqs_delayed_w[0]),  .CLKB ((~dqs_delayed_w[0])),  .OCLK (clk_ddr_i),  .OCLKB ((~clk_ddr_i)),  .CLKDIV (clk_i),  .RST (rst_i),  .BITSLIP (0),  .CE1 (1'b1),  .DDLY (dq_delayed_w[5]),  .D (1'b0),  .Q4 (rd_dq5_in_w[3]),  .Q3 (rd_dq5_in_w[2]),  .Q2 (rd_dq5_in_w[1]),  .Q1 (rd_dq5_in_w[0]),  .CE2 (1'b0),  .CLKDIVP (0),  .DYNCLKDIVSEL (0),  .DYNCLKSEL (0),  .OFB (0),  .SHIFTIN1 (0),  .SHIFTIN2 (0));"
  The following 32-bit expression is connected to 1-bit port "BITSLIP" of 
  module "ISERDESE2", instance "u_serdes_dq_in5".
  Expression: 0
  	use +lint=PCWM for more details


Warning-[PCWM-W] Port connection width mismatch
../verilog/ddr3/ddr3_dfi_phy.v, 1863
"ISERDESE2 #("DDR", 4, , , , , , , "MEMORY", "IFD", , , , , , , , 1, , "MASTER", , , , , , , , ) u_serdes_dq_in5( .CLK (dqs_delayed_w[0]),  .CLKB ((~dqs_delayed_w[0])),  .OCLK (clk_ddr_i),  .OCLKB ((~clk_ddr_i)),  .CLKDIV (clk_i),  .RST (rst_i),  .BITSLIP (0),  .CE1 (1'b1),  .DDLY (dq_delayed_w[5]),  .D (1'b0),  .Q4 (rd_dq5_in_w[3]),  .Q3 (rd_dq5_in_w[2]),  .Q2 (rd_dq5_in_w[1]),  .Q1 (rd_dq5_in_w[0]),  .CE2 (1'b0),  .CLKDIVP (0),  .DYNCLKDIVSEL (0),  .DYNCLKSEL (0),  .OFB (0),  .SHIFTIN1 (0),  .SHIFTIN2 (0));"
  The following 32-bit expression is connected to 1-bit port "CLKDIVP" of 
  module "ISERDESE2", instance "u_serdes_dq_in5".
  Expression: 0
  	use +lint=PCWM for more details


Warning-[PCWM-W] Port connection width mismatch
../verilog/ddr3/ddr3_dfi_phy.v, 1863
"ISERDESE2 #("DDR", 4, , , , , , , "MEMORY", "IFD", , , , , , , , 1, , "MASTER", , , , , , , , ) u_serdes_dq_in5( .CLK (dqs_delayed_w[0]),  .CLKB ((~dqs_delayed_w[0])),  .OCLK (clk_ddr_i),  .OCLKB ((~clk_ddr_i)),  .CLKDIV (clk_i),  .RST (rst_i),  .BITSLIP (0),  .CE1 (1'b1),  .DDLY (dq_delayed_w[5]),  .D (1'b0),  .Q4 (rd_dq5_in_w[3]),  .Q3 (rd_dq5_in_w[2]),  .Q2 (rd_dq5_in_w[1]),  .Q1 (rd_dq5_in_w[0]),  .CE2 (1'b0),  .CLKDIVP (0),  .DYNCLKDIVSEL (0),  .DYNCLKSEL (0),  .OFB (0),  .SHIFTIN1 (0),  .SHIFTIN2 (0));"
  The following 32-bit expression is connected to 1-bit port "DYNCLKDIVSEL" of
  module "ISERDESE2", instance "u_serdes_dq_in5".
  Expression: 0
  	use +lint=PCWM for more details


Warning-[PCWM-W] Port connection width mismatch
../verilog/ddr3/ddr3_dfi_phy.v, 1863
"ISERDESE2 #("DDR", 4, , , , , , , "MEMORY", "IFD", , , , , , , , 1, , "MASTER", , , , , , , , ) u_serdes_dq_in5( .CLK (dqs_delayed_w[0]),  .CLKB ((~dqs_delayed_w[0])),  .OCLK (clk_ddr_i),  .OCLKB ((~clk_ddr_i)),  .CLKDIV (clk_i),  .RST (rst_i),  .BITSLIP (0),  .CE1 (1'b1),  .DDLY (dq_delayed_w[5]),  .D (1'b0),  .Q4 (rd_dq5_in_w[3]),  .Q3 (rd_dq5_in_w[2]),  .Q2 (rd_dq5_in_w[1]),  .Q1 (rd_dq5_in_w[0]),  .CE2 (1'b0),  .CLKDIVP (0),  .DYNCLKDIVSEL (0),  .DYNCLKSEL (0),  .OFB (0),  .SHIFTIN1 (0),  .SHIFTIN2 (0));"
  The following 32-bit expression is connected to 1-bit port "DYNCLKSEL" of 
  module "ISERDESE2", instance "u_serdes_dq_in5".
  Expression: 0
  	use +lint=PCWM for more details


Warning-[PCWM-W] Port connection width mismatch
../verilog/ddr3/ddr3_dfi_phy.v, 1863
"ISERDESE2 #("DDR", 4, , , , , , , "MEMORY", "IFD", , , , , , , , 1, , "MASTER", , , , , , , , ) u_serdes_dq_in5( .CLK (dqs_delayed_w[0]),  .CLKB ((~dqs_delayed_w[0])),  .OCLK (clk_ddr_i),  .OCLKB ((~clk_ddr_i)),  .CLKDIV (clk_i),  .RST (rst_i),  .BITSLIP (0),  .CE1 (1'b1),  .DDLY (dq_delayed_w[5]),  .D (1'b0),  .Q4 (rd_dq5_in_w[3]),  .Q3 (rd_dq5_in_w[2]),  .Q2 (rd_dq5_in_w[1]),  .Q1 (rd_dq5_in_w[0]),  .CE2 (1'b0),  .CLKDIVP (0),  .DYNCLKDIVSEL (0),  .DYNCLKSEL (0),  .OFB (0),  .SHIFTIN1 (0),  .SHIFTIN2 (0));"
  The following 32-bit expression is connected to 1-bit port "OFB" of module 
  "ISERDESE2", instance "u_serdes_dq_in5".
  Expression: 0
  	use +lint=PCWM for more details


Warning-[PCWM-W] Port connection width mismatch
../verilog/ddr3/ddr3_dfi_phy.v, 1863
"ISERDESE2 #("DDR", 4, , , , , , , "MEMORY", "IFD", , , , , , , , 1, , "MASTER", , , , , , , , ) u_serdes_dq_in5( .CLK (dqs_delayed_w[0]),  .CLKB ((~dqs_delayed_w[0])),  .OCLK (clk_ddr_i),  .OCLKB ((~clk_ddr_i)),  .CLKDIV (clk_i),  .RST (rst_i),  .BITSLIP (0),  .CE1 (1'b1),  .DDLY (dq_delayed_w[5]),  .D (1'b0),  .Q4 (rd_dq5_in_w[3]),  .Q3 (rd_dq5_in_w[2]),  .Q2 (rd_dq5_in_w[1]),  .Q1 (rd_dq5_in_w[0]),  .CE2 (1'b0),  .CLKDIVP (0),  .DYNCLKDIVSEL (0),  .DYNCLKSEL (0),  .OFB (0),  .SHIFTIN1 (0),  .SHIFTIN2 (0));"
  The following 32-bit expression is connected to 1-bit port "SHIFTIN1" of 
  module "ISERDESE2", instance "u_serdes_dq_in5".
  Expression: 0
  	use +lint=PCWM for more details


Warning-[PCWM-W] Port connection width mismatch
../verilog/ddr3/ddr3_dfi_phy.v, 1863
"ISERDESE2 #("DDR", 4, , , , , , , "MEMORY", "IFD", , , , , , , , 1, , "MASTER", , , , , , , , ) u_serdes_dq_in5( .CLK (dqs_delayed_w[0]),  .CLKB ((~dqs_delayed_w[0])),  .OCLK (clk_ddr_i),  .OCLKB ((~clk_ddr_i)),  .CLKDIV (clk_i),  .RST (rst_i),  .BITSLIP (0),  .CE1 (1'b1),  .DDLY (dq_delayed_w[5]),  .D (1'b0),  .Q4 (rd_dq5_in_w[3]),  .Q3 (rd_dq5_in_w[2]),  .Q2 (rd_dq5_in_w[1]),  .Q1 (rd_dq5_in_w[0]),  .CE2 (1'b0),  .CLKDIVP (0),  .DYNCLKDIVSEL (0),  .DYNCLKSEL (0),  .OFB (0),  .SHIFTIN1 (0),  .SHIFTIN2 (0));"
  The following 32-bit expression is connected to 1-bit port "SHIFTIN2" of 
  module "ISERDESE2", instance "u_serdes_dq_in5".
  Expression: 0
  	use +lint=PCWM for more details


Warning-[PCWM-W] Port connection width mismatch
../verilog/ddr3/ddr3_dfi_phy.v, 1940
"ISERDESE2 #("DDR", 4, , , , , , , "MEMORY", "IFD", , , , , , , , 1, , "MASTER", , , , , , , , ) u_serdes_dq_in6( .CLK (dqs_delayed_w[0]),  .CLKB ((~dqs_delayed_w[0])),  .OCLK (clk_ddr_i),  .OCLKB ((~clk_ddr_i)),  .CLKDIV (clk_i),  .RST (rst_i),  .BITSLIP (0),  .CE1 (1'b1),  .DDLY (dq_delayed_w[6]),  .D (1'b0),  .Q4 (rd_dq6_in_w[3]),  .Q3 (rd_dq6_in_w[2]),  .Q2 (rd_dq6_in_w[1]),  .Q1 (rd_dq6_in_w[0]),  .CE2 (1'b0),  .CLKDIVP (0),  .DYNCLKDIVSEL (0),  .DYNCLKSEL (0),  .OFB (0),  .SHIFTIN1 (0),  .SHIFTIN2 (0));"
  The following 32-bit expression is connected to 1-bit port "BITSLIP" of 
  module "ISERDESE2", instance "u_serdes_dq_in6".
  Expression: 0
  	use +lint=PCWM for more details


Warning-[PCWM-W] Port connection width mismatch
../verilog/ddr3/ddr3_dfi_phy.v, 1940
"ISERDESE2 #("DDR", 4, , , , , , , "MEMORY", "IFD", , , , , , , , 1, , "MASTER", , , , , , , , ) u_serdes_dq_in6( .CLK (dqs_delayed_w[0]),  .CLKB ((~dqs_delayed_w[0])),  .OCLK (clk_ddr_i),  .OCLKB ((~clk_ddr_i)),  .CLKDIV (clk_i),  .RST (rst_i),  .BITSLIP (0),  .CE1 (1'b1),  .DDLY (dq_delayed_w[6]),  .D (1'b0),  .Q4 (rd_dq6_in_w[3]),  .Q3 (rd_dq6_in_w[2]),  .Q2 (rd_dq6_in_w[1]),  .Q1 (rd_dq6_in_w[0]),  .CE2 (1'b0),  .CLKDIVP (0),  .DYNCLKDIVSEL (0),  .DYNCLKSEL (0),  .OFB (0),  .SHIFTIN1 (0),  .SHIFTIN2 (0));"
  The following 32-bit expression is connected to 1-bit port "CLKDIVP" of 
  module "ISERDESE2", instance "u_serdes_dq_in6".
  Expression: 0
  	use +lint=PCWM for more details


Warning-[PCWM-W] Port connection width mismatch
../verilog/ddr3/ddr3_dfi_phy.v, 1940
"ISERDESE2 #("DDR", 4, , , , , , , "MEMORY", "IFD", , , , , , , , 1, , "MASTER", , , , , , , , ) u_serdes_dq_in6( .CLK (dqs_delayed_w[0]),  .CLKB ((~dqs_delayed_w[0])),  .OCLK (clk_ddr_i),  .OCLKB ((~clk_ddr_i)),  .CLKDIV (clk_i),  .RST (rst_i),  .BITSLIP (0),  .CE1 (1'b1),  .DDLY (dq_delayed_w[6]),  .D (1'b0),  .Q4 (rd_dq6_in_w[3]),  .Q3 (rd_dq6_in_w[2]),  .Q2 (rd_dq6_in_w[1]),  .Q1 (rd_dq6_in_w[0]),  .CE2 (1'b0),  .CLKDIVP (0),  .DYNCLKDIVSEL (0),  .DYNCLKSEL (0),  .OFB (0),  .SHIFTIN1 (0),  .SHIFTIN2 (0));"
  The following 32-bit expression is connected to 1-bit port "DYNCLKDIVSEL" of
  module "ISERDESE2", instance "u_serdes_dq_in6".
  Expression: 0
  	use +lint=PCWM for more details


Warning-[PCWM-W] Port connection width mismatch
../verilog/ddr3/ddr3_dfi_phy.v, 1940
"ISERDESE2 #("DDR", 4, , , , , , , "MEMORY", "IFD", , , , , , , , 1, , "MASTER", , , , , , , , ) u_serdes_dq_in6( .CLK (dqs_delayed_w[0]),  .CLKB ((~dqs_delayed_w[0])),  .OCLK (clk_ddr_i),  .OCLKB ((~clk_ddr_i)),  .CLKDIV (clk_i),  .RST (rst_i),  .BITSLIP (0),  .CE1 (1'b1),  .DDLY (dq_delayed_w[6]),  .D (1'b0),  .Q4 (rd_dq6_in_w[3]),  .Q3 (rd_dq6_in_w[2]),  .Q2 (rd_dq6_in_w[1]),  .Q1 (rd_dq6_in_w[0]),  .CE2 (1'b0),  .CLKDIVP (0),  .DYNCLKDIVSEL (0),  .DYNCLKSEL (0),  .OFB (0),  .SHIFTIN1 (0),  .SHIFTIN2 (0));"
  The following 32-bit expression is connected to 1-bit port "DYNCLKSEL" of 
  module "ISERDESE2", instance "u_serdes_dq_in6".
  Expression: 0
  	use +lint=PCWM for more details


Warning-[PCWM-W] Port connection width mismatch
../verilog/ddr3/ddr3_dfi_phy.v, 1940
"ISERDESE2 #("DDR", 4, , , , , , , "MEMORY", "IFD", , , , , , , , 1, , "MASTER", , , , , , , , ) u_serdes_dq_in6( .CLK (dqs_delayed_w[0]),  .CLKB ((~dqs_delayed_w[0])),  .OCLK (clk_ddr_i),  .OCLKB ((~clk_ddr_i)),  .CLKDIV (clk_i),  .RST (rst_i),  .BITSLIP (0),  .CE1 (1'b1),  .DDLY (dq_delayed_w[6]),  .D (1'b0),  .Q4 (rd_dq6_in_w[3]),  .Q3 (rd_dq6_in_w[2]),  .Q2 (rd_dq6_in_w[1]),  .Q1 (rd_dq6_in_w[0]),  .CE2 (1'b0),  .CLKDIVP (0),  .DYNCLKDIVSEL (0),  .DYNCLKSEL (0),  .OFB (0),  .SHIFTIN1 (0),  .SHIFTIN2 (0));"
  The following 32-bit expression is connected to 1-bit port "OFB" of module 
  "ISERDESE2", instance "u_serdes_dq_in6".
  Expression: 0
  	use +lint=PCWM for more details


Warning-[PCWM-W] Port connection width mismatch
../verilog/ddr3/ddr3_dfi_phy.v, 1940
"ISERDESE2 #("DDR", 4, , , , , , , "MEMORY", "IFD", , , , , , , , 1, , "MASTER", , , , , , , , ) u_serdes_dq_in6( .CLK (dqs_delayed_w[0]),  .CLKB ((~dqs_delayed_w[0])),  .OCLK (clk_ddr_i),  .OCLKB ((~clk_ddr_i)),  .CLKDIV (clk_i),  .RST (rst_i),  .BITSLIP (0),  .CE1 (1'b1),  .DDLY (dq_delayed_w[6]),  .D (1'b0),  .Q4 (rd_dq6_in_w[3]),  .Q3 (rd_dq6_in_w[2]),  .Q2 (rd_dq6_in_w[1]),  .Q1 (rd_dq6_in_w[0]),  .CE2 (1'b0),  .CLKDIVP (0),  .DYNCLKDIVSEL (0),  .DYNCLKSEL (0),  .OFB (0),  .SHIFTIN1 (0),  .SHIFTIN2 (0));"
  The following 32-bit expression is connected to 1-bit port "SHIFTIN1" of 
  module "ISERDESE2", instance "u_serdes_dq_in6".
  Expression: 0
  	use +lint=PCWM for more details


Warning-[PCWM-W] Port connection width mismatch
../verilog/ddr3/ddr3_dfi_phy.v, 1940
"ISERDESE2 #("DDR", 4, , , , , , , "MEMORY", "IFD", , , , , , , , 1, , "MASTER", , , , , , , , ) u_serdes_dq_in6( .CLK (dqs_delayed_w[0]),  .CLKB ((~dqs_delayed_w[0])),  .OCLK (clk_ddr_i),  .OCLKB ((~clk_ddr_i)),  .CLKDIV (clk_i),  .RST (rst_i),  .BITSLIP (0),  .CE1 (1'b1),  .DDLY (dq_delayed_w[6]),  .D (1'b0),  .Q4 (rd_dq6_in_w[3]),  .Q3 (rd_dq6_in_w[2]),  .Q2 (rd_dq6_in_w[1]),  .Q1 (rd_dq6_in_w[0]),  .CE2 (1'b0),  .CLKDIVP (0),  .DYNCLKDIVSEL (0),  .DYNCLKSEL (0),  .OFB (0),  .SHIFTIN1 (0),  .SHIFTIN2 (0));"
  The following 32-bit expression is connected to 1-bit port "SHIFTIN2" of 
  module "ISERDESE2", instance "u_serdes_dq_in6".
  Expression: 0
  	use +lint=PCWM for more details


Warning-[PCWM-W] Port connection width mismatch
../verilog/ddr3/ddr3_dfi_phy.v, 2017
"ISERDESE2 #("DDR", 4, , , , , , , "MEMORY", "IFD", , , , , , , , 1, , "MASTER", , , , , , , , ) u_serdes_dq_in7( .CLK (dqs_delayed_w[0]),  .CLKB ((~dqs_delayed_w[0])),  .OCLK (clk_ddr_i),  .OCLKB ((~clk_ddr_i)),  .CLKDIV (clk_i),  .RST (rst_i),  .BITSLIP (0),  .CE1 (1'b1),  .DDLY (dq_delayed_w[7]),  .D (1'b0),  .Q4 (rd_dq7_in_w[3]),  .Q3 (rd_dq7_in_w[2]),  .Q2 (rd_dq7_in_w[1]),  .Q1 (rd_dq7_in_w[0]),  .CE2 (1'b0),  .CLKDIVP (0),  .DYNCLKDIVSEL (0),  .DYNCLKSEL (0),  .OFB (0),  .SHIFTIN1 (0),  .SHIFTIN2 (0));"
  The following 32-bit expression is connected to 1-bit port "BITSLIP" of 
  module "ISERDESE2", instance "u_serdes_dq_in7".
  Expression: 0
  	use +lint=PCWM for more details


Warning-[PCWM-W] Port connection width mismatch
../verilog/ddr3/ddr3_dfi_phy.v, 2017
"ISERDESE2 #("DDR", 4, , , , , , , "MEMORY", "IFD", , , , , , , , 1, , "MASTER", , , , , , , , ) u_serdes_dq_in7( .CLK (dqs_delayed_w[0]),  .CLKB ((~dqs_delayed_w[0])),  .OCLK (clk_ddr_i),  .OCLKB ((~clk_ddr_i)),  .CLKDIV (clk_i),  .RST (rst_i),  .BITSLIP (0),  .CE1 (1'b1),  .DDLY (dq_delayed_w[7]),  .D (1'b0),  .Q4 (rd_dq7_in_w[3]),  .Q3 (rd_dq7_in_w[2]),  .Q2 (rd_dq7_in_w[1]),  .Q1 (rd_dq7_in_w[0]),  .CE2 (1'b0),  .CLKDIVP (0),  .DYNCLKDIVSEL (0),  .DYNCLKSEL (0),  .OFB (0),  .SHIFTIN1 (0),  .SHIFTIN2 (0));"
  The following 32-bit expression is connected to 1-bit port "CLKDIVP" of 
  module "ISERDESE2", instance "u_serdes_dq_in7".
  Expression: 0
  	use +lint=PCWM for more details


Warning-[PCWM-W] Port connection width mismatch
../verilog/ddr3/ddr3_dfi_phy.v, 2017
"ISERDESE2 #("DDR", 4, , , , , , , "MEMORY", "IFD", , , , , , , , 1, , "MASTER", , , , , , , , ) u_serdes_dq_in7( .CLK (dqs_delayed_w[0]),  .CLKB ((~dqs_delayed_w[0])),  .OCLK (clk_ddr_i),  .OCLKB ((~clk_ddr_i)),  .CLKDIV (clk_i),  .RST (rst_i),  .BITSLIP (0),  .CE1 (1'b1),  .DDLY (dq_delayed_w[7]),  .D (1'b0),  .Q4 (rd_dq7_in_w[3]),  .Q3 (rd_dq7_in_w[2]),  .Q2 (rd_dq7_in_w[1]),  .Q1 (rd_dq7_in_w[0]),  .CE2 (1'b0),  .CLKDIVP (0),  .DYNCLKDIVSEL (0),  .DYNCLKSEL (0),  .OFB (0),  .SHIFTIN1 (0),  .SHIFTIN2 (0));"
  The following 32-bit expression is connected to 1-bit port "DYNCLKDIVSEL" of
  module "ISERDESE2", instance "u_serdes_dq_in7".
  Expression: 0
  	use +lint=PCWM for more details


Warning-[PCWM-W] Port connection width mismatch
../verilog/ddr3/ddr3_dfi_phy.v, 2017
"ISERDESE2 #("DDR", 4, , , , , , , "MEMORY", "IFD", , , , , , , , 1, , "MASTER", , , , , , , , ) u_serdes_dq_in7( .CLK (dqs_delayed_w[0]),  .CLKB ((~dqs_delayed_w[0])),  .OCLK (clk_ddr_i),  .OCLKB ((~clk_ddr_i)),  .CLKDIV (clk_i),  .RST (rst_i),  .BITSLIP (0),  .CE1 (1'b1),  .DDLY (dq_delayed_w[7]),  .D (1'b0),  .Q4 (rd_dq7_in_w[3]),  .Q3 (rd_dq7_in_w[2]),  .Q2 (rd_dq7_in_w[1]),  .Q1 (rd_dq7_in_w[0]),  .CE2 (1'b0),  .CLKDIVP (0),  .DYNCLKDIVSEL (0),  .DYNCLKSEL (0),  .OFB (0),  .SHIFTIN1 (0),  .SHIFTIN2 (0));"
  The following 32-bit expression is connected to 1-bit port "DYNCLKSEL" of 
  module "ISERDESE2", instance "u_serdes_dq_in7".
  Expression: 0
  	use +lint=PCWM for more details


Warning-[PCWM-W] Port connection width mismatch
../verilog/ddr3/ddr3_dfi_phy.v, 2017
"ISERDESE2 #("DDR", 4, , , , , , , "MEMORY", "IFD", , , , , , , , 1, , "MASTER", , , , , , , , ) u_serdes_dq_in7( .CLK (dqs_delayed_w[0]),  .CLKB ((~dqs_delayed_w[0])),  .OCLK (clk_ddr_i),  .OCLKB ((~clk_ddr_i)),  .CLKDIV (clk_i),  .RST (rst_i),  .BITSLIP (0),  .CE1 (1'b1),  .DDLY (dq_delayed_w[7]),  .D (1'b0),  .Q4 (rd_dq7_in_w[3]),  .Q3 (rd_dq7_in_w[2]),  .Q2 (rd_dq7_in_w[1]),  .Q1 (rd_dq7_in_w[0]),  .CE2 (1'b0),  .CLKDIVP (0),  .DYNCLKDIVSEL (0),  .DYNCLKSEL (0),  .OFB (0),  .SHIFTIN1 (0),  .SHIFTIN2 (0));"
  The following 32-bit expression is connected to 1-bit port "OFB" of module 
  "ISERDESE2", instance "u_serdes_dq_in7".
  Expression: 0
  	use +lint=PCWM for more details


Warning-[PCWM-W] Port connection width mismatch
../verilog/ddr3/ddr3_dfi_phy.v, 2017
"ISERDESE2 #("DDR", 4, , , , , , , "MEMORY", "IFD", , , , , , , , 1, , "MASTER", , , , , , , , ) u_serdes_dq_in7( .CLK (dqs_delayed_w[0]),  .CLKB ((~dqs_delayed_w[0])),  .OCLK (clk_ddr_i),  .OCLKB ((~clk_ddr_i)),  .CLKDIV (clk_i),  .RST (rst_i),  .BITSLIP (0),  .CE1 (1'b1),  .DDLY (dq_delayed_w[7]),  .D (1'b0),  .Q4 (rd_dq7_in_w[3]),  .Q3 (rd_dq7_in_w[2]),  .Q2 (rd_dq7_in_w[1]),  .Q1 (rd_dq7_in_w[0]),  .CE2 (1'b0),  .CLKDIVP (0),  .DYNCLKDIVSEL (0),  .DYNCLKSEL (0),  .OFB (0),  .SHIFTIN1 (0),  .SHIFTIN2 (0));"
  The following 32-bit expression is connected to 1-bit port "SHIFTIN1" of 
  module "ISERDESE2", instance "u_serdes_dq_in7".
  Expression: 0
  	use +lint=PCWM for more details


Warning-[PCWM-W] Port connection width mismatch
../verilog/ddr3/ddr3_dfi_phy.v, 2017
"ISERDESE2 #("DDR", 4, , , , , , , "MEMORY", "IFD", , , , , , , , 1, , "MASTER", , , , , , , , ) u_serdes_dq_in7( .CLK (dqs_delayed_w[0]),  .CLKB ((~dqs_delayed_w[0])),  .OCLK (clk_ddr_i),  .OCLKB ((~clk_ddr_i)),  .CLKDIV (clk_i),  .RST (rst_i),  .BITSLIP (0),  .CE1 (1'b1),  .DDLY (dq_delayed_w[7]),  .D (1'b0),  .Q4 (rd_dq7_in_w[3]),  .Q3 (rd_dq7_in_w[2]),  .Q2 (rd_dq7_in_w[1]),  .Q1 (rd_dq7_in_w[0]),  .CE2 (1'b0),  .CLKDIVP (0),  .DYNCLKDIVSEL (0),  .DYNCLKSEL (0),  .OFB (0),  .SHIFTIN1 (0),  .SHIFTIN2 (0));"
  The following 32-bit expression is connected to 1-bit port "SHIFTIN2" of 
  module "ISERDESE2", instance "u_serdes_dq_in7".
  Expression: 0
  	use +lint=PCWM for more details


Warning-[PCWM-W] Port connection width mismatch
../verilog/ddr3/ddr3_dfi_phy.v, 2094
"ISERDESE2 #("DDR", 4, , , , , , , "MEMORY", "IFD", , , , , , , , 1, , "MASTER", , , , , , , , ) u_serdes_dq_in8( .CLK (dqs_delayed_w[1]),  .CLKB ((~dqs_delayed_w[1])),  .OCLK (clk_ddr_i),  .OCLKB ((~clk_ddr_i)),  .CLKDIV (clk_i),  .RST (rst_i),  .BITSLIP (0),  .CE1 (1'b1),  .DDLY (dq_delayed_w[8]),  .D (1'b0),  .Q4 (rd_dq8_in_w[3]),  .Q3 (rd_dq8_in_w[2]),  .Q2 (rd_dq8_in_w[1]),  .Q1 (rd_dq8_in_w[0]),  .CE2 (1'b0),  .CLKDIVP (0),  .DYNCLKDIVSEL (0),  .DYNCLKSEL (0),  .OFB (0),  .SHIFTIN1 (0),  .SHIFTIN2 (0));"
  The following 32-bit expression is connected to 1-bit port "BITSLIP" of 
  module "ISERDESE2", instance "u_serdes_dq_in8".
  Expression: 0
  	use +lint=PCWM for more details


Warning-[PCWM-W] Port connection width mismatch
../verilog/ddr3/ddr3_dfi_phy.v, 2094
"ISERDESE2 #("DDR", 4, , , , , , , "MEMORY", "IFD", , , , , , , , 1, , "MASTER", , , , , , , , ) u_serdes_dq_in8( .CLK (dqs_delayed_w[1]),  .CLKB ((~dqs_delayed_w[1])),  .OCLK (clk_ddr_i),  .OCLKB ((~clk_ddr_i)),  .CLKDIV (clk_i),  .RST (rst_i),  .BITSLIP (0),  .CE1 (1'b1),  .DDLY (dq_delayed_w[8]),  .D (1'b0),  .Q4 (rd_dq8_in_w[3]),  .Q3 (rd_dq8_in_w[2]),  .Q2 (rd_dq8_in_w[1]),  .Q1 (rd_dq8_in_w[0]),  .CE2 (1'b0),  .CLKDIVP (0),  .DYNCLKDIVSEL (0),  .DYNCLKSEL (0),  .OFB (0),  .SHIFTIN1 (0),  .SHIFTIN2 (0));"
  The following 32-bit expression is connected to 1-bit port "CLKDIVP" of 
  module "ISERDESE2", instance "u_serdes_dq_in8".
  Expression: 0
  	use +lint=PCWM for more details


Warning-[PCWM-W] Port connection width mismatch
../verilog/ddr3/ddr3_dfi_phy.v, 2094
"ISERDESE2 #("DDR", 4, , , , , , , "MEMORY", "IFD", , , , , , , , 1, , "MASTER", , , , , , , , ) u_serdes_dq_in8( .CLK (dqs_delayed_w[1]),  .CLKB ((~dqs_delayed_w[1])),  .OCLK (clk_ddr_i),  .OCLKB ((~clk_ddr_i)),  .CLKDIV (clk_i),  .RST (rst_i),  .BITSLIP (0),  .CE1 (1'b1),  .DDLY (dq_delayed_w[8]),  .D (1'b0),  .Q4 (rd_dq8_in_w[3]),  .Q3 (rd_dq8_in_w[2]),  .Q2 (rd_dq8_in_w[1]),  .Q1 (rd_dq8_in_w[0]),  .CE2 (1'b0),  .CLKDIVP (0),  .DYNCLKDIVSEL (0),  .DYNCLKSEL (0),  .OFB (0),  .SHIFTIN1 (0),  .SHIFTIN2 (0));"
  The following 32-bit expression is connected to 1-bit port "DYNCLKDIVSEL" of
  module "ISERDESE2", instance "u_serdes_dq_in8".
  Expression: 0
  	use +lint=PCWM for more details


Warning-[PCWM-W] Port connection width mismatch
../verilog/ddr3/ddr3_dfi_phy.v, 2094
"ISERDESE2 #("DDR", 4, , , , , , , "MEMORY", "IFD", , , , , , , , 1, , "MASTER", , , , , , , , ) u_serdes_dq_in8( .CLK (dqs_delayed_w[1]),  .CLKB ((~dqs_delayed_w[1])),  .OCLK (clk_ddr_i),  .OCLKB ((~clk_ddr_i)),  .CLKDIV (clk_i),  .RST (rst_i),  .BITSLIP (0),  .CE1 (1'b1),  .DDLY (dq_delayed_w[8]),  .D (1'b0),  .Q4 (rd_dq8_in_w[3]),  .Q3 (rd_dq8_in_w[2]),  .Q2 (rd_dq8_in_w[1]),  .Q1 (rd_dq8_in_w[0]),  .CE2 (1'b0),  .CLKDIVP (0),  .DYNCLKDIVSEL (0),  .DYNCLKSEL (0),  .OFB (0),  .SHIFTIN1 (0),  .SHIFTIN2 (0));"
  The following 32-bit expression is connected to 1-bit port "DYNCLKSEL" of 
  module "ISERDESE2", instance "u_serdes_dq_in8".
  Expression: 0
  	use +lint=PCWM for more details


Warning-[PCWM-W] Port connection width mismatch
../verilog/ddr3/ddr3_dfi_phy.v, 2094
"ISERDESE2 #("DDR", 4, , , , , , , "MEMORY", "IFD", , , , , , , , 1, , "MASTER", , , , , , , , ) u_serdes_dq_in8( .CLK (dqs_delayed_w[1]),  .CLKB ((~dqs_delayed_w[1])),  .OCLK (clk_ddr_i),  .OCLKB ((~clk_ddr_i)),  .CLKDIV (clk_i),  .RST (rst_i),  .BITSLIP (0),  .CE1 (1'b1),  .DDLY (dq_delayed_w[8]),  .D (1'b0),  .Q4 (rd_dq8_in_w[3]),  .Q3 (rd_dq8_in_w[2]),  .Q2 (rd_dq8_in_w[1]),  .Q1 (rd_dq8_in_w[0]),  .CE2 (1'b0),  .CLKDIVP (0),  .DYNCLKDIVSEL (0),  .DYNCLKSEL (0),  .OFB (0),  .SHIFTIN1 (0),  .SHIFTIN2 (0));"
  The following 32-bit expression is connected to 1-bit port "OFB" of module 
  "ISERDESE2", instance "u_serdes_dq_in8".
  Expression: 0
  	use +lint=PCWM for more details


Warning-[PCWM-W] Port connection width mismatch
../verilog/ddr3/ddr3_dfi_phy.v, 2094
"ISERDESE2 #("DDR", 4, , , , , , , "MEMORY", "IFD", , , , , , , , 1, , "MASTER", , , , , , , , ) u_serdes_dq_in8( .CLK (dqs_delayed_w[1]),  .CLKB ((~dqs_delayed_w[1])),  .OCLK (clk_ddr_i),  .OCLKB ((~clk_ddr_i)),  .CLKDIV (clk_i),  .RST (rst_i),  .BITSLIP (0),  .CE1 (1'b1),  .DDLY (dq_delayed_w[8]),  .D (1'b0),  .Q4 (rd_dq8_in_w[3]),  .Q3 (rd_dq8_in_w[2]),  .Q2 (rd_dq8_in_w[1]),  .Q1 (rd_dq8_in_w[0]),  .CE2 (1'b0),  .CLKDIVP (0),  .DYNCLKDIVSEL (0),  .DYNCLKSEL (0),  .OFB (0),  .SHIFTIN1 (0),  .SHIFTIN2 (0));"
  The following 32-bit expression is connected to 1-bit port "SHIFTIN1" of 
  module "ISERDESE2", instance "u_serdes_dq_in8".
  Expression: 0
  	use +lint=PCWM for more details


Warning-[PCWM-W] Port connection width mismatch
../verilog/ddr3/ddr3_dfi_phy.v, 2094
"ISERDESE2 #("DDR", 4, , , , , , , "MEMORY", "IFD", , , , , , , , 1, , "MASTER", , , , , , , , ) u_serdes_dq_in8( .CLK (dqs_delayed_w[1]),  .CLKB ((~dqs_delayed_w[1])),  .OCLK (clk_ddr_i),  .OCLKB ((~clk_ddr_i)),  .CLKDIV (clk_i),  .RST (rst_i),  .BITSLIP (0),  .CE1 (1'b1),  .DDLY (dq_delayed_w[8]),  .D (1'b0),  .Q4 (rd_dq8_in_w[3]),  .Q3 (rd_dq8_in_w[2]),  .Q2 (rd_dq8_in_w[1]),  .Q1 (rd_dq8_in_w[0]),  .CE2 (1'b0),  .CLKDIVP (0),  .DYNCLKDIVSEL (0),  .DYNCLKSEL (0),  .OFB (0),  .SHIFTIN1 (0),  .SHIFTIN2 (0));"
  The following 32-bit expression is connected to 1-bit port "SHIFTIN2" of 
  module "ISERDESE2", instance "u_serdes_dq_in8".
  Expression: 0
  	use +lint=PCWM for more details


Warning-[PCWM-W] Port connection width mismatch
../verilog/ddr3/ddr3_dfi_phy.v, 2171
"ISERDESE2 #("DDR", 4, , , , , , , "MEMORY", "IFD", , , , , , , , 1, , "MASTER", , , , , , , , ) u_serdes_dq_in9( .CLK (dqs_delayed_w[1]),  .CLKB ((~dqs_delayed_w[1])),  .OCLK (clk_ddr_i),  .OCLKB ((~clk_ddr_i)),  .CLKDIV (clk_i),  .RST (rst_i),  .BITSLIP (0),  .CE1 (1'b1),  .DDLY (dq_delayed_w[9]),  .D (1'b0),  .Q4 (rd_dq9_in_w[3]),  .Q3 (rd_dq9_in_w[2]),  .Q2 (rd_dq9_in_w[1]),  .Q1 (rd_dq9_in_w[0]),  .CE2 (1'b0),  .CLKDIVP (0),  .DYNCLKDIVSEL (0),  .DYNCLKSEL (0),  .OFB (0),  .SHIFTIN1 (0),  .SHIFTIN2 (0));"
  The following 32-bit expression is connected to 1-bit port "BITSLIP" of 
  module "ISERDESE2", instance "u_serdes_dq_in9".
  Expression: 0
  	use +lint=PCWM for more details


Warning-[PCWM-W] Port connection width mismatch
../verilog/ddr3/ddr3_dfi_phy.v, 2171
"ISERDESE2 #("DDR", 4, , , , , , , "MEMORY", "IFD", , , , , , , , 1, , "MASTER", , , , , , , , ) u_serdes_dq_in9( .CLK (dqs_delayed_w[1]),  .CLKB ((~dqs_delayed_w[1])),  .OCLK (clk_ddr_i),  .OCLKB ((~clk_ddr_i)),  .CLKDIV (clk_i),  .RST (rst_i),  .BITSLIP (0),  .CE1 (1'b1),  .DDLY (dq_delayed_w[9]),  .D (1'b0),  .Q4 (rd_dq9_in_w[3]),  .Q3 (rd_dq9_in_w[2]),  .Q2 (rd_dq9_in_w[1]),  .Q1 (rd_dq9_in_w[0]),  .CE2 (1'b0),  .CLKDIVP (0),  .DYNCLKDIVSEL (0),  .DYNCLKSEL (0),  .OFB (0),  .SHIFTIN1 (0),  .SHIFTIN2 (0));"
  The following 32-bit expression is connected to 1-bit port "CLKDIVP" of 
  module "ISERDESE2", instance "u_serdes_dq_in9".
  Expression: 0
  	use +lint=PCWM for more details


Warning-[PCWM-W] Port connection width mismatch
../verilog/ddr3/ddr3_dfi_phy.v, 2171
"ISERDESE2 #("DDR", 4, , , , , , , "MEMORY", "IFD", , , , , , , , 1, , "MASTER", , , , , , , , ) u_serdes_dq_in9( .CLK (dqs_delayed_w[1]),  .CLKB ((~dqs_delayed_w[1])),  .OCLK (clk_ddr_i),  .OCLKB ((~clk_ddr_i)),  .CLKDIV (clk_i),  .RST (rst_i),  .BITSLIP (0),  .CE1 (1'b1),  .DDLY (dq_delayed_w[9]),  .D (1'b0),  .Q4 (rd_dq9_in_w[3]),  .Q3 (rd_dq9_in_w[2]),  .Q2 (rd_dq9_in_w[1]),  .Q1 (rd_dq9_in_w[0]),  .CE2 (1'b0),  .CLKDIVP (0),  .DYNCLKDIVSEL (0),  .DYNCLKSEL (0),  .OFB (0),  .SHIFTIN1 (0),  .SHIFTIN2 (0));"
  The following 32-bit expression is connected to 1-bit port "DYNCLKDIVSEL" of
  module "ISERDESE2", instance "u_serdes_dq_in9".
  Expression: 0
  	use +lint=PCWM for more details


Warning-[PCWM-W] Port connection width mismatch
../verilog/ddr3/ddr3_dfi_phy.v, 2171
"ISERDESE2 #("DDR", 4, , , , , , , "MEMORY", "IFD", , , , , , , , 1, , "MASTER", , , , , , , , ) u_serdes_dq_in9( .CLK (dqs_delayed_w[1]),  .CLKB ((~dqs_delayed_w[1])),  .OCLK (clk_ddr_i),  .OCLKB ((~clk_ddr_i)),  .CLKDIV (clk_i),  .RST (rst_i),  .BITSLIP (0),  .CE1 (1'b1),  .DDLY (dq_delayed_w[9]),  .D (1'b0),  .Q4 (rd_dq9_in_w[3]),  .Q3 (rd_dq9_in_w[2]),  .Q2 (rd_dq9_in_w[1]),  .Q1 (rd_dq9_in_w[0]),  .CE2 (1'b0),  .CLKDIVP (0),  .DYNCLKDIVSEL (0),  .DYNCLKSEL (0),  .OFB (0),  .SHIFTIN1 (0),  .SHIFTIN2 (0));"
  The following 32-bit expression is connected to 1-bit port "DYNCLKSEL" of 
  module "ISERDESE2", instance "u_serdes_dq_in9".
  Expression: 0
  	use +lint=PCWM for more details


Warning-[PCWM-W] Port connection width mismatch
../verilog/ddr3/ddr3_dfi_phy.v, 2171
"ISERDESE2 #("DDR", 4, , , , , , , "MEMORY", "IFD", , , , , , , , 1, , "MASTER", , , , , , , , ) u_serdes_dq_in9( .CLK (dqs_delayed_w[1]),  .CLKB ((~dqs_delayed_w[1])),  .OCLK (clk_ddr_i),  .OCLKB ((~clk_ddr_i)),  .CLKDIV (clk_i),  .RST (rst_i),  .BITSLIP (0),  .CE1 (1'b1),  .DDLY (dq_delayed_w[9]),  .D (1'b0),  .Q4 (rd_dq9_in_w[3]),  .Q3 (rd_dq9_in_w[2]),  .Q2 (rd_dq9_in_w[1]),  .Q1 (rd_dq9_in_w[0]),  .CE2 (1'b0),  .CLKDIVP (0),  .DYNCLKDIVSEL (0),  .DYNCLKSEL (0),  .OFB (0),  .SHIFTIN1 (0),  .SHIFTIN2 (0));"
  The following 32-bit expression is connected to 1-bit port "OFB" of module 
  "ISERDESE2", instance "u_serdes_dq_in9".
  Expression: 0
  	use +lint=PCWM for more details


Warning-[PCWM-W] Port connection width mismatch
../verilog/ddr3/ddr3_dfi_phy.v, 2171
"ISERDESE2 #("DDR", 4, , , , , , , "MEMORY", "IFD", , , , , , , , 1, , "MASTER", , , , , , , , ) u_serdes_dq_in9( .CLK (dqs_delayed_w[1]),  .CLKB ((~dqs_delayed_w[1])),  .OCLK (clk_ddr_i),  .OCLKB ((~clk_ddr_i)),  .CLKDIV (clk_i),  .RST (rst_i),  .BITSLIP (0),  .CE1 (1'b1),  .DDLY (dq_delayed_w[9]),  .D (1'b0),  .Q4 (rd_dq9_in_w[3]),  .Q3 (rd_dq9_in_w[2]),  .Q2 (rd_dq9_in_w[1]),  .Q1 (rd_dq9_in_w[0]),  .CE2 (1'b0),  .CLKDIVP (0),  .DYNCLKDIVSEL (0),  .DYNCLKSEL (0),  .OFB (0),  .SHIFTIN1 (0),  .SHIFTIN2 (0));"
  The following 32-bit expression is connected to 1-bit port "SHIFTIN1" of 
  module "ISERDESE2", instance "u_serdes_dq_in9".
  Expression: 0
  	use +lint=PCWM for more details


Warning-[PCWM-W] Port connection width mismatch
../verilog/ddr3/ddr3_dfi_phy.v, 2171
"ISERDESE2 #("DDR", 4, , , , , , , "MEMORY", "IFD", , , , , , , , 1, , "MASTER", , , , , , , , ) u_serdes_dq_in9( .CLK (dqs_delayed_w[1]),  .CLKB ((~dqs_delayed_w[1])),  .OCLK (clk_ddr_i),  .OCLKB ((~clk_ddr_i)),  .CLKDIV (clk_i),  .RST (rst_i),  .BITSLIP (0),  .CE1 (1'b1),  .DDLY (dq_delayed_w[9]),  .D (1'b0),  .Q4 (rd_dq9_in_w[3]),  .Q3 (rd_dq9_in_w[2]),  .Q2 (rd_dq9_in_w[1]),  .Q1 (rd_dq9_in_w[0]),  .CE2 (1'b0),  .CLKDIVP (0),  .DYNCLKDIVSEL (0),  .DYNCLKSEL (0),  .OFB (0),  .SHIFTIN1 (0),  .SHIFTIN2 (0));"
  The following 32-bit expression is connected to 1-bit port "SHIFTIN2" of 
  module "ISERDESE2", instance "u_serdes_dq_in9".
  Expression: 0
  	use +lint=PCWM for more details


Warning-[PCWM-W] Port connection width mismatch
../verilog/ddr3/ddr3_dfi_phy.v, 2248
"ISERDESE2 #("DDR", 4, , , , , , , "MEMORY", "IFD", , , , , , , , 1, , "MASTER", , , , , , , , ) u_serdes_dq_in10( .CLK (dqs_delayed_w[1]),  .CLKB ((~dqs_delayed_w[1])),  .OCLK (clk_ddr_i),  .OCLKB ((~clk_ddr_i)),  .CLKDIV (clk_i),  .RST (rst_i),  .BITSLIP (0),  .CE1 (1'b1),  .DDLY (dq_delayed_w[10]),  .D (1'b0),  .Q4 (rd_dq10_in_w[3]),  .Q3 (rd_dq10_in_w[2]),  .Q2 (rd_dq10_in_w[1]),  .Q1 (rd_dq10_in_w[0]),  .CE2 (1'b0),  .CLKDIVP (0),  .DYNCLKDIVSEL (0),  .DYNCLKSEL (0),  .OFB (0),  .SHIFTIN1 (0),  .SHIFTIN2 (0));"
  The following 32-bit expression is connected to 1-bit port "BITSLIP" of 
  module "ISERDESE2", instance "u_serdes_dq_in10".
  Expression: 0
  	use +lint=PCWM for more details


Warning-[PCWM-W] Port connection width mismatch
../verilog/ddr3/ddr3_dfi_phy.v, 2248
"ISERDESE2 #("DDR", 4, , , , , , , "MEMORY", "IFD", , , , , , , , 1, , "MASTER", , , , , , , , ) u_serdes_dq_in10( .CLK (dqs_delayed_w[1]),  .CLKB ((~dqs_delayed_w[1])),  .OCLK (clk_ddr_i),  .OCLKB ((~clk_ddr_i)),  .CLKDIV (clk_i),  .RST (rst_i),  .BITSLIP (0),  .CE1 (1'b1),  .DDLY (dq_delayed_w[10]),  .D (1'b0),  .Q4 (rd_dq10_in_w[3]),  .Q3 (rd_dq10_in_w[2]),  .Q2 (rd_dq10_in_w[1]),  .Q1 (rd_dq10_in_w[0]),  .CE2 (1'b0),  .CLKDIVP (0),  .DYNCLKDIVSEL (0),  .DYNCLKSEL (0),  .OFB (0),  .SHIFTIN1 (0),  .SHIFTIN2 (0));"
  The following 32-bit expression is connected to 1-bit port "CLKDIVP" of 
  module "ISERDESE2", instance "u_serdes_dq_in10".
  Expression: 0
  	use +lint=PCWM for more details


Warning-[PCWM-W] Port connection width mismatch
../verilog/ddr3/ddr3_dfi_phy.v, 2248
"ISERDESE2 #("DDR", 4, , , , , , , "MEMORY", "IFD", , , , , , , , 1, , "MASTER", , , , , , , , ) u_serdes_dq_in10( .CLK (dqs_delayed_w[1]),  .CLKB ((~dqs_delayed_w[1])),  .OCLK (clk_ddr_i),  .OCLKB ((~clk_ddr_i)),  .CLKDIV (clk_i),  .RST (rst_i),  .BITSLIP (0),  .CE1 (1'b1),  .DDLY (dq_delayed_w[10]),  .D (1'b0),  .Q4 (rd_dq10_in_w[3]),  .Q3 (rd_dq10_in_w[2]),  .Q2 (rd_dq10_in_w[1]),  .Q1 (rd_dq10_in_w[0]),  .CE2 (1'b0),  .CLKDIVP (0),  .DYNCLKDIVSEL (0),  .DYNCLKSEL (0),  .OFB (0),  .SHIFTIN1 (0),  .SHIFTIN2 (0));"
  The following 32-bit expression is connected to 1-bit port "DYNCLKDIVSEL" of
  module "ISERDESE2", instance "u_serdes_dq_in10".
  Expression: 0
  	use +lint=PCWM for more details


Warning-[PCWM-W] Port connection width mismatch
../verilog/ddr3/ddr3_dfi_phy.v, 2248
"ISERDESE2 #("DDR", 4, , , , , , , "MEMORY", "IFD", , , , , , , , 1, , "MASTER", , , , , , , , ) u_serdes_dq_in10( .CLK (dqs_delayed_w[1]),  .CLKB ((~dqs_delayed_w[1])),  .OCLK (clk_ddr_i),  .OCLKB ((~clk_ddr_i)),  .CLKDIV (clk_i),  .RST (rst_i),  .BITSLIP (0),  .CE1 (1'b1),  .DDLY (dq_delayed_w[10]),  .D (1'b0),  .Q4 (rd_dq10_in_w[3]),  .Q3 (rd_dq10_in_w[2]),  .Q2 (rd_dq10_in_w[1]),  .Q1 (rd_dq10_in_w[0]),  .CE2 (1'b0),  .CLKDIVP (0),  .DYNCLKDIVSEL (0),  .DYNCLKSEL (0),  .OFB (0),  .SHIFTIN1 (0),  .SHIFTIN2 (0));"
  The following 32-bit expression is connected to 1-bit port "DYNCLKSEL" of 
  module "ISERDESE2", instance "u_serdes_dq_in10".
  Expression: 0
  	use +lint=PCWM for more details


Warning-[PCWM-W] Port connection width mismatch
../verilog/ddr3/ddr3_dfi_phy.v, 2248
"ISERDESE2 #("DDR", 4, , , , , , , "MEMORY", "IFD", , , , , , , , 1, , "MASTER", , , , , , , , ) u_serdes_dq_in10( .CLK (dqs_delayed_w[1]),  .CLKB ((~dqs_delayed_w[1])),  .OCLK (clk_ddr_i),  .OCLKB ((~clk_ddr_i)),  .CLKDIV (clk_i),  .RST (rst_i),  .BITSLIP (0),  .CE1 (1'b1),  .DDLY (dq_delayed_w[10]),  .D (1'b0),  .Q4 (rd_dq10_in_w[3]),  .Q3 (rd_dq10_in_w[2]),  .Q2 (rd_dq10_in_w[1]),  .Q1 (rd_dq10_in_w[0]),  .CE2 (1'b0),  .CLKDIVP (0),  .DYNCLKDIVSEL (0),  .DYNCLKSEL (0),  .OFB (0),  .SHIFTIN1 (0),  .SHIFTIN2 (0));"
  The following 32-bit expression is connected to 1-bit port "OFB" of module 
  "ISERDESE2", instance "u_serdes_dq_in10".
  Expression: 0
  	use +lint=PCWM for more details


Warning-[PCWM-W] Port connection width mismatch
../verilog/ddr3/ddr3_dfi_phy.v, 2248
"ISERDESE2 #("DDR", 4, , , , , , , "MEMORY", "IFD", , , , , , , , 1, , "MASTER", , , , , , , , ) u_serdes_dq_in10( .CLK (dqs_delayed_w[1]),  .CLKB ((~dqs_delayed_w[1])),  .OCLK (clk_ddr_i),  .OCLKB ((~clk_ddr_i)),  .CLKDIV (clk_i),  .RST (rst_i),  .BITSLIP (0),  .CE1 (1'b1),  .DDLY (dq_delayed_w[10]),  .D (1'b0),  .Q4 (rd_dq10_in_w[3]),  .Q3 (rd_dq10_in_w[2]),  .Q2 (rd_dq10_in_w[1]),  .Q1 (rd_dq10_in_w[0]),  .CE2 (1'b0),  .CLKDIVP (0),  .DYNCLKDIVSEL (0),  .DYNCLKSEL (0),  .OFB (0),  .SHIFTIN1 (0),  .SHIFTIN2 (0));"
  The following 32-bit expression is connected to 1-bit port "SHIFTIN1" of 
  module "ISERDESE2", instance "u_serdes_dq_in10".
  Expression: 0
  	use +lint=PCWM for more details


Warning-[PCWM-W] Port connection width mismatch
../verilog/ddr3/ddr3_dfi_phy.v, 2248
"ISERDESE2 #("DDR", 4, , , , , , , "MEMORY", "IFD", , , , , , , , 1, , "MASTER", , , , , , , , ) u_serdes_dq_in10( .CLK (dqs_delayed_w[1]),  .CLKB ((~dqs_delayed_w[1])),  .OCLK (clk_ddr_i),  .OCLKB ((~clk_ddr_i)),  .CLKDIV (clk_i),  .RST (rst_i),  .BITSLIP (0),  .CE1 (1'b1),  .DDLY (dq_delayed_w[10]),  .D (1'b0),  .Q4 (rd_dq10_in_w[3]),  .Q3 (rd_dq10_in_w[2]),  .Q2 (rd_dq10_in_w[1]),  .Q1 (rd_dq10_in_w[0]),  .CE2 (1'b0),  .CLKDIVP (0),  .DYNCLKDIVSEL (0),  .DYNCLKSEL (0),  .OFB (0),  .SHIFTIN1 (0),  .SHIFTIN2 (0));"
  The following 32-bit expression is connected to 1-bit port "SHIFTIN2" of 
  module "ISERDESE2", instance "u_serdes_dq_in10".
  Expression: 0
  	use +lint=PCWM for more details


Warning-[PCWM-W] Port connection width mismatch
../verilog/ddr3/ddr3_dfi_phy.v, 2325
"ISERDESE2 #("DDR", 4, , , , , , , "MEMORY", "IFD", , , , , , , , 1, , "MASTER", , , , , , , , ) u_serdes_dq_in11( .CLK (dqs_delayed_w[1]),  .CLKB ((~dqs_delayed_w[1])),  .OCLK (clk_ddr_i),  .OCLKB ((~clk_ddr_i)),  .CLKDIV (clk_i),  .RST (rst_i),  .BITSLIP (0),  .CE1 (1'b1),  .DDLY (dq_delayed_w[11]),  .D (1'b0),  .Q4 (rd_dq11_in_w[3]),  .Q3 (rd_dq11_in_w[2]),  .Q2 (rd_dq11_in_w[1]),  .Q1 (rd_dq11_in_w[0]),  .CE2 (1'b0),  .CLKDIVP (0),  .DYNCLKDIVSEL (0),  .DYNCLKSEL (0),  .OFB (0),  .SHIFTIN1 (0),  .SHIFTIN2 (0));"
  The following 32-bit expression is connected to 1-bit port "BITSLIP" of 
  module "ISERDESE2", instance "u_serdes_dq_in11".
  Expression: 0
  	use +lint=PCWM for more details


Warning-[PCWM-W] Port connection width mismatch
../verilog/ddr3/ddr3_dfi_phy.v, 2325
"ISERDESE2 #("DDR", 4, , , , , , , "MEMORY", "IFD", , , , , , , , 1, , "MASTER", , , , , , , , ) u_serdes_dq_in11( .CLK (dqs_delayed_w[1]),  .CLKB ((~dqs_delayed_w[1])),  .OCLK (clk_ddr_i),  .OCLKB ((~clk_ddr_i)),  .CLKDIV (clk_i),  .RST (rst_i),  .BITSLIP (0),  .CE1 (1'b1),  .DDLY (dq_delayed_w[11]),  .D (1'b0),  .Q4 (rd_dq11_in_w[3]),  .Q3 (rd_dq11_in_w[2]),  .Q2 (rd_dq11_in_w[1]),  .Q1 (rd_dq11_in_w[0]),  .CE2 (1'b0),  .CLKDIVP (0),  .DYNCLKDIVSEL (0),  .DYNCLKSEL (0),  .OFB (0),  .SHIFTIN1 (0),  .SHIFTIN2 (0));"
  The following 32-bit expression is connected to 1-bit port "CLKDIVP" of 
  module "ISERDESE2", instance "u_serdes_dq_in11".
  Expression: 0
  	use +lint=PCWM for more details


Warning-[PCWM-W] Port connection width mismatch
../verilog/ddr3/ddr3_dfi_phy.v, 2325
"ISERDESE2 #("DDR", 4, , , , , , , "MEMORY", "IFD", , , , , , , , 1, , "MASTER", , , , , , , , ) u_serdes_dq_in11( .CLK (dqs_delayed_w[1]),  .CLKB ((~dqs_delayed_w[1])),  .OCLK (clk_ddr_i),  .OCLKB ((~clk_ddr_i)),  .CLKDIV (clk_i),  .RST (rst_i),  .BITSLIP (0),  .CE1 (1'b1),  .DDLY (dq_delayed_w[11]),  .D (1'b0),  .Q4 (rd_dq11_in_w[3]),  .Q3 (rd_dq11_in_w[2]),  .Q2 (rd_dq11_in_w[1]),  .Q1 (rd_dq11_in_w[0]),  .CE2 (1'b0),  .CLKDIVP (0),  .DYNCLKDIVSEL (0),  .DYNCLKSEL (0),  .OFB (0),  .SHIFTIN1 (0),  .SHIFTIN2 (0));"
  The following 32-bit expression is connected to 1-bit port "DYNCLKDIVSEL" of
  module "ISERDESE2", instance "u_serdes_dq_in11".
  Expression: 0
  	use +lint=PCWM for more details


Warning-[PCWM-W] Port connection width mismatch
../verilog/ddr3/ddr3_dfi_phy.v, 2325
"ISERDESE2 #("DDR", 4, , , , , , , "MEMORY", "IFD", , , , , , , , 1, , "MASTER", , , , , , , , ) u_serdes_dq_in11( .CLK (dqs_delayed_w[1]),  .CLKB ((~dqs_delayed_w[1])),  .OCLK (clk_ddr_i),  .OCLKB ((~clk_ddr_i)),  .CLKDIV (clk_i),  .RST (rst_i),  .BITSLIP (0),  .CE1 (1'b1),  .DDLY (dq_delayed_w[11]),  .D (1'b0),  .Q4 (rd_dq11_in_w[3]),  .Q3 (rd_dq11_in_w[2]),  .Q2 (rd_dq11_in_w[1]),  .Q1 (rd_dq11_in_w[0]),  .CE2 (1'b0),  .CLKDIVP (0),  .DYNCLKDIVSEL (0),  .DYNCLKSEL (0),  .OFB (0),  .SHIFTIN1 (0),  .SHIFTIN2 (0));"
  The following 32-bit expression is connected to 1-bit port "DYNCLKSEL" of 
  module "ISERDESE2", instance "u_serdes_dq_in11".
  Expression: 0
  	use +lint=PCWM for more details


Warning-[PCWM-W] Port connection width mismatch
../verilog/ddr3/ddr3_dfi_phy.v, 2325
"ISERDESE2 #("DDR", 4, , , , , , , "MEMORY", "IFD", , , , , , , , 1, , "MASTER", , , , , , , , ) u_serdes_dq_in11( .CLK (dqs_delayed_w[1]),  .CLKB ((~dqs_delayed_w[1])),  .OCLK (clk_ddr_i),  .OCLKB ((~clk_ddr_i)),  .CLKDIV (clk_i),  .RST (rst_i),  .BITSLIP (0),  .CE1 (1'b1),  .DDLY (dq_delayed_w[11]),  .D (1'b0),  .Q4 (rd_dq11_in_w[3]),  .Q3 (rd_dq11_in_w[2]),  .Q2 (rd_dq11_in_w[1]),  .Q1 (rd_dq11_in_w[0]),  .CE2 (1'b0),  .CLKDIVP (0),  .DYNCLKDIVSEL (0),  .DYNCLKSEL (0),  .OFB (0),  .SHIFTIN1 (0),  .SHIFTIN2 (0));"
  The following 32-bit expression is connected to 1-bit port "OFB" of module 
  "ISERDESE2", instance "u_serdes_dq_in11".
  Expression: 0
  	use +lint=PCWM for more details


Warning-[PCWM-W] Port connection width mismatch
../verilog/ddr3/ddr3_dfi_phy.v, 2325
"ISERDESE2 #("DDR", 4, , , , , , , "MEMORY", "IFD", , , , , , , , 1, , "MASTER", , , , , , , , ) u_serdes_dq_in11( .CLK (dqs_delayed_w[1]),  .CLKB ((~dqs_delayed_w[1])),  .OCLK (clk_ddr_i),  .OCLKB ((~clk_ddr_i)),  .CLKDIV (clk_i),  .RST (rst_i),  .BITSLIP (0),  .CE1 (1'b1),  .DDLY (dq_delayed_w[11]),  .D (1'b0),  .Q4 (rd_dq11_in_w[3]),  .Q3 (rd_dq11_in_w[2]),  .Q2 (rd_dq11_in_w[1]),  .Q1 (rd_dq11_in_w[0]),  .CE2 (1'b0),  .CLKDIVP (0),  .DYNCLKDIVSEL (0),  .DYNCLKSEL (0),  .OFB (0),  .SHIFTIN1 (0),  .SHIFTIN2 (0));"
  The following 32-bit expression is connected to 1-bit port "SHIFTIN1" of 
  module "ISERDESE2", instance "u_serdes_dq_in11".
  Expression: 0
  	use +lint=PCWM for more details


Warning-[PCWM-W] Port connection width mismatch
../verilog/ddr3/ddr3_dfi_phy.v, 2325
"ISERDESE2 #("DDR", 4, , , , , , , "MEMORY", "IFD", , , , , , , , 1, , "MASTER", , , , , , , , ) u_serdes_dq_in11( .CLK (dqs_delayed_w[1]),  .CLKB ((~dqs_delayed_w[1])),  .OCLK (clk_ddr_i),  .OCLKB ((~clk_ddr_i)),  .CLKDIV (clk_i),  .RST (rst_i),  .BITSLIP (0),  .CE1 (1'b1),  .DDLY (dq_delayed_w[11]),  .D (1'b0),  .Q4 (rd_dq11_in_w[3]),  .Q3 (rd_dq11_in_w[2]),  .Q2 (rd_dq11_in_w[1]),  .Q1 (rd_dq11_in_w[0]),  .CE2 (1'b0),  .CLKDIVP (0),  .DYNCLKDIVSEL (0),  .DYNCLKSEL (0),  .OFB (0),  .SHIFTIN1 (0),  .SHIFTIN2 (0));"
  The following 32-bit expression is connected to 1-bit port "SHIFTIN2" of 
  module "ISERDESE2", instance "u_serdes_dq_in11".
  Expression: 0
  	use +lint=PCWM for more details


Warning-[PCWM-W] Port connection width mismatch
../verilog/ddr3/ddr3_dfi_phy.v, 2402
"ISERDESE2 #("DDR", 4, , , , , , , "MEMORY", "IFD", , , , , , , , 1, , "MASTER", , , , , , , , ) u_serdes_dq_in12( .CLK (dqs_delayed_w[1]),  .CLKB ((~dqs_delayed_w[1])),  .OCLK (clk_ddr_i),  .OCLKB ((~clk_ddr_i)),  .CLKDIV (clk_i),  .RST (rst_i),  .BITSLIP (0),  .CE1 (1'b1),  .DDLY (dq_delayed_w[12]),  .D (1'b0),  .Q4 (rd_dq12_in_w[3]),  .Q3 (rd_dq12_in_w[2]),  .Q2 (rd_dq12_in_w[1]),  .Q1 (rd_dq12_in_w[0]),  .CE2 (1'b0),  .CLKDIVP (0),  .DYNCLKDIVSEL (0),  .DYNCLKSEL (0),  .OFB (0),  .SHIFTIN1 (0),  .SHIFTIN2 (0));"
  The following 32-bit expression is connected to 1-bit port "BITSLIP" of 
  module "ISERDESE2", instance "u_serdes_dq_in12".
  Expression: 0
  	use +lint=PCWM for more details


Warning-[PCWM-W] Port connection width mismatch
../verilog/ddr3/ddr3_dfi_phy.v, 2402
"ISERDESE2 #("DDR", 4, , , , , , , "MEMORY", "IFD", , , , , , , , 1, , "MASTER", , , , , , , , ) u_serdes_dq_in12( .CLK (dqs_delayed_w[1]),  .CLKB ((~dqs_delayed_w[1])),  .OCLK (clk_ddr_i),  .OCLKB ((~clk_ddr_i)),  .CLKDIV (clk_i),  .RST (rst_i),  .BITSLIP (0),  .CE1 (1'b1),  .DDLY (dq_delayed_w[12]),  .D (1'b0),  .Q4 (rd_dq12_in_w[3]),  .Q3 (rd_dq12_in_w[2]),  .Q2 (rd_dq12_in_w[1]),  .Q1 (rd_dq12_in_w[0]),  .CE2 (1'b0),  .CLKDIVP (0),  .DYNCLKDIVSEL (0),  .DYNCLKSEL (0),  .OFB (0),  .SHIFTIN1 (0),  .SHIFTIN2 (0));"
  The following 32-bit expression is connected to 1-bit port "CLKDIVP" of 
  module "ISERDESE2", instance "u_serdes_dq_in12".
  Expression: 0
  	use +lint=PCWM for more details


Warning-[PCWM-W] Port connection width mismatch
../verilog/ddr3/ddr3_dfi_phy.v, 2402
"ISERDESE2 #("DDR", 4, , , , , , , "MEMORY", "IFD", , , , , , , , 1, , "MASTER", , , , , , , , ) u_serdes_dq_in12( .CLK (dqs_delayed_w[1]),  .CLKB ((~dqs_delayed_w[1])),  .OCLK (clk_ddr_i),  .OCLKB ((~clk_ddr_i)),  .CLKDIV (clk_i),  .RST (rst_i),  .BITSLIP (0),  .CE1 (1'b1),  .DDLY (dq_delayed_w[12]),  .D (1'b0),  .Q4 (rd_dq12_in_w[3]),  .Q3 (rd_dq12_in_w[2]),  .Q2 (rd_dq12_in_w[1]),  .Q1 (rd_dq12_in_w[0]),  .CE2 (1'b0),  .CLKDIVP (0),  .DYNCLKDIVSEL (0),  .DYNCLKSEL (0),  .OFB (0),  .SHIFTIN1 (0),  .SHIFTIN2 (0));"
  The following 32-bit expression is connected to 1-bit port "DYNCLKDIVSEL" of
  module "ISERDESE2", instance "u_serdes_dq_in12".
  Expression: 0
  	use +lint=PCWM for more details


Warning-[PCWM-W] Port connection width mismatch
../verilog/ddr3/ddr3_dfi_phy.v, 2402
"ISERDESE2 #("DDR", 4, , , , , , , "MEMORY", "IFD", , , , , , , , 1, , "MASTER", , , , , , , , ) u_serdes_dq_in12( .CLK (dqs_delayed_w[1]),  .CLKB ((~dqs_delayed_w[1])),  .OCLK (clk_ddr_i),  .OCLKB ((~clk_ddr_i)),  .CLKDIV (clk_i),  .RST (rst_i),  .BITSLIP (0),  .CE1 (1'b1),  .DDLY (dq_delayed_w[12]),  .D (1'b0),  .Q4 (rd_dq12_in_w[3]),  .Q3 (rd_dq12_in_w[2]),  .Q2 (rd_dq12_in_w[1]),  .Q1 (rd_dq12_in_w[0]),  .CE2 (1'b0),  .CLKDIVP (0),  .DYNCLKDIVSEL (0),  .DYNCLKSEL (0),  .OFB (0),  .SHIFTIN1 (0),  .SHIFTIN2 (0));"
  The following 32-bit expression is connected to 1-bit port "DYNCLKSEL" of 
  module "ISERDESE2", instance "u_serdes_dq_in12".
  Expression: 0
  	use +lint=PCWM for more details


Warning-[PCWM-W] Port connection width mismatch
../verilog/ddr3/ddr3_dfi_phy.v, 2402
"ISERDESE2 #("DDR", 4, , , , , , , "MEMORY", "IFD", , , , , , , , 1, , "MASTER", , , , , , , , ) u_serdes_dq_in12( .CLK (dqs_delayed_w[1]),  .CLKB ((~dqs_delayed_w[1])),  .OCLK (clk_ddr_i),  .OCLKB ((~clk_ddr_i)),  .CLKDIV (clk_i),  .RST (rst_i),  .BITSLIP (0),  .CE1 (1'b1),  .DDLY (dq_delayed_w[12]),  .D (1'b0),  .Q4 (rd_dq12_in_w[3]),  .Q3 (rd_dq12_in_w[2]),  .Q2 (rd_dq12_in_w[1]),  .Q1 (rd_dq12_in_w[0]),  .CE2 (1'b0),  .CLKDIVP (0),  .DYNCLKDIVSEL (0),  .DYNCLKSEL (0),  .OFB (0),  .SHIFTIN1 (0),  .SHIFTIN2 (0));"
  The following 32-bit expression is connected to 1-bit port "OFB" of module 
  "ISERDESE2", instance "u_serdes_dq_in12".
  Expression: 0
  	use +lint=PCWM for more details


Warning-[PCWM-W] Port connection width mismatch
../verilog/ddr3/ddr3_dfi_phy.v, 2402
"ISERDESE2 #("DDR", 4, , , , , , , "MEMORY", "IFD", , , , , , , , 1, , "MASTER", , , , , , , , ) u_serdes_dq_in12( .CLK (dqs_delayed_w[1]),  .CLKB ((~dqs_delayed_w[1])),  .OCLK (clk_ddr_i),  .OCLKB ((~clk_ddr_i)),  .CLKDIV (clk_i),  .RST (rst_i),  .BITSLIP (0),  .CE1 (1'b1),  .DDLY (dq_delayed_w[12]),  .D (1'b0),  .Q4 (rd_dq12_in_w[3]),  .Q3 (rd_dq12_in_w[2]),  .Q2 (rd_dq12_in_w[1]),  .Q1 (rd_dq12_in_w[0]),  .CE2 (1'b0),  .CLKDIVP (0),  .DYNCLKDIVSEL (0),  .DYNCLKSEL (0),  .OFB (0),  .SHIFTIN1 (0),  .SHIFTIN2 (0));"
  The following 32-bit expression is connected to 1-bit port "SHIFTIN1" of 
  module "ISERDESE2", instance "u_serdes_dq_in12".
  Expression: 0
  	use +lint=PCWM for more details


Warning-[PCWM-W] Port connection width mismatch
../verilog/ddr3/ddr3_dfi_phy.v, 2402
"ISERDESE2 #("DDR", 4, , , , , , , "MEMORY", "IFD", , , , , , , , 1, , "MASTER", , , , , , , , ) u_serdes_dq_in12( .CLK (dqs_delayed_w[1]),  .CLKB ((~dqs_delayed_w[1])),  .OCLK (clk_ddr_i),  .OCLKB ((~clk_ddr_i)),  .CLKDIV (clk_i),  .RST (rst_i),  .BITSLIP (0),  .CE1 (1'b1),  .DDLY (dq_delayed_w[12]),  .D (1'b0),  .Q4 (rd_dq12_in_w[3]),  .Q3 (rd_dq12_in_w[2]),  .Q2 (rd_dq12_in_w[1]),  .Q1 (rd_dq12_in_w[0]),  .CE2 (1'b0),  .CLKDIVP (0),  .DYNCLKDIVSEL (0),  .DYNCLKSEL (0),  .OFB (0),  .SHIFTIN1 (0),  .SHIFTIN2 (0));"
  The following 32-bit expression is connected to 1-bit port "SHIFTIN2" of 
  module "ISERDESE2", instance "u_serdes_dq_in12".
  Expression: 0
  	use +lint=PCWM for more details


Warning-[PCWM-W] Port connection width mismatch
../verilog/ddr3/ddr3_dfi_phy.v, 2479
"ISERDESE2 #("DDR", 4, , , , , , , "MEMORY", "IFD", , , , , , , , 1, , "MASTER", , , , , , , , ) u_serdes_dq_in13( .CLK (dqs_delayed_w[1]),  .CLKB ((~dqs_delayed_w[1])),  .OCLK (clk_ddr_i),  .OCLKB ((~clk_ddr_i)),  .CLKDIV (clk_i),  .RST (rst_i),  .BITSLIP (0),  .CE1 (1'b1),  .DDLY (dq_delayed_w[13]),  .D (1'b0),  .Q4 (rd_dq13_in_w[3]),  .Q3 (rd_dq13_in_w[2]),  .Q2 (rd_dq13_in_w[1]),  .Q1 (rd_dq13_in_w[0]),  .CE2 (1'b0),  .CLKDIVP (0),  .DYNCLKDIVSEL (0),  .DYNCLKSEL (0),  .OFB (0),  .SHIFTIN1 (0),  .SHIFTIN2 (0));"
  The following 32-bit expression is connected to 1-bit port "BITSLIP" of 
  module "ISERDESE2", instance "u_serdes_dq_in13".
  Expression: 0
  	use +lint=PCWM for more details


Warning-[PCWM-W] Port connection width mismatch
../verilog/ddr3/ddr3_dfi_phy.v, 2479
"ISERDESE2 #("DDR", 4, , , , , , , "MEMORY", "IFD", , , , , , , , 1, , "MASTER", , , , , , , , ) u_serdes_dq_in13( .CLK (dqs_delayed_w[1]),  .CLKB ((~dqs_delayed_w[1])),  .OCLK (clk_ddr_i),  .OCLKB ((~clk_ddr_i)),  .CLKDIV (clk_i),  .RST (rst_i),  .BITSLIP (0),  .CE1 (1'b1),  .DDLY (dq_delayed_w[13]),  .D (1'b0),  .Q4 (rd_dq13_in_w[3]),  .Q3 (rd_dq13_in_w[2]),  .Q2 (rd_dq13_in_w[1]),  .Q1 (rd_dq13_in_w[0]),  .CE2 (1'b0),  .CLKDIVP (0),  .DYNCLKDIVSEL (0),  .DYNCLKSEL (0),  .OFB (0),  .SHIFTIN1 (0),  .SHIFTIN2 (0));"
  The following 32-bit expression is connected to 1-bit port "CLKDIVP" of 
  module "ISERDESE2", instance "u_serdes_dq_in13".
  Expression: 0
  	use +lint=PCWM for more details


Warning-[PCWM-W] Port connection width mismatch
../verilog/ddr3/ddr3_dfi_phy.v, 2479
"ISERDESE2 #("DDR", 4, , , , , , , "MEMORY", "IFD", , , , , , , , 1, , "MASTER", , , , , , , , ) u_serdes_dq_in13( .CLK (dqs_delayed_w[1]),  .CLKB ((~dqs_delayed_w[1])),  .OCLK (clk_ddr_i),  .OCLKB ((~clk_ddr_i)),  .CLKDIV (clk_i),  .RST (rst_i),  .BITSLIP (0),  .CE1 (1'b1),  .DDLY (dq_delayed_w[13]),  .D (1'b0),  .Q4 (rd_dq13_in_w[3]),  .Q3 (rd_dq13_in_w[2]),  .Q2 (rd_dq13_in_w[1]),  .Q1 (rd_dq13_in_w[0]),  .CE2 (1'b0),  .CLKDIVP (0),  .DYNCLKDIVSEL (0),  .DYNCLKSEL (0),  .OFB (0),  .SHIFTIN1 (0),  .SHIFTIN2 (0));"
  The following 32-bit expression is connected to 1-bit port "DYNCLKDIVSEL" of
  module "ISERDESE2", instance "u_serdes_dq_in13".
  Expression: 0
  	use +lint=PCWM for more details


Warning-[PCWM-W] Port connection width mismatch
../verilog/ddr3/ddr3_dfi_phy.v, 2479
"ISERDESE2 #("DDR", 4, , , , , , , "MEMORY", "IFD", , , , , , , , 1, , "MASTER", , , , , , , , ) u_serdes_dq_in13( .CLK (dqs_delayed_w[1]),  .CLKB ((~dqs_delayed_w[1])),  .OCLK (clk_ddr_i),  .OCLKB ((~clk_ddr_i)),  .CLKDIV (clk_i),  .RST (rst_i),  .BITSLIP (0),  .CE1 (1'b1),  .DDLY (dq_delayed_w[13]),  .D (1'b0),  .Q4 (rd_dq13_in_w[3]),  .Q3 (rd_dq13_in_w[2]),  .Q2 (rd_dq13_in_w[1]),  .Q1 (rd_dq13_in_w[0]),  .CE2 (1'b0),  .CLKDIVP (0),  .DYNCLKDIVSEL (0),  .DYNCLKSEL (0),  .OFB (0),  .SHIFTIN1 (0),  .SHIFTIN2 (0));"
  The following 32-bit expression is connected to 1-bit port "DYNCLKSEL" of 
  module "ISERDESE2", instance "u_serdes_dq_in13".
  Expression: 0
  	use +lint=PCWM for more details


Warning-[PCWM-W] Port connection width mismatch
../verilog/ddr3/ddr3_dfi_phy.v, 2479
"ISERDESE2 #("DDR", 4, , , , , , , "MEMORY", "IFD", , , , , , , , 1, , "MASTER", , , , , , , , ) u_serdes_dq_in13( .CLK (dqs_delayed_w[1]),  .CLKB ((~dqs_delayed_w[1])),  .OCLK (clk_ddr_i),  .OCLKB ((~clk_ddr_i)),  .CLKDIV (clk_i),  .RST (rst_i),  .BITSLIP (0),  .CE1 (1'b1),  .DDLY (dq_delayed_w[13]),  .D (1'b0),  .Q4 (rd_dq13_in_w[3]),  .Q3 (rd_dq13_in_w[2]),  .Q2 (rd_dq13_in_w[1]),  .Q1 (rd_dq13_in_w[0]),  .CE2 (1'b0),  .CLKDIVP (0),  .DYNCLKDIVSEL (0),  .DYNCLKSEL (0),  .OFB (0),  .SHIFTIN1 (0),  .SHIFTIN2 (0));"
  The following 32-bit expression is connected to 1-bit port "OFB" of module 
  "ISERDESE2", instance "u_serdes_dq_in13".
  Expression: 0
  	use +lint=PCWM for more details


Warning-[PCWM-W] Port connection width mismatch
../verilog/ddr3/ddr3_dfi_phy.v, 2479
"ISERDESE2 #("DDR", 4, , , , , , , "MEMORY", "IFD", , , , , , , , 1, , "MASTER", , , , , , , , ) u_serdes_dq_in13( .CLK (dqs_delayed_w[1]),  .CLKB ((~dqs_delayed_w[1])),  .OCLK (clk_ddr_i),  .OCLKB ((~clk_ddr_i)),  .CLKDIV (clk_i),  .RST (rst_i),  .BITSLIP (0),  .CE1 (1'b1),  .DDLY (dq_delayed_w[13]),  .D (1'b0),  .Q4 (rd_dq13_in_w[3]),  .Q3 (rd_dq13_in_w[2]),  .Q2 (rd_dq13_in_w[1]),  .Q1 (rd_dq13_in_w[0]),  .CE2 (1'b0),  .CLKDIVP (0),  .DYNCLKDIVSEL (0),  .DYNCLKSEL (0),  .OFB (0),  .SHIFTIN1 (0),  .SHIFTIN2 (0));"
  The following 32-bit expression is connected to 1-bit port "SHIFTIN1" of 
  module "ISERDESE2", instance "u_serdes_dq_in13".
  Expression: 0
  	use +lint=PCWM for more details


Warning-[PCWM-W] Port connection width mismatch
../verilog/ddr3/ddr3_dfi_phy.v, 2479
"ISERDESE2 #("DDR", 4, , , , , , , "MEMORY", "IFD", , , , , , , , 1, , "MASTER", , , , , , , , ) u_serdes_dq_in13( .CLK (dqs_delayed_w[1]),  .CLKB ((~dqs_delayed_w[1])),  .OCLK (clk_ddr_i),  .OCLKB ((~clk_ddr_i)),  .CLKDIV (clk_i),  .RST (rst_i),  .BITSLIP (0),  .CE1 (1'b1),  .DDLY (dq_delayed_w[13]),  .D (1'b0),  .Q4 (rd_dq13_in_w[3]),  .Q3 (rd_dq13_in_w[2]),  .Q2 (rd_dq13_in_w[1]),  .Q1 (rd_dq13_in_w[0]),  .CE2 (1'b0),  .CLKDIVP (0),  .DYNCLKDIVSEL (0),  .DYNCLKSEL (0),  .OFB (0),  .SHIFTIN1 (0),  .SHIFTIN2 (0));"
  The following 32-bit expression is connected to 1-bit port "SHIFTIN2" of 
  module "ISERDESE2", instance "u_serdes_dq_in13".
  Expression: 0
  	use +lint=PCWM for more details


Warning-[PCWM-W] Port connection width mismatch
../verilog/ddr3/ddr3_dfi_phy.v, 2556
"ISERDESE2 #("DDR", 4, , , , , , , "MEMORY", "IFD", , , , , , , , 1, , "MASTER", , , , , , , , ) u_serdes_dq_in14( .CLK (dqs_delayed_w[1]),  .CLKB ((~dqs_delayed_w[1])),  .OCLK (clk_ddr_i),  .OCLKB ((~clk_ddr_i)),  .CLKDIV (clk_i),  .RST (rst_i),  .BITSLIP (0),  .CE1 (1'b1),  .DDLY (dq_delayed_w[14]),  .D (1'b0),  .Q4 (rd_dq14_in_w[3]),  .Q3 (rd_dq14_in_w[2]),  .Q2 (rd_dq14_in_w[1]),  .Q1 (rd_dq14_in_w[0]),  .CE2 (1'b0),  .CLKDIVP (0),  .DYNCLKDIVSEL (0),  .DYNCLKSEL (0),  .OFB (0),  .SHIFTIN1 (0),  .SHIFTIN2 (0));"
  The following 32-bit expression is connected to 1-bit port "BITSLIP" of 
  module "ISERDESE2", instance "u_serdes_dq_in14".
  Expression: 0
  	use +lint=PCWM for more details


Warning-[PCWM-W] Port connection width mismatch
../verilog/ddr3/ddr3_dfi_phy.v, 2556
"ISERDESE2 #("DDR", 4, , , , , , , "MEMORY", "IFD", , , , , , , , 1, , "MASTER", , , , , , , , ) u_serdes_dq_in14( .CLK (dqs_delayed_w[1]),  .CLKB ((~dqs_delayed_w[1])),  .OCLK (clk_ddr_i),  .OCLKB ((~clk_ddr_i)),  .CLKDIV (clk_i),  .RST (rst_i),  .BITSLIP (0),  .CE1 (1'b1),  .DDLY (dq_delayed_w[14]),  .D (1'b0),  .Q4 (rd_dq14_in_w[3]),  .Q3 (rd_dq14_in_w[2]),  .Q2 (rd_dq14_in_w[1]),  .Q1 (rd_dq14_in_w[0]),  .CE2 (1'b0),  .CLKDIVP (0),  .DYNCLKDIVSEL (0),  .DYNCLKSEL (0),  .OFB (0),  .SHIFTIN1 (0),  .SHIFTIN2 (0));"
  The following 32-bit expression is connected to 1-bit port "CLKDIVP" of 
  module "ISERDESE2", instance "u_serdes_dq_in14".
  Expression: 0
  	use +lint=PCWM for more details


Warning-[PCWM-W] Port connection width mismatch
../verilog/ddr3/ddr3_dfi_phy.v, 2556
"ISERDESE2 #("DDR", 4, , , , , , , "MEMORY", "IFD", , , , , , , , 1, , "MASTER", , , , , , , , ) u_serdes_dq_in14( .CLK (dqs_delayed_w[1]),  .CLKB ((~dqs_delayed_w[1])),  .OCLK (clk_ddr_i),  .OCLKB ((~clk_ddr_i)),  .CLKDIV (clk_i),  .RST (rst_i),  .BITSLIP (0),  .CE1 (1'b1),  .DDLY (dq_delayed_w[14]),  .D (1'b0),  .Q4 (rd_dq14_in_w[3]),  .Q3 (rd_dq14_in_w[2]),  .Q2 (rd_dq14_in_w[1]),  .Q1 (rd_dq14_in_w[0]),  .CE2 (1'b0),  .CLKDIVP (0),  .DYNCLKDIVSEL (0),  .DYNCLKSEL (0),  .OFB (0),  .SHIFTIN1 (0),  .SHIFTIN2 (0));"
  The following 32-bit expression is connected to 1-bit port "DYNCLKDIVSEL" of
  module "ISERDESE2", instance "u_serdes_dq_in14".
  Expression: 0
  	use +lint=PCWM for more details


Warning-[PCWM-W] Port connection width mismatch
../verilog/ddr3/ddr3_dfi_phy.v, 2556
"ISERDESE2 #("DDR", 4, , , , , , , "MEMORY", "IFD", , , , , , , , 1, , "MASTER", , , , , , , , ) u_serdes_dq_in14( .CLK (dqs_delayed_w[1]),  .CLKB ((~dqs_delayed_w[1])),  .OCLK (clk_ddr_i),  .OCLKB ((~clk_ddr_i)),  .CLKDIV (clk_i),  .RST (rst_i),  .BITSLIP (0),  .CE1 (1'b1),  .DDLY (dq_delayed_w[14]),  .D (1'b0),  .Q4 (rd_dq14_in_w[3]),  .Q3 (rd_dq14_in_w[2]),  .Q2 (rd_dq14_in_w[1]),  .Q1 (rd_dq14_in_w[0]),  .CE2 (1'b0),  .CLKDIVP (0),  .DYNCLKDIVSEL (0),  .DYNCLKSEL (0),  .OFB (0),  .SHIFTIN1 (0),  .SHIFTIN2 (0));"
  The following 32-bit expression is connected to 1-bit port "DYNCLKSEL" of 
  module "ISERDESE2", instance "u_serdes_dq_in14".
  Expression: 0
  	use +lint=PCWM for more details


Warning-[PCWM-W] Port connection width mismatch
../verilog/ddr3/ddr3_dfi_phy.v, 2556
"ISERDESE2 #("DDR", 4, , , , , , , "MEMORY", "IFD", , , , , , , , 1, , "MASTER", , , , , , , , ) u_serdes_dq_in14( .CLK (dqs_delayed_w[1]),  .CLKB ((~dqs_delayed_w[1])),  .OCLK (clk_ddr_i),  .OCLKB ((~clk_ddr_i)),  .CLKDIV (clk_i),  .RST (rst_i),  .BITSLIP (0),  .CE1 (1'b1),  .DDLY (dq_delayed_w[14]),  .D (1'b0),  .Q4 (rd_dq14_in_w[3]),  .Q3 (rd_dq14_in_w[2]),  .Q2 (rd_dq14_in_w[1]),  .Q1 (rd_dq14_in_w[0]),  .CE2 (1'b0),  .CLKDIVP (0),  .DYNCLKDIVSEL (0),  .DYNCLKSEL (0),  .OFB (0),  .SHIFTIN1 (0),  .SHIFTIN2 (0));"
  The following 32-bit expression is connected to 1-bit port "OFB" of module 
  "ISERDESE2", instance "u_serdes_dq_in14".
  Expression: 0
  	use +lint=PCWM for more details


Warning-[PCWM-W] Port connection width mismatch
../verilog/ddr3/ddr3_dfi_phy.v, 2556
"ISERDESE2 #("DDR", 4, , , , , , , "MEMORY", "IFD", , , , , , , , 1, , "MASTER", , , , , , , , ) u_serdes_dq_in14( .CLK (dqs_delayed_w[1]),  .CLKB ((~dqs_delayed_w[1])),  .OCLK (clk_ddr_i),  .OCLKB ((~clk_ddr_i)),  .CLKDIV (clk_i),  .RST (rst_i),  .BITSLIP (0),  .CE1 (1'b1),  .DDLY (dq_delayed_w[14]),  .D (1'b0),  .Q4 (rd_dq14_in_w[3]),  .Q3 (rd_dq14_in_w[2]),  .Q2 (rd_dq14_in_w[1]),  .Q1 (rd_dq14_in_w[0]),  .CE2 (1'b0),  .CLKDIVP (0),  .DYNCLKDIVSEL (0),  .DYNCLKSEL (0),  .OFB (0),  .SHIFTIN1 (0),  .SHIFTIN2 (0));"
  The following 32-bit expression is connected to 1-bit port "SHIFTIN1" of 
  module "ISERDESE2", instance "u_serdes_dq_in14".
  Expression: 0
  	use +lint=PCWM for more details


Warning-[PCWM-W] Port connection width mismatch
../verilog/ddr3/ddr3_dfi_phy.v, 2556
"ISERDESE2 #("DDR", 4, , , , , , , "MEMORY", "IFD", , , , , , , , 1, , "MASTER", , , , , , , , ) u_serdes_dq_in14( .CLK (dqs_delayed_w[1]),  .CLKB ((~dqs_delayed_w[1])),  .OCLK (clk_ddr_i),  .OCLKB ((~clk_ddr_i)),  .CLKDIV (clk_i),  .RST (rst_i),  .BITSLIP (0),  .CE1 (1'b1),  .DDLY (dq_delayed_w[14]),  .D (1'b0),  .Q4 (rd_dq14_in_w[3]),  .Q3 (rd_dq14_in_w[2]),  .Q2 (rd_dq14_in_w[1]),  .Q1 (rd_dq14_in_w[0]),  .CE2 (1'b0),  .CLKDIVP (0),  .DYNCLKDIVSEL (0),  .DYNCLKSEL (0),  .OFB (0),  .SHIFTIN1 (0),  .SHIFTIN2 (0));"
  The following 32-bit expression is connected to 1-bit port "SHIFTIN2" of 
  module "ISERDESE2", instance "u_serdes_dq_in14".
  Expression: 0
  	use +lint=PCWM for more details


Warning-[PCWM-W] Port connection width mismatch
../verilog/ddr3/ddr3_dfi_phy.v, 2633
"ISERDESE2 #("DDR", 4, , , , , , , "MEMORY", "IFD", , , , , , , , 1, , "MASTER", , , , , , , , ) u_serdes_dq_in15( .CLK (dqs_delayed_w[1]),  .CLKB ((~dqs_delayed_w[1])),  .OCLK (clk_ddr_i),  .OCLKB ((~clk_ddr_i)),  .CLKDIV (clk_i),  .RST (rst_i),  .BITSLIP (0),  .CE1 (1'b1),  .DDLY (dq_delayed_w[15]),  .D (1'b0),  .Q4 (rd_dq15_in_w[3]),  .Q3 (rd_dq15_in_w[2]),  .Q2 (rd_dq15_in_w[1]),  .Q1 (rd_dq15_in_w[0]),  .CE2 (1'b0),  .CLKDIVP (0),  .DYNCLKDIVSEL (0),  .DYNCLKSEL (0),  .OFB (0),  .SHIFTIN1 (0),  .SHIFTIN2 (0));"
  The following 32-bit expression is connected to 1-bit port "BITSLIP" of 
  module "ISERDESE2", instance "u_serdes_dq_in15".
  Expression: 0
  	use +lint=PCWM for more details


Warning-[PCWM-W] Port connection width mismatch
../verilog/ddr3/ddr3_dfi_phy.v, 2633
"ISERDESE2 #("DDR", 4, , , , , , , "MEMORY", "IFD", , , , , , , , 1, , "MASTER", , , , , , , , ) u_serdes_dq_in15( .CLK (dqs_delayed_w[1]),  .CLKB ((~dqs_delayed_w[1])),  .OCLK (clk_ddr_i),  .OCLKB ((~clk_ddr_i)),  .CLKDIV (clk_i),  .RST (rst_i),  .BITSLIP (0),  .CE1 (1'b1),  .DDLY (dq_delayed_w[15]),  .D (1'b0),  .Q4 (rd_dq15_in_w[3]),  .Q3 (rd_dq15_in_w[2]),  .Q2 (rd_dq15_in_w[1]),  .Q1 (rd_dq15_in_w[0]),  .CE2 (1'b0),  .CLKDIVP (0),  .DYNCLKDIVSEL (0),  .DYNCLKSEL (0),  .OFB (0),  .SHIFTIN1 (0),  .SHIFTIN2 (0));"
  The following 32-bit expression is connected to 1-bit port "CLKDIVP" of 
  module "ISERDESE2", instance "u_serdes_dq_in15".
  Expression: 0
  	use +lint=PCWM for more details


Warning-[PCWM-W] Port connection width mismatch
../verilog/ddr3/ddr3_dfi_phy.v, 2633
"ISERDESE2 #("DDR", 4, , , , , , , "MEMORY", "IFD", , , , , , , , 1, , "MASTER", , , , , , , , ) u_serdes_dq_in15( .CLK (dqs_delayed_w[1]),  .CLKB ((~dqs_delayed_w[1])),  .OCLK (clk_ddr_i),  .OCLKB ((~clk_ddr_i)),  .CLKDIV (clk_i),  .RST (rst_i),  .BITSLIP (0),  .CE1 (1'b1),  .DDLY (dq_delayed_w[15]),  .D (1'b0),  .Q4 (rd_dq15_in_w[3]),  .Q3 (rd_dq15_in_w[2]),  .Q2 (rd_dq15_in_w[1]),  .Q1 (rd_dq15_in_w[0]),  .CE2 (1'b0),  .CLKDIVP (0),  .DYNCLKDIVSEL (0),  .DYNCLKSEL (0),  .OFB (0),  .SHIFTIN1 (0),  .SHIFTIN2 (0));"
  The following 32-bit expression is connected to 1-bit port "DYNCLKDIVSEL" of
  module "ISERDESE2", instance "u_serdes_dq_in15".
  Expression: 0
  	use +lint=PCWM for more details


Warning-[PCWM-W] Port connection width mismatch
../verilog/ddr3/ddr3_dfi_phy.v, 2633
"ISERDESE2 #("DDR", 4, , , , , , , "MEMORY", "IFD", , , , , , , , 1, , "MASTER", , , , , , , , ) u_serdes_dq_in15( .CLK (dqs_delayed_w[1]),  .CLKB ((~dqs_delayed_w[1])),  .OCLK (clk_ddr_i),  .OCLKB ((~clk_ddr_i)),  .CLKDIV (clk_i),  .RST (rst_i),  .BITSLIP (0),  .CE1 (1'b1),  .DDLY (dq_delayed_w[15]),  .D (1'b0),  .Q4 (rd_dq15_in_w[3]),  .Q3 (rd_dq15_in_w[2]),  .Q2 (rd_dq15_in_w[1]),  .Q1 (rd_dq15_in_w[0]),  .CE2 (1'b0),  .CLKDIVP (0),  .DYNCLKDIVSEL (0),  .DYNCLKSEL (0),  .OFB (0),  .SHIFTIN1 (0),  .SHIFTIN2 (0));"
  The following 32-bit expression is connected to 1-bit port "DYNCLKSEL" of 
  module "ISERDESE2", instance "u_serdes_dq_in15".
  Expression: 0
  	use +lint=PCWM for more details


Warning-[PCWM-W] Port connection width mismatch
../verilog/ddr3/ddr3_dfi_phy.v, 2633
"ISERDESE2 #("DDR", 4, , , , , , , "MEMORY", "IFD", , , , , , , , 1, , "MASTER", , , , , , , , ) u_serdes_dq_in15( .CLK (dqs_delayed_w[1]),  .CLKB ((~dqs_delayed_w[1])),  .OCLK (clk_ddr_i),  .OCLKB ((~clk_ddr_i)),  .CLKDIV (clk_i),  .RST (rst_i),  .BITSLIP (0),  .CE1 (1'b1),  .DDLY (dq_delayed_w[15]),  .D (1'b0),  .Q4 (rd_dq15_in_w[3]),  .Q3 (rd_dq15_in_w[2]),  .Q2 (rd_dq15_in_w[1]),  .Q1 (rd_dq15_in_w[0]),  .CE2 (1'b0),  .CLKDIVP (0),  .DYNCLKDIVSEL (0),  .DYNCLKSEL (0),  .OFB (0),  .SHIFTIN1 (0),  .SHIFTIN2 (0));"
  The following 32-bit expression is connected to 1-bit port "OFB" of module 
  "ISERDESE2", instance "u_serdes_dq_in15".
  Expression: 0
  	use +lint=PCWM for more details


Warning-[PCWM-W] Port connection width mismatch
../verilog/ddr3/ddr3_dfi_phy.v, 2633
"ISERDESE2 #("DDR", 4, , , , , , , "MEMORY", "IFD", , , , , , , , 1, , "MASTER", , , , , , , , ) u_serdes_dq_in15( .CLK (dqs_delayed_w[1]),  .CLKB ((~dqs_delayed_w[1])),  .OCLK (clk_ddr_i),  .OCLKB ((~clk_ddr_i)),  .CLKDIV (clk_i),  .RST (rst_i),  .BITSLIP (0),  .CE1 (1'b1),  .DDLY (dq_delayed_w[15]),  .D (1'b0),  .Q4 (rd_dq15_in_w[3]),  .Q3 (rd_dq15_in_w[2]),  .Q2 (rd_dq15_in_w[1]),  .Q1 (rd_dq15_in_w[0]),  .CE2 (1'b0),  .CLKDIVP (0),  .DYNCLKDIVSEL (0),  .DYNCLKSEL (0),  .OFB (0),  .SHIFTIN1 (0),  .SHIFTIN2 (0));"
  The following 32-bit expression is connected to 1-bit port "SHIFTIN1" of 
  module "ISERDESE2", instance "u_serdes_dq_in15".
  Expression: 0
  	use +lint=PCWM for more details


Warning-[PCWM-W] Port connection width mismatch
../verilog/ddr3/ddr3_dfi_phy.v, 2633
"ISERDESE2 #("DDR", 4, , , , , , , "MEMORY", "IFD", , , , , , , , 1, , "MASTER", , , , , , , , ) u_serdes_dq_in15( .CLK (dqs_delayed_w[1]),  .CLKB ((~dqs_delayed_w[1])),  .OCLK (clk_ddr_i),  .OCLKB ((~clk_ddr_i)),  .CLKDIV (clk_i),  .RST (rst_i),  .BITSLIP (0),  .CE1 (1'b1),  .DDLY (dq_delayed_w[15]),  .D (1'b0),  .Q4 (rd_dq15_in_w[3]),  .Q3 (rd_dq15_in_w[2]),  .Q2 (rd_dq15_in_w[1]),  .Q1 (rd_dq15_in_w[0]),  .CE2 (1'b0),  .CLKDIVP (0),  .DYNCLKDIVSEL (0),  .DYNCLKSEL (0),  .OFB (0),  .SHIFTIN1 (0),  .SHIFTIN2 (0));"
  The following 32-bit expression is connected to 1-bit port "SHIFTIN2" of 
  module "ISERDESE2", instance "u_serdes_dq_in15".
  Expression: 0
  	use +lint=PCWM for more details


Note-[SIMU-RESOLUTION] Simulation time resolution
  Simulation time resolution is 1 PS


Warning-[DRTZ] Detect delay value roundoff to 0
  Delay from design or SDF file roundoff to 0 based on timescale
  Please use switch -diag timescale to dump detailed information.

Notice: Ports coerced to inout, use -notice for details
Starting vcs inline pass...
112 modules and 1 UDP read.
	However, due to incremental compilation, no re-compilation is necessary.
rm -f _csrc*.so pre_vcsobj_*.so share_vcsobj_*.so
ld -shared  -Bsymbolic  -o .//../simv.daidir//_csrc0.so objs/amcQw_d.o 
rm -f _csrc0.so
if [ -x ../simv ]; then chmod -x ../simv; fi
g++  -o ../simv    -Wl,-rpath-link=./ -Wl,-rpath='$ORIGIN'/simv.daidir/ -Wl,-rpath=./simv.daidir/ \
-Wl,-rpath='$ORIGIN'/simv.daidir//scsim.db.dir  -rdynamic -Wl,-E -Wl,-rpath=/home/synopsys/vcs-mx/O-2018.09-1/linux64/lib \
-L/home/synopsys/vcs-mx/O-2018.09-1/linux64/lib    _64964_archive_1.so _prev_archive_1.so \
_csrc0.so objs/udps/dxtHR.o  SIM_l.o  _csrc0.so     rmapats_mop.o rmapats.o rmar.o \
rmar_nd.o  rmar_llvm_0_1.o rmar_llvm_0_0.o       linux64_scvhdl_0.so vh/scscomm.o \
vh/scsFilelist.o    -lzerosoft_rt_stubs -lerrorinf -lsnpsmalloc -lvfs /home/synopsys/verdi/Verdi_O-2018.09-SP2/share/PLI/VCS/LINUXAMD64/pli.a \
-lvirsim -lvcsnew /home/synopsys/vcs-mx/O-2018.09-1/linux64/lib/vcs_main.o -lvcsmx \
-lreader_common /home/synopsys/vcs-mx/O-2018.09-1/linux64/lib/libBA.a -lsimprofile \
-luclinative /home/synopsys/vcs-mx/O-2018.09-1/linux64/lib/vcs_tls.o   -Wl,-whole-archive \
-Wl,-no-whole-archive         _vcs_pli_stub_.o   /home/synopsys/vcs-mx/O-2018.09-1/linux64/lib/vcs_save_restore_new.o \
/home/synopsys/verdi/Verdi_O-2018.09-SP2/share/PLI/VCS/LINUX64/pli.a -ldl -lm  -lc \
-lpthread -ldl 
../simv up to date
CPU time: 4.670 seconds to compile + .693 seconds to elab + .397 seconds to link
